NberID,Modal Verb Strength,Hedging Frequency & Type,Qualifier Density,Acknowledgement of Limitations,Caution-Signaling Connectors,Assertiveness & Voice,Active/Passive Voice Ratio,Sentence Length & Directness,Imperative-Form Occurrence,Pronoun Commitment,Novelty-Claim Strength,Jargon/Technicality Density,Emotional Valence,Evidence & Citation Usage,Practical/Impact Orientation,llm_readability
h0017,5,10,10,7,10,8,10,9,1,1,1,2,1,1,1,9
h0032,5,7,7,10,10,8,8,6,1,1,1,4,1,4,1,8
t0005,1,7,3,8,5,6,5,6,1,2,8,8,1,1,5,6
t0017,9,10,9,10,10,9,9,3,1,8,6,8,1,4,2,6
t0040,10,10,8,10,5,9,8,4,1,7,3,8,1,2,3,6
t0048,9,8,7,10,10,8,7,7,1,3,1,9,1,2,4,6
t0083,2,8,9,9,10,8,2,4,1,1,2,10,1,1,1,5
t0087,9,10,10,9,10,9,3,9,1,1,2,9,1,1,2,6
t0089,5,10,10,10,10,10,10,7,1,9,3,8,1,1,2,7
t0099,8,10,10,7,10,10,4,3,1,1,7,8,1,1,3,5
t0102,8,9,6,10,10,8,7,6,1,1,7,6,1,1,2,7
t0112,6,10,10,10,5,9,10,6,1,1,1,7,2,1,1,7
t0113,2,8,8,6,10,8,10,7,1,3,1,7,2,1,2,7
t0129,8,8,7,7,10,8,10,4,1,9,1,8,1,1,1,6
t0130,9,7,5,6,5,8,5,3,1,3,6,9,1,6,1,4
t0141,6,10,10,10,10,8,4,9,1,3,1,9,1,1,5,7
t0151,6,7,6,9,10,7,5,4,1,1,4,9,1,3,6,5
t0161,7,8,8,6,10,8,7,5,1,1,6,8,1,6,1,6
t0163,9,9,9,10,10,9,9,8,1,6,3,9,1,1,2,7
t0222,8,9,8,8,5,10,9,4,1,10,3,9,1,1,3,5
t0242,2,10,10,6,5,9,9,4,1,6,1,8,1,2,5,7
t0251,1,7,8,4,5,8,8,4,1,9,3,8,1,4,1,7
t0267,4,7,9,3,10,8,8,3,1,7,7,8,1,1,1,5
t0276,9,7,8,9,10,9,10,8,1,10,1,6,1,1,1,9
t0280,2,8,10,10,10,9,9,4,1,10,6,8,1,1,5,6
t0283,2,6,7,8,9,8,9,6,1,9,8,9,1,3,4,7
t0299,8,7,6,4,5,9,7,4,1,8,5,9,1,1,1,6
t0301,3,9,6,8,10,8,9,8,1,10,5,8,1,4,5,7
t0315,9,10,8,6,10,9,9,7,1,9,1,7,1,1,5,8
t0323,9,10,10,2,10,10,8,2,1,3,1,9,1,1,1,3
t0325,9,8,8,9,5,10,5,6,1,8,5,9,1,3,2,7
t0339,8,10,10,10,10,8,7,6,1,9,7,9,1,1,4,6
w0013,2,3,7,6,5,5,5,3,1,1,5,8,2,1,3,5
w0025,8,8,10,7,10,8,1,4,1,1,4,9,1,3,1,5
w0042,6,10,7,10,10,8,8,4,1,1,2,6,2,1,5,7
w0055,9,9,9,10,5,9,8,3,1,1,2,7,1,1,6,7
w0060,5,10,10,10,10,8,3,7,1,1,1,9,1,2,1,6
w0067,9,10,10,10,10,9,9,7,1,7,6,7,1,1,1,8
w0088,9,10,10,10,10,9,2,7,1,1,7,8,2,6,2,7
w0090,10,10,10,3,5,10,1,4,1,1,2,9,1,1,1,6
w0104,6,7,8,9,10,7,5,4,1,1,1,6,1,1,1,6
w0112,9,10,10,10,10,9,8,7,1,10,2,8,1,1,1,7
w0121,6,7,5,9,10,8,9,6,1,1,1,7,2,1,2,7
w0134,9,10,10,10,10,9,3,7,1,6,1,7,1,1,2,7
w0135,2,6,6,10,10,8,8,3,1,1,6,8,3,4,8,5
w0137,8,10,10,9,10,9,9,6,1,1,1,6,1,2,1,7
w0138,5,8,9,4,7,6,7,5,1,9,1,6,1,1,2,7
w0150,10,10,10,7,10,9,10,5,1,9,3,9,1,1,2,6
w0153,5,10,10,10,10,10,8,6,1,1,1,6,1,2,3,8
w0172,9,10,10,10,10,9,2,4,1,6,1,8,1,2,3,6
w0177,9,10,10,10,10,8,9,7,1,1,3,7,1,1,1,7
w0178,5,10,10,10,10,8,10,8,1,1,2,6,1,3,3,9
w0199,9,9,8,10,5,8,10,7,1,6,1,4,1,1,1,7
w0201,7,7,8,6,5,8,8,4,1,1,1,7,2,1,8,6
w0208,9,10,10,10,5,8,9,8,1,6,5,6,1,1,1,8
w0239,7,9,6,10,10,8,9,4,1,1,1,8,1,1,2,6
w0241,2,8,8,10,5,8,10,7,1,1,1,8,1,1,1,6
w0242,2,7,9,10,10,7,5,7,1,1,1,5,1,2,5,8
w0243,8,10,7,9,10,8,3,5,1,1,1,7,1,1,6,6
w0249,2,10,10,10,10,10,9,7,1,1,1,8,1,3,1,6
w0250,9,10,9,10,10,9,10,8,1,1,9,5,1,4,3,8
w0253,2,4,8,7,10,6,10,4,1,7,1,7,1,1,5,6
w0278,10,7,7,3,5,6,8,3,1,3,1,7,1,1,1,5
w0283,5,4,3,3,5,6,5,3,1,1,5,7,1,4,5,6
w0288,2,8,10,10,10,8,4,5,1,1,2,7,1,1,4,7
w0319,1,7,8,10,10,8,5,7,1,1,1,8,1,1,6,7
w0326,7,8,8,10,5,8,8,3,1,1,5,8,1,1,1,5
w0330,5,6,7,8,5,7,5,6,1,1,1,6,1,6,2,8
w0335,6,8,8,10,10,6,1,7,1,1,1,8,1,1,3,7
w0343,7,7,8,10,10,8,8,3,1,3,3,9,1,2,2,4
w0352,6,8,8,4,10,8,4,9,1,1,1,9,1,1,1,5
w0356,8,9,8,5,5,8,7,4,1,2,2,8,2,1,2,6
w0362,3,3,7,5,10,7,9,3,1,3,4,7,1,2,6,5
w0376,4,3,4,10,10,6,1,3,1,1,1,7,1,1,3,6
w0401,8,8,8,3,5,9,9,6,1,1,1,7,1,1,2,7
w0405,1,3,7,5,10,7,9,6,1,3,2,7,1,1,5,6
w0421,7,10,10,10,10,9,9,4,1,1,1,8,1,1,1,6
w0431,9,10,10,7,5,9,5,6,1,1,1,8,2,4,1,6
w0432,6,9,6,9,10,8,9,6,1,1,1,7,1,2,2,7
w0445,7,9,10,10,10,8,9,8,1,1,6,7,2,1,3,8
w0450,2,8,8,10,10,9,3,3,1,1,1,7,1,1,1,6
w0468,10,10,10,8,10,10,2,7,1,1,4,7,1,1,5,7
w0484,10,8,8,8,10,9,6,6,1,1,1,7,2,7,2,7
w0500,4,8,9,2,5,7,4,3,1,1,1,8,1,1,5,6
w0502,4,8,9,4,10,8,5,6,1,1,1,6,1,1,2,8
w0506,10,10,9,9,5,9,5,3,1,1,2,8,2,1,5,5
w0520,1,6,7,9,5,6,7,3,1,1,1,8,1,2,5,6
w0544,5,10,10,10,10,8,3,5,1,1,1,6,1,1,5,7
w0546,10,9,9,4,5,9,5,3,1,1,1,7,1,1,1,6
w0553,2,3,4,10,10,6,9,8,1,1,2,6,1,3,5,8
w0567,1,7,7,4,5,6,7,3,1,3,1,8,1,1,4,5
w0570,1,10,9,10,10,9,8,3,1,7,9,8,1,1,1,6
w0577,6,9,10,4,10,9,10,4,1,3,1,6,3,1,3,7
w0586,1,7,6,4,5,7,5,6,1,1,1,8,1,1,2,5
w0588,1,4,6,10,10,4,8,2,1,1,5,6,1,1,3,6
w0590,5,10,7,9,10,9,3,2,1,1,1,9,1,1,4,4
w0599,8,9,8,7,5,7,8,7,1,1,2,8,1,1,1,6
w0617,5,8,7,4,10,8,3,6,1,1,5,6,1,2,2,7
w0626,8,10,10,10,2,9,7,6,1,9,1,8,1,1,5,7
w0659,2,6,4,3,10,8,7,3,1,9,1,6,2,6,5,5
w0660,5,9,7,9,10,8,5,3,1,1,1,8,1,1,1,5
w0675,10,9,9,3,10,10,7,7,1,1,1,7,1,1,3,7
w0677,2,7,8,9,10,8,5,6,1,1,1,6,1,2,3,7
w0685,1,8,8,10,10,8,9,4,1,1,1,8,3,1,1,6
w0686,10,10,10,7,10,9,10,4,1,3,6,7,1,2,1,6
w0687,1,3,4,4,5,6,9,3,1,1,5,4,2,1,3,7
w0711,3,7,8,9,10,8,6,4,1,7,6,7,1,5,5,7
w0720,2,10,8,4,10,8,8,8,1,1,1,7,1,3,1,8
w0722,9,8,6,10,10,8,7,4,1,6,1,4,1,4,3,7
w0727,9,10,6,4,10,9,2,2,1,1,1,4,1,1,3,5
w0744,9,10,7,10,5,9,7,4,1,1,8,8,1,2,4,6
w0756,7,10,10,10,10,9,9,9,1,6,4,8,1,1,1,6
w0779,5,10,10,10,10,8,9,7,1,1,1,6,1,1,1,6
w0786,10,10,10,10,10,10,8,4,1,1,1,8,1,6,1,6
w0807,10,9,8,6,5,8,6,3,1,3,1,9,2,1,6,5
w0835,9,10,8,10,5,9,8,3,1,1,8,7,2,1,7,6
w0840,9,10,4,2,6,9,3,4,1,1,1,7,1,1,1,6
w0855,1,8,9,4,5,7,5,4,1,1,1,7,1,4,1,6
w0870,8,10,10,10,10,9,6,6,1,1,3,8,1,3,1,7
w0882,5,8,8,9,10,8,3,4,1,1,1,9,1,1,1,5
w0885,8,10,10,10,5,9,8,3,1,3,1,9,1,1,5,6
w0888,6,6,5,3,5,7,7,3,1,8,1,8,1,1,2,4
w0891,5,8,8,6,10,8,8,7,1,1,1,7,1,1,1,8
w0897,7,8,8,9,10,8,8,6,1,7,3,6,2,2,5,7
w0898,9,8,7,10,10,9,9,6,1,9,1,9,2,1,1,6
w0905,3,7,8,4,5,7,2,3,1,1,5,8,1,2,4,6
w0970,8,10,10,10,10,9,8,6,1,1,1,4,1,1,3,7
w0975,9,10,6,9,5,9,7,3,2,6,1,8,1,1,4,5
w0978,9,10,9,10,5,9,10,8,1,1,1,8,1,1,3,7
w0987,9,10,10,10,10,10,10,9,1,8,1,8,1,1,5,7
w0991,7,10,9,8,5,10,7,7,1,1,1,6,1,1,1,8
w10002,4,6,7,10,10,5,7,4,1,8,6,7,1,2,7,7
w10003,2,4,4,10,10,7,7,4,1,9,5,8,1,1,2,5
w10014,3,7,7,8,5,8,9,4,1,7,2,7,1,3,3,6
w10016,2,7,7,9,10,8,10,4,1,10,1,7,1,1,1,6
w10038,7,8,8,10,10,9,9,8,1,8,1,6,1,3,1,9
w1004,1,4,7,10,10,4,10,6,1,7,1,6,1,1,5,8
w10055,9,10,8,10,6,9,9,9,1,8,7,6,2,1,5,9
w10056,10,7,6,10,10,9,9,6,1,1,1,8,1,1,5,7
w1006,8,9,6,9,10,9,4,3,1,1,4,7,2,3,2,5
w10070,3,3,4,8,5,5,6,3,1,9,2,7,1,2,5,6
w10078,5,10,8,10,5,10,9,3,1,9,1,9,1,3,1,6
w10082,9,10,10,10,10,9,7,4,1,10,1,8,1,1,2,7
w10083,7,7,6,10,10,8,9,7,1,6,1,4,1,3,2,8
w10102,10,10,8,10,10,9,8,7,1,3,5,6,1,1,2,8
w10109,6,8,8,9,5,8,9,3,1,1,1,7,1,1,7,6
w10113,1,8,7,6,5,6,8,4,1,9,1,3,1,2,2,7
w10118,3,7,8,9,5,8,9,6,1,8,5,7,1,3,5,8
w10121,7,8,8,4,5,9,10,8,1,9,1,7,1,2,5,8
w10132,10,10,10,6,10,10,9,9,1,8,1,7,1,1,2,8
w10151,2,8,8,10,10,9,10,7,1,9,1,9,1,3,5,8
w10159,3,3,3,3,5,4,8,4,1,9,1,7,2,6,6,7
w10175,10,8,8,6,10,9,7,8,1,9,1,6,2,3,4,9
w10187,8,10,10,10,10,10,9,7,1,6,2,8,1,4,2,8
w1019,7,8,9,9,10,8,9,8,1,3,1,7,2,2,1,7
w10198,8,8,7,9,10,8,8,6,1,9,3,6,1,1,1,7
w10220,5,7,6,3,5,7,5,3,1,6,1,8,2,1,5,5
w10231,5,10,10,8,10,10,9,8,1,9,7,8,1,1,1,7
w10234,8,8,8,10,10,9,9,8,1,9,1,2,1,2,2,9
w10241,6,9,6,2,10,9,9,5,1,7,2,7,1,1,3,6
w10251,8,7,7,10,5,9,10,8,1,10,7,6,1,2,7,9
w10259,1,3,3,4,5,2,9,3,1,3,1,8,1,1,3,5
w10260,9,10,9,10,10,9,10,4,1,9,9,7,2,6,2,6
w10275,9,10,10,10,5,10,10,8,1,10,1,6,1,1,1,9
w10278,7,10,10,4,10,9,9,5,1,10,7,9,1,2,5,6
w10292,3,4,6,9,5,6,8,3,1,8,8,7,2,1,5,6
w10307,5,10,9,10,5,9,8,4,1,10,7,7,3,4,1,7
w10314,9,8,8,10,10,9,9,6,1,10,8,8,1,7,6,7
w10324,7,8,8,6,5,8,5,7,1,4,1,5,1,6,8,9
w10351,9,8,8,9,10,9,8,6,1,4,5,8,2,3,2,7
w10358,10,9,8,8,10,9,10,3,1,9,5,9,1,3,1,5
w10365,9,8,9,10,5,9,8,4,1,6,1,3,1,3,5,7
w10415,8,9,10,10,5,8,10,9,1,1,1,4,1,2,6,9
w10428,1,6,9,10,10,7,7,4,1,6,5,9,1,1,3,6
w10438,3,3,4,4,5,4,7,4,1,3,1,3,1,6,1,7
w10440,4,6,7,5,5,4,7,6,1,8,1,3,1,2,6,8
w10450,5,10,10,6,10,9,7,8,1,7,1,9,1,2,1,8
w10457,9,10,10,10,10,10,9,8,1,3,6,8,1,4,1,7
w10458,7,8,8,10,10,8,4,3,1,1,4,9,1,3,3,6
w10501,9,8,8,10,10,9,9,6,1,1,5,5,1,3,2,8
w10514,6,10,10,7,10,9,9,9,1,4,1,2,1,1,2,9
w10516,3,4,7,7,5,7,9,4,1,10,1,8,1,2,6,6
w10518,2,7,8,3,8,8,9,3,1,10,4,7,1,1,3,6
w10522,8,8,7,8,10,9,7,9,1,6,1,3,1,1,5,9
w10540,9,10,8,7,10,10,10,6,1,8,2,9,1,1,1,7
w10543,5,6,9,10,10,8,10,7,1,4,2,6,2,4,3,8
w10548,9,8,5,10,10,9,9,4,1,10,1,7,1,1,1,6
w10552,5,6,6,7,5,6,8,4,1,7,3,6,2,3,8,7
w10570,9,10,7,8,5,8,10,8,1,10,1,3,1,1,3,9
w10592,3,6,7,9,5,8,9,8,1,9,1,8,1,2,1,7
w10598,2,6,6,3,10,7,5,7,1,2,1,6,1,2,4,8
w10606,2,8,6,10,10,8,9,6,1,8,1,4,1,3,1,8
w10609,5,8,9,10,5,8,10,7,1,10,1,6,1,3,3,8
w10622,5,4,6,10,10,4,5,7,1,1,1,8,1,2,6,7
w10647,3,4,6,8,5,7,8,6,1,8,2,6,1,3,5,8
w10663,3,4,5,2,5,4,8,4,1,8,6,7,1,6,5,6
w10664,9,10,6,10,10,9,10,4,1,1,1,7,1,1,5,6
w10666,5,4,6,3,5,5,8,6,1,6,1,6,1,2,5,7
w10667,8,7,7,8,10,8,7,7,1,7,1,6,1,2,1,8
w10679,3,10,9,6,10,7,10,8,1,1,1,7,2,1,6,8
w10684,2,3,4,2,5,4,6,3,1,6,5,6,1,2,1,6
w10707,5,8,7,10,5,9,10,6,1,3,7,8,1,1,1,7
w10713,9,8,9,7,10,8,7,7,1,1,1,3,1,8,3,9
w10720,7,8,9,9,5,8,9,4,1,9,3,6,1,2,4,7
w10723,9,10,4,7,10,8,9,5,1,9,1,8,1,1,2,6
w10734,7,10,9,10,5,8,5,3,1,9,1,8,1,2,1,5
w10737,6,9,10,6,10,9,10,6,1,9,1,7,1,1,5,7
w1075,8,7,8,9,10,9,6,3,1,8,1,9,1,1,1,5
w10763,3,4,6,9,5,8,8,6,1,8,1,5,1,7,5,7
w10764,9,10,9,10,10,10,10,8,1,9,1,9,2,2,2,7
w1077,6,8,8,9,10,8,8,4,1,7,5,8,1,3,1,6
w10777,10,8,7,7,5,8,10,8,1,4,1,6,1,2,1,9
w10778,5,7,5,10,5,7,9,4,1,6,1,3,2,2,1,7
w10784,8,10,3,10,10,9,7,5,1,9,1,7,1,7,3,7
w10792,9,10,9,9,10,9,9,8,1,9,1,8,1,3,5,7
w10803,6,9,10,10,6,9,9,8,1,9,3,4,1,3,6,9
w10811,7,9,8,10,10,9,10,7,1,9,1,6,1,1,1,8
w10816,5,10,10,10,10,10,10,8,1,10,1,8,1,1,4,8
w10835,8,8,7,9,10,8,9,6,1,8,1,7,1,2,3,7
w10836,8,9,8,8,10,9,10,3,1,9,6,7,1,1,2,6
w10841,9,8,9,6,10,9,9,7,1,6,4,6,2,5,2,8
w10887,10,6,6,4,10,9,7,4,1,6,1,4,1,7,5,8
w1089,5,9,9,10,10,9,6,3,1,1,2,7,1,1,3,6
w10891,9,10,10,10,10,10,10,7,1,9,3,8,1,1,2,8
w10930,7,7,7,5,10,8,9,6,1,9,1,6,1,7,6,8
w10932,6,8,9,3,5,7,4,5,1,1,1,3,2,1,6,8
w10959,10,10,8,10,10,9,9,8,1,4,7,7,3,1,4,8
w10963,2,7,6,3,10,8,8,6,1,8,5,7,1,3,3,7
w10972,8,9,9,3,10,9,10,8,1,3,1,7,1,1,5,8
w10976,3,6,8,8,10,7,9,3,1,6,1,7,1,1,6,6
w10986,10,10,10,10,10,8,10,7,1,10,1,6,1,2,1,8
w10989,3,9,5,8,10,8,9,3,1,9,1,6,2,3,6,6
w10991,7,8,8,7,5,8,9,7,1,8,1,3,1,1,3,8
w11001,1,6,5,9,5,7,9,7,1,7,1,7,1,2,5,8
w11004,5,8,9,9,10,8,10,7,1,9,6,8,1,1,1,7
w11005,7,9,8,10,10,9,8,6,1,10,1,6,1,1,3,8
w11014,9,10,10,10,10,10,8,3,1,7,7,8,1,1,2,6
w11015,3,6,9,9,5,7,9,7,1,8,1,9,1,1,1,6
w11017,1,7,9,10,10,9,7,3,1,6,6,8,1,1,5,6
w11018,8,8,10,10,5,7,10,8,1,7,1,6,1,2,1,8
w11019,8,8,8,10,10,8,10,6,1,10,7,4,1,4,5,8
w11030,9,6,7,4,5,8,10,4,1,8,1,7,1,1,5,7
w11043,2,8,8,10,10,9,9,8,1,8,1,7,1,3,1,8
w11071,4,8,10,6,10,7,10,6,1,6,1,6,1,1,6,8
w11072,8,8,10,9,10,8,9,9,1,9,1,3,1,2,1,9
w11074,3,10,10,3,5,9,10,8,1,9,6,4,1,6,7,9
w11076,5,9,7,7,10,10,10,6,1,10,1,7,1,1,1,7
w11088,4,10,8,10,5,9,9,6,1,3,6,8,1,2,1,6
w11094,1,8,10,10,10,9,10,6,1,10,5,7,1,1,5,8
w11104,9,10,10,10,10,10,10,6,1,9,1,8,1,1,1,7
w11147,6,9,9,10,5,9,9,7,1,7,1,7,2,2,3,7
w11155,9,10,9,10,10,9,9,5,1,8,7,7,1,3,2,7
w11159,3,3,3,7,6,6,9,2,1,10,5,9,1,4,3,4
w1116,3,7,7,6,6,7,8,3,1,6,5,7,2,3,2,6
w11185,9,9,9,10,10,9,9,8,1,10,1,9,1,1,5,7
w11191,8,8,6,4,10,9,9,3,1,10,6,8,1,2,1,4
w11202,8,6,4,5,10,7,9,4,1,9,1,5,1,8,2,8
w11205,9,10,9,10,10,9,10,3,1,10,1,6,1,1,1,7
w11208,7,9,8,10,10,8,5,3,1,1,6,8,1,2,5,5
w1122,9,10,9,3,5,9,9,5,1,9,1,7,2,1,1,7
w11236,5,6,7,9,5,8,9,4,1,9,1,4,1,2,3,7
w11245,2,8,10,9,10,9,10,7,1,2,1,7,1,1,1,7
w11258,1,10,10,10,10,9,8,4,1,9,7,6,1,4,5,7
w11259,8,10,10,10,10,9,9,3,1,1,2,9,1,1,4,4
w11264,5,9,7,7,5,8,10,4,1,10,5,7,2,3,2,7
w11287,6,4,4,3,5,7,9,6,1,8,1,2,1,7,2,8
w1129,3,9,6,7,5,8,4,6,1,3,3,8,1,1,2,6
w11292,2,9,10,6,10,9,10,4,1,10,5,7,1,4,3,7
w11307,2,7,8,10,10,6,9,8,1,6,1,7,1,6,5,8
w1138,4,7,7,5,5,6,8,4,1,1,1,8,1,1,6,6
w11402,8,8,6,9,10,8,9,8,1,3,1,3,2,1,7,8
w11405,9,10,4,10,10,9,9,7,1,8,3,3,3,8,6,8
w11408,8,10,10,10,5,9,9,5,1,10,4,8,1,1,6,6
w11421,7,6,7,3,5,7,9,3,1,6,1,7,1,6,6,6
w11455,8,9,8,9,5,8,10,4,1,10,1,7,1,6,2,7
w11458,7,8,10,10,5,9,9,7,1,9,1,6,1,1,5,8
w11461,8,9,6,10,10,9,9,5,1,10,1,9,1,2,5,6
w11462,8,9,6,4,10,9,9,6,1,1,1,8,1,1,1,7
w11474,2,8,8,9,5,8,7,6,1,9,1,4,1,3,2,8
w11476,5,10,10,5,10,9,9,6,1,10,1,9,1,1,1,6
w11478,8,8,6,6,10,8,9,5,1,10,1,7,2,8,5,7
w11494,5,9,6,10,5,9,9,4,1,6,7,5,2,1,1,7
w11495,9,10,10,10,10,9,10,8,1,1,7,8,2,1,2,8
w11506,9,10,7,9,10,10,9,9,1,8,3,6,1,1,5,8
w11516,6,8,9,10,10,8,7,7,1,3,1,4,1,6,5,9
w11525,2,6,7,4,10,8,9,6,1,9,1,6,1,1,3,8
w11530,8,8,8,9,5,8,8,9,1,7,7,3,2,6,2,9
w11535,1,6,6,10,10,7,9,5,1,9,4,7,1,1,5,7
w11546,7,10,10,10,10,9,9,8,1,1,1,6,2,3,2,8
w11550,1,3,8,6,5,6,9,4,1,9,3,6,1,1,7,7
w11551,10,10,4,10,5,9,9,6,1,7,6,7,2,1,6,7
w11555,2,7,7,5,5,8,6,3,1,7,1,7,1,2,3,6
w11577,8,9,8,9,10,9,5,6,1,5,1,5,1,3,2,8
w11596,3,9,8,9,10,8,9,4,1,9,1,8,2,6,2,6
w11601,9,6,4,10,10,8,10,7,1,9,1,7,2,7,5,8
w11611,8,8,6,10,10,8,8,7,1,8,1,6,2,6,5,8
w11616,3,6,7,9,10,7,8,3,1,1,1,6,1,2,6,6
w11619,2,2,3,7,10,3,10,6,1,8,1,2,1,2,5,8
w11622,3,8,7,4,5,8,8,5,1,6,1,8,2,5,5,6
w11664,6,8,9,10,5,8,10,7,1,8,1,4,1,1,5,8
w11676,5,8,8,8,10,9,10,7,1,10,1,5,1,2,5,8
w11680,2,4,6,9,10,7,8,4,1,8,1,6,1,7,6,7
w11689,9,10,9,4,10,9,10,8,1,9,1,8,1,1,6,8
w11700,10,10,10,10,10,9,10,9,1,10,1,2,1,1,1,9
w11702,1,4,6,9,5,6,9,3,1,9,5,7,1,6,4,7
w1171,5,7,7,9,5,7,4,4,1,1,7,7,1,4,2,7
w11711,9,8,8,9,5,8,9,8,1,8,2,6,1,2,5,8
w11716,2,7,6,4,10,8,9,7,1,6,5,6,1,1,5,8
w11722,10,10,7,10,10,9,9,7,1,9,6,6,1,1,2,8
w11753,7,7,9,10,5,8,9,6,1,9,1,4,1,7,7,9
w11755,7,7,7,3,5,8,10,8,1,3,2,7,1,1,3,7
w11756,5,7,6,10,10,8,9,9,1,1,1,6,1,1,1,9
w11765,10,9,9,10,6,9,7,6,1,7,9,8,1,1,3,7
w11773,1,8,9,10,10,9,10,3,1,9,6,6,1,2,6,7
w11790,10,6,3,8,10,6,7,7,1,6,1,6,1,4,6,8
w11796,6,6,8,9,5,8,9,6,1,8,5,7,1,3,6,7
w1181,1,8,9,10,5,6,2,4,1,1,1,7,1,1,5,7
w1182,7,9,9,9,10,9,8,7,1,1,7,8,1,3,5,7
w11822,1,3,3,9,8,6,8,7,1,7,1,6,1,6,5,8
w11825,1,8,9,10,10,8,10,6,1,6,1,4,2,5,1,8
w11826,1,10,10,5,10,10,9,4,1,9,1,9,1,1,5,6
w11832,5,7,8,10,10,8,9,7,1,9,1,4,3,4,6,9
w11845,8,8,7,3,5,9,10,3,1,10,5,9,1,1,2,5
w11862,3,9,8,10,5,9,9,6,1,10,6,4,1,4,2,7
w11873,10,10,10,8,5,10,10,7,1,10,1,6,1,1,5,8
w11874,5,8,9,6,10,7,10,6,1,3,6,8,2,1,3,7
w11876,8,10,10,10,10,10,9,8,1,7,4,7,1,3,1,8
w11888,1,8,10,10,10,8,9,7,1,1,3,6,1,1,1,9
w11896,6,7,4,7,10,8,8,2,1,1,4,7,2,1,5,4
w11900,1,7,7,3,10,9,9,6,1,10,6,8,1,2,5,8
w11904,9,8,9,9,10,9,9,7,1,3,1,6,1,8,5,8
w11915,3,8,8,7,5,8,8,9,1,1,1,2,1,4,1,9
w11924,8,10,10,10,5,9,8,7,1,9,5,3,1,2,2,8
w11938,6,7,8,9,8,8,10,7,1,10,5,6,1,1,6,8
w11943,4,10,10,10,10,9,10,6,1,9,1,7,1,3,5,7
w11971,2,7,8,7,5,7,10,6,1,8,5,9,1,1,1,6
w11987,5,8,6,4,5,8,8,5,1,6,1,6,2,4,1,7
w11996,10,7,6,4,5,8,9,3,1,7,3,7,3,1,2,6
w12003,8,10,10,10,10,9,10,7,1,6,1,6,1,1,2,8
w12021,9,7,6,10,10,8,10,6,1,10,1,7,1,7,5,7
w12022,10,10,8,10,10,9,10,7,1,10,5,8,1,1,1,7
w12030,6,6,4,10,10,8,9,4,1,7,1,7,1,3,2,7
w12031,5,10,10,10,10,8,7,6,1,7,1,6,1,1,3,7
w12033,10,10,9,10,10,10,7,4,1,8,8,8,1,7,5,6
w1205,5,8,10,10,5,9,6,3,1,1,3,8,1,1,4,5
w12063,8,7,8,6,5,7,8,4,1,8,1,6,1,2,6,7
w12073,8,8,7,10,10,8,6,5,1,6,1,6,1,4,5,7
w12081,3,8,6,10,10,8,10,7,1,7,1,8,1,3,1,7
w12082,9,9,7,7,10,9,9,7,1,10,1,5,1,6,4,8
w12095,10,10,10,10,5,10,8,8,1,4,1,8,1,7,1,7
w12100,6,9,8,8,10,8,5,7,1,1,1,7,1,1,5,8
w12108,1,7,8,9,10,8,9,3,1,9,4,9,1,1,1,6
w12129,8,10,10,10,10,9,9,6,1,10,4,6,2,3,2,8
w12153,3,6,7,10,10,8,9,4,1,10,1,6,1,1,2,7
w12169,2,7,8,9,10,8,9,8,1,9,1,6,1,8,3,8
w12202,9,7,8,10,10,7,10,8,1,1,3,3,1,1,2,9
w12206,7,8,8,10,5,7,10,7,1,8,1,3,1,3,1,8
w12216,9,8,7,10,10,9,9,7,1,8,6,6,2,3,5,8
w12253,10,9,10,3,5,8,10,8,1,10,1,6,1,6,5,9
w12254,5,7,7,10,10,8,8,3,1,10,1,7,2,1,4,7
w12257,8,7,7,6,5,8,10,6,1,9,2,7,1,1,3,7
w12263,2,7,8,10,10,8,10,6,1,4,1,3,1,3,6,8
w12269,8,9,8,10,5,9,9,4,1,9,1,7,1,6,5,7
w12274,9,8,8,10,10,9,8,7,1,10,1,2,2,8,5,9
w12289,9,8,6,10,5,8,9,7,1,9,1,6,2,7,2,8
w12293,8,7,8,10,10,8,9,6,1,9,1,7,1,7,3,8
w1231,8,7,8,8,10,7,8,7,1,1,1,6,1,3,5,8
w12312,8,7,8,9,10,8,9,4,1,9,1,6,1,2,3,7
w12313,8,6,5,7,5,8,8,4,1,6,2,6,1,2,5,7
w12314,10,10,10,8,5,10,9,4,1,9,1,7,1,3,5,7
w12317,5,10,9,10,5,9,10,3,1,7,1,4,1,4,7,7
w12329,2,7,6,9,6,7,10,8,1,9,1,3,1,1,2,8
w12334,9,10,10,10,10,9,10,5,1,3,3,7,1,2,2,7
w12338,9,10,9,10,5,9,9,8,1,9,1,6,2,3,6,8
w12343,1,3,7,9,10,7,8,6,1,7,4,6,2,6,5,8
w12356,2,8,7,10,10,9,9,7,1,9,4,6,2,4,5,8
w1236,8,9,9,3,10,8,7,3,1,7,2,8,1,1,5,5
w12365,8,8,6,10,10,9,8,8,1,3,3,6,1,3,5,8
w12368,2,3,3,9,5,5,9,8,1,3,1,3,2,3,2,9
w1237,9,10,10,8,5,9,8,8,1,1,1,8,1,1,5,7
w12410,5,7,6,9,8,8,9,4,1,9,2,5,1,3,5,7
w12462,8,10,10,10,10,9,7,8,1,2,6,7,1,3,1,7
w12466,2,7,6,10,10,9,8,6,1,8,4,3,2,4,1,8
w12467,9,8,9,10,10,9,9,7,1,10,1,6,1,2,6,8
w12475,7,6,6,9,10,8,9,4,1,9,3,8,1,2,2,7
w12477,9,9,9,10,10,9,8,6,1,1,3,7,1,2,1,7
w12478,8,10,10,10,10,10,10,9,1,10,6,6,1,1,3,9
w12498,3,7,6,10,10,7,9,6,1,9,3,8,1,1,1,7
w12508,1,7,8,10,10,8,9,4,1,10,1,4,1,6,6,7
w12514,3,7,6,6,5,8,8,3,1,1,1,8,1,6,6,5
w12517,3,6,8,10,5,8,9,7,1,10,1,3,1,2,5,8
w12537,9,10,10,10,10,10,10,8,1,8,6,8,1,1,1,7
w12562,3,7,8,8,5,7,9,6,1,9,6,6,1,6,6,8
w1257,2,2,7,9,5,6,9,6,1,1,1,7,3,1,1,7
w12591,5,8,9,10,10,9,10,9,1,1,1,3,1,2,1,9
w1260,7,6,8,6,5,7,8,4,1,1,6,8,1,5,5,6
w12600,9,10,10,10,10,10,10,8,1,1,1,8,1,1,3,7
w12606,2,4,3,10,10,3,9,2,1,9,1,8,1,1,3,4
w12612,8,10,10,9,5,9,9,4,1,7,1,6,1,6,3,7
w12614,10,10,10,3,5,9,8,3,1,9,1,9,1,2,1,4
w12618,5,7,8,6,10,8,10,9,1,6,6,7,1,2,5,9
w12623,2,7,8,10,5,8,10,7,1,9,1,4,1,1,6,8
w12629,9,10,10,10,10,10,10,8,1,10,1,8,3,2,1,7
w12639,7,9,7,9,10,10,9,6,1,9,6,8,1,8,2,7
w12650,9,10,10,10,10,10,10,6,1,10,6,9,1,1,1,6
w12671,5,10,10,10,10,10,5,7,1,10,1,7,1,2,1,8
w12685,9,8,9,4,10,9,10,6,1,9,1,8,1,2,5,7
w12701,10,4,8,10,10,7,8,7,1,7,1,5,1,6,2,8
w12706,9,8,10,6,5,8,9,7,1,7,1,6,1,1,5,7
w12707,4,9,8,8,5,9,10,8,1,10,6,3,1,3,2,9
w12720,2,10,10,10,10,8,10,6,1,6,1,4,1,1,5,8
w12721,1,8,7,10,5,8,10,7,1,7,7,6,1,1,4,8
w12727,5,7,7,6,5,7,10,8,1,7,1,6,1,1,2,9
w12745,1,7,8,9,5,7,10,7,1,9,1,4,1,1,5,8
w12782,9,9,8,10,5,9,7,3,1,1,1,8,1,1,1,7
w12783,8,9,8,4,10,9,8,7,1,6,5,6,1,1,6,8
w12807,10,10,9,10,10,10,9,6,1,9,1,6,1,3,5,8
w12809,1,6,7,10,5,6,10,6,1,8,1,5,1,1,1,8
w12812,3,4,7,7,5,6,10,6,1,9,1,5,1,3,5,8
w12824,10,9,7,10,9,9,8,7,1,3,4,8,1,2,1,7
w12833,2,3,4,4,10,7,9,3,1,8,1,8,1,2,6,5
w12838,9,8,9,10,5,9,10,4,1,1,8,7,1,1,3,6
w12845,3,9,8,4,5,8,9,3,1,10,9,9,1,1,1,4
w12855,9,10,10,10,10,10,9,4,1,4,1,8,1,3,3,6
w12880,6,8,7,9,10,8,8,3,1,10,1,9,1,4,5,6
w12881,7,9,9,10,10,9,10,8,1,10,1,8,1,1,6,8
w12889,9,9,5,10,5,8,8,7,1,7,1,3,1,3,1,8
w12894,5,6,4,9,5,7,7,8,1,3,1,4,2,2,3,8
w12909,5,8,9,6,5,8,10,7,1,8,3,8,1,3,3,7
w12917,9,10,10,10,6,9,10,6,1,4,4,5,1,1,1,8
w12924,6,6,7,9,10,8,10,7,1,10,1,4,1,3,1,8
w12927,3,9,10,10,10,9,8,4,1,8,6,9,1,1,1,6
w12932,9,9,8,10,10,9,9,6,1,9,1,7,1,4,2,8
w12936,2,10,9,10,5,7,8,4,1,9,7,8,1,2,5,6
w12938,9,6,5,9,9,8,8,3,1,9,4,7,1,4,5,7
w12969,10,10,10,10,5,9,5,6,1,8,1,2,3,2,1,8
w12972,6,7,5,9,5,8,8,3,1,10,6,8,2,2,7,6
w12986,9,10,10,10,10,10,9,8,1,4,1,9,1,3,5,8
w12994,9,7,7,10,10,8,9,4,1,9,1,9,1,6,1,4
w13008,10,10,10,10,10,9,10,9,1,7,6,3,1,1,3,9
w13028,9,6,7,6,5,8,8,7,1,6,4,6,1,2,3,8
w1303,5,7,8,5,5,8,8,6,1,9,3,7,1,2,2,7
w1304,1,6,7,8,10,8,8,7,1,1,2,9,1,1,5,6
w13041,10,8,9,10,5,9,7,4,1,7,1,7,1,8,6,7
w1305,5,9,8,10,10,9,2,6,1,1,1,7,1,2,1,7
w13052,2,10,9,10,5,9,9,7,1,6,1,7,1,6,1,8
w13060,8,10,10,10,5,9,8,6,1,9,3,6,1,5,6,8
w13067,1,8,10,10,10,9,9,8,1,10,7,8,1,1,5,8
w13068,1,7,9,10,10,7,7,7,1,9,1,7,1,4,2,8
w13073,8,8,8,9,10,9,9,8,1,8,1,6,1,1,6,8
w13085,1,10,7,10,5,9,5,7,1,3,6,7,2,1,1,8
w13099,9,8,7,4,10,8,9,3,1,7,4,8,1,2,6,6
w13104,3,8,10,10,10,9,7,9,1,1,1,8,1,2,1,7
w13121,1,7,7,10,10,8,9,9,1,10,1,5,1,4,3,9
w13126,8,9,10,10,10,10,9,6,1,10,1,7,1,2,3,8
w13128,6,8,8,10,10,9,10,7,1,10,1,7,1,6,1,8
w13135,1,10,10,9,5,9,6,4,1,8,1,7,1,6,2,7
w13145,9,7,8,9,10,9,10,4,1,9,1,9,1,6,5,7
w13155,9,9,9,10,10,9,9,6,1,10,6,7,1,4,3,7
w13160,5,7,6,9,5,6,10,4,1,10,1,6,2,1,6,7
w13162,2,6,7,9,10,6,10,6,1,7,1,6,1,5,1,8
w13204,5,8,8,10,5,8,10,7,1,9,1,7,1,1,1,7
w13206,3,8,6,10,10,9,5,3,1,8,1,6,2,1,1,6
w13224,8,10,10,6,10,9,8,4,1,9,1,6,1,2,1,7
w13228,4,3,3,6,5,4,8,6,1,9,3,8,1,5,6,7
w13236,8,10,9,10,10,10,6,7,1,3,6,8,1,3,2,7
w13241,8,9,9,3,5,9,10,5,1,6,6,8,1,1,5,6
w13243,9,10,8,10,10,9,10,8,1,6,9,6,1,1,6,9
w13247,3,8,8,9,5,9,10,7,1,9,6,5,1,2,5,8
w13264,8,8,8,10,10,9,10,7,1,9,1,5,1,1,3,8
w13290,2,6,6,8,10,8,8,9,1,9,1,6,1,6,2,9
w13291,5,7,6,9,5,6,5,6,1,1,6,6,1,2,3,8
w13297,10,8,10,10,5,9,10,7,1,10,6,8,1,3,3,8
w13303,9,8,8,4,10,8,9,3,1,6,1,7,1,1,4,7
w13305,3,6,7,8,10,8,8,6,1,9,1,3,2,3,6,8
w13309,10,10,10,10,10,10,10,9,1,10,1,6,1,1,1,8
w13310,5,10,9,3,10,9,3,6,1,1,2,8,1,1,1,6
w13326,9,10,8,8,10,10,10,6,1,10,1,7,1,1,4,7
w13330,9,10,8,9,10,9,9,6,1,10,1,8,1,6,5,7
w1334,5,8,8,3,10,8,10,3,1,10,5,3,1,1,5,7
w13340,3,7,7,9,5,6,9,4,1,3,6,4,1,1,2,6
w13345,9,9,6,10,5,9,9,7,1,3,1,5,2,3,1,8
w13347,9,8,9,8,10,8,8,7,1,9,1,6,1,8,5,9
w13360,5,7,7,8,5,6,10,9,1,10,1,5,1,1,5,9
w13367,3,8,10,10,10,8,10,8,1,10,1,3,1,4,2,9
w13370,3,6,7,10,5,8,9,7,1,9,3,7,1,1,1,7
w13371,2,6,9,10,9,8,9,4,1,9,1,6,1,6,5,6
w13373,9,9,7,10,10,10,9,8,1,3,7,7,2,2,2,8
w13380,9,8,8,10,10,9,9,5,1,10,3,7,1,6,7,7
w13385,9,9,8,10,10,9,6,7,1,6,5,8,1,3,2,7
w13390,8,10,7,9,5,9,8,7,1,9,6,9,2,3,2,6
w13392,2,8,4,9,5,9,8,4,1,10,1,6,1,5,5,7
w1340,10,10,9,10,10,10,10,3,1,1,1,8,1,1,1,6
w13410,9,9,8,7,5,9,7,6,1,1,1,7,3,1,5,7
w13416,5,8,8,10,10,9,9,7,1,10,5,8,1,1,6,7
w13417,5,6,6,10,5,8,8,7,1,9,6,3,3,4,2,8
w13432,8,10,9,9,10,9,9,3,1,9,6,9,1,4,5,4
w13433,1,9,8,10,5,9,10,8,1,10,1,7,1,1,3,8
w13447,4,4,6,8,10,8,7,7,1,10,5,7,1,3,1,8
w13465,9,10,10,10,5,9,9,6,1,9,4,8,2,3,5,7
w13483,2,10,10,10,10,9,8,6,1,9,1,8,1,1,3,7
w13507,9,7,9,6,10,7,9,8,1,9,1,7,2,3,6,9
w13516,5,4,4,6,5,7,7,4,1,10,1,5,1,6,1,7
w13535,9,7,7,9,8,7,9,3,1,8,5,8,1,2,3,6
w1354,5,10,10,3,10,9,6,3,1,1,1,7,1,2,1,5
w13540,7,10,9,6,5,8,10,8,1,9,6,8,1,1,1,7
w13543,5,9,9,10,10,9,9,8,1,8,1,6,1,4,1,9
w13616,5,9,8,10,5,9,9,7,1,6,1,2,1,4,2,8
w13623,10,6,7,6,10,8,9,9,1,9,1,3,1,4,6,9
w13626,7,7,7,9,10,8,8,5,1,8,4,6,1,7,4,7
w13637,8,9,8,4,10,9,8,7,1,9,1,5,1,6,5,8
w13646,9,9,8,10,10,9,10,6,1,6,6,9,1,1,1,6
w13656,5,7,8,10,5,9,10,6,1,6,1,6,1,1,1,8
w13661,8,10,8,6,10,9,9,3,1,8,8,7,1,3,1,7
w13665,7,8,8,3,10,7,7,8,1,8,1,3,1,1,5,8
w13668,8,8,7,9,5,8,8,6,1,8,1,3,1,6,5,8
w13674,2,7,6,3,6,8,9,3,1,10,1,8,1,2,2,6
w1369,9,7,7,10,5,9,10,4,1,6,1,8,2,1,5,6
w13690,3,8,7,9,5,8,10,6,1,1,1,9,1,2,5,6
w13694,8,7,5,9,5,9,10,8,1,10,4,6,1,1,2,9
w13699,9,9,9,9,10,9,9,9,1,6,7,3,1,7,1,9
w13718,5,6,6,7,5,8,8,7,1,9,1,3,1,7,6,9
w13719,10,10,9,10,10,10,10,7,1,10,5,8,1,4,5,8
w13724,5,8,8,10,10,8,7,5,1,3,2,8,1,2,2,6
w13727,5,6,4,10,10,7,8,5,1,3,1,3,1,1,1,8
w13732,9,9,8,10,5,9,10,6,1,7,1,8,2,1,3,6
w13737,9,9,7,4,5,9,9,6,1,7,8,8,1,1,3,6
w13768,7,8,7,9,5,8,8,3,1,10,1,7,1,3,5,6
w13772,1,4,5,7,10,8,9,6,1,6,3,8,1,2,3,7
w13776,3,7,8,10,5,7,9,6,1,10,1,6,1,7,5,8
w13783,8,9,9,8,10,9,7,6,1,1,1,7,3,1,3,7
w13790,7,9,10,10,10,9,10,6,1,9,1,7,1,2,2,7
w13807,10,10,10,7,10,9,9,8,1,10,4,6,1,1,1,8
w13812,9,10,10,10,10,9,7,7,1,3,1,8,1,1,1,6
w13829,8,9,8,10,10,9,9,9,1,9,5,6,1,2,4,8
w13833,5,8,7,9,10,8,8,6,1,6,1,8,1,6,3,8
w13878,8,9,9,9,10,9,9,8,1,10,1,3,1,1,6,8
w1388,5,10,10,10,10,10,9,6,1,1,1,7,1,1,1,7
w1389,6,10,10,10,10,10,9,8,1,1,2,7,1,1,2,8
w13893,9,9,9,6,5,9,9,6,1,10,2,8,2,1,1,7
w13894,2,9,9,10,5,8,8,6,1,9,6,8,1,1,1,7
w13901,6,10,8,10,5,9,10,8,1,10,1,4,2,1,5,8
w13910,3,8,9,10,10,8,10,8,1,6,1,9,2,1,1,7
w13912,8,8,8,10,5,8,9,7,1,9,1,8,1,4,5,7
w13917,2,6,6,9,5,6,9,6,1,6,1,4,1,2,5,8
w13919,2,9,10,8,10,9,10,8,1,8,1,3,2,1,1,9
w13924,8,7,6,4,10,9,9,6,1,10,6,7,1,2,3,7
w13936,9,9,8,10,10,9,8,3,1,9,1,6,2,2,2,6
w13947,8,8,10,10,10,9,9,7,1,7,5,6,1,6,1,8
w13964,1,6,9,3,5,7,10,6,1,10,1,7,1,1,5,7
w13967,5,10,10,10,10,10,9,6,1,9,7,8,1,1,8,7
w13983,8,10,10,10,10,9,7,7,1,7,3,8,1,6,2,8
w13995,9,8,8,9,10,9,8,7,1,1,1,3,1,7,5,8
w13999,1,6,8,10,5,7,6,6,1,9,7,6,1,1,5,7
w1400,2,6,5,8,10,8,9,4,1,10,1,7,1,1,1,6
w14001,7,7,8,10,10,9,9,8,1,9,2,8,1,3,2,6
w14002,9,10,10,10,10,10,10,4,1,10,6,9,1,1,1,4
w14030,9,8,8,9,10,9,7,4,1,9,5,6,1,3,6,7
w14031,5,7,7,10,10,7,9,7,1,6,1,6,1,6,4,8
w14035,8,6,5,8,10,8,7,6,1,8,1,6,1,4,3,8
w14052,6,10,10,10,10,4,7,4,1,3,1,8,1,2,2,6
w14059,8,10,9,10,5,9,10,7,1,9,5,6,1,3,5,9
w14063,9,9,8,8,5,10,10,7,1,10,1,6,1,3,2,8
w14067,2,6,6,9,5,7,9,5,1,7,6,6,1,1,3,7
w14081,5,10,9,7,3,10,8,6,1,7,1,6,1,1,3,8
w14097,9,10,9,9,10,9,9,6,1,10,1,4,2,1,1,8
w14098,8,8,4,6,10,8,10,4,1,1,1,9,1,3,6,6
w1410,2,6,5,6,10,8,4,3,1,1,3,6,1,2,1,5
w14115,4,10,9,10,10,9,8,7,1,3,1,9,1,3,1,6
w14130,9,8,7,10,5,9,3,4,1,1,1,7,2,4,1,6
w14140,9,9,10,10,5,9,10,7,1,9,1,6,2,1,4,8
w14153,4,8,8,6,5,8,9,9,1,9,1,7,1,6,5,8
w14161,7,9,8,10,10,9,10,4,1,10,4,9,1,1,2,6
w14177,2,3,3,10,5,4,9,6,1,9,6,7,1,4,1,7
w14181,9,10,10,7,10,10,10,4,1,1,7,8,1,3,1,6
w14198,8,8,7,9,5,9,9,7,1,6,1,4,1,3,6,9
w14200,8,9,9,10,5,9,8,4,1,9,1,9,1,2,1,6
w14214,2,9,9,10,10,9,10,7,1,10,7,8,1,5,4,8
w14215,5,10,10,10,10,10,7,7,1,6,1,8,1,1,1,6
w14219,8,9,9,9,10,9,9,6,1,7,1,7,1,5,5,7
w14239,5,7,6,5,10,8,8,4,1,9,7,7,1,1,4,6
w14243,6,8,10,10,10,9,7,3,1,10,7,9,1,1,1,4
w14255,2,4,7,8,5,7,9,7,1,10,1,8,1,1,1,7
w14285,3,3,3,4,10,6,9,3,1,9,8,8,1,1,5,6
w14316,5,7,6,9,5,6,10,8,1,6,5,7,1,1,5,8
w14319,9,10,7,10,5,9,10,6,1,7,1,5,1,1,1,8
w1436,1,6,7,10,10,5,10,8,1,1,1,6,1,3,4,8
w14368,7,8,7,6,5,8,6,4,1,7,5,7,1,3,5,7
w14369,9,10,6,9,5,8,9,6,1,10,1,4,1,7,6,8
w14376,5,10,10,10,10,9,5,3,1,1,1,9,1,1,4,4
w14389,4,8,7,9,5,8,8,6,1,8,1,8,1,6,2,7
w14406,4,7,9,10,5,8,9,6,1,10,1,5,1,6,8,8
w14414,9,8,8,9,5,9,9,8,1,10,1,7,1,1,5,8
w14416,5,8,6,10,10,8,9,4,1,10,1,7,1,8,3,7
w14423,9,9,7,7,6,9,8,7,1,1,8,8,2,2,6,6
w14425,9,8,8,4,5,8,10,8,1,7,1,9,1,1,1,6
w14442,10,8,8,8,10,9,8,7,1,8,3,6,2,3,5,8
w14448,7,9,9,10,5,9,10,3,1,8,1,6,1,1,1,6
w14455,2,8,10,10,10,8,10,8,1,8,1,6,1,7,6,8
w14468,3,6,8,9,10,8,8,7,1,10,1,5,1,2,3,8
w14469,8,8,9,3,6,8,9,6,1,9,2,9,1,3,4,6
w14475,4,4,5,3,5,7,6,6,1,3,3,4,1,7,5,8
w14478,9,10,9,5,5,10,10,3,1,1,7,8,1,1,1,6
w14501,7,8,8,8,5,8,9,6,1,6,5,7,1,2,2,8
w14505,2,4,4,9,5,6,8,7,1,1,1,6,1,1,2,8
w14516,4,6,8,8,10,8,8,6,1,9,6,7,1,5,6,8
w14517,9,10,10,10,10,10,9,7,1,9,1,7,1,1,6,8
w14522,5,6,7,9,7,7,10,4,1,10,1,6,1,8,6,8
w14526,6,6,7,4,10,8,9,4,1,9,1,8,1,1,6,6
w14554,1,7,7,9,10,8,6,7,1,6,3,8,1,1,1,7
w14570,9,8,7,5,5,8,9,6,1,6,1,7,1,8,6,8
w14572,5,7,9,7,5,8,9,7,1,6,1,6,1,1,5,8
w14577,1,7,7,10,10,7,9,6,1,10,1,8,2,6,1,7
w14586,3,10,6,9,10,8,9,6,1,9,6,8,2,5,2,6
w14588,1,7,4,7,5,7,10,8,1,9,1,6,1,3,3,9
w1459,1,8,7,9,10,9,8,3,1,10,6,9,1,2,5,5
w14590,3,7,9,10,10,8,10,8,1,10,1,7,1,2,6,8
w14595,6,9,9,10,10,9,10,8,1,10,1,2,1,1,5,9
w14599,8,9,8,8,10,9,9,6,1,9,1,9,1,6,2,7
w14606,9,10,10,10,10,9,10,7,1,10,7,6,1,3,3,8
w14610,2,9,3,10,5,9,9,6,1,10,1,7,1,4,5,7
w14613,3,5,6,8,7,7,6,3,1,8,5,8,1,1,3,6
w14621,9,9,9,10,10,9,8,5,1,9,8,8,1,1,3,6
w14630,7,10,9,5,10,8,9,3,1,3,3,8,1,1,2,5
w14644,9,9,7,10,10,9,10,8,1,10,6,6,2,3,1,9
w14645,9,10,10,10,10,9,10,6,1,4,7,8,1,1,1,7
w14648,8,10,10,8,10,10,9,8,1,8,1,6,1,2,3,8
w14670,2,9,9,10,10,9,9,4,1,10,1,7,1,4,1,7
w14672,5,10,10,10,10,10,7,6,1,6,6,9,1,1,3,6
w14674,9,8,7,7,10,9,10,8,1,3,5,8,1,2,2,7
w14675,9,8,9,7,10,9,9,9,1,1,6,4,1,1,1,9
w14686,1,8,6,5,10,8,4,6,1,1,1,6,1,1,1,7
w14697,1,9,9,10,10,8,10,7,1,10,1,7,1,1,1,7
w14709,9,7,6,10,5,9,9,4,1,10,3,9,1,6,6,6
w14730,8,10,10,10,10,9,9,7,1,10,1,7,1,1,6,7
w14737,8,8,7,10,10,10,10,9,1,7,1,8,1,6,4,8
w14740,8,8,7,9,10,9,9,4,1,10,6,7,1,5,2,7
w14743,9,10,7,10,5,10,10,4,1,10,1,8,1,1,2,6
w14759,3,8,7,7,10,9,9,3,1,9,6,8,1,1,6,5
w14769,8,8,8,9,8,9,9,5,1,9,1,7,1,2,1,7
w14776,9,10,9,10,10,10,10,6,1,10,6,8,1,6,3,7
w14783,5,9,8,10,10,9,10,4,1,10,1,7,1,6,1,8
w14787,9,10,10,10,10,9,9,8,1,7,1,8,1,2,1,8
w14809,6,7,7,6,3,8,8,3,1,9,2,8,1,1,3,5
w14813,2,9,8,10,5,8,9,3,1,9,1,3,1,3,5,7
w14822,8,10,10,10,10,9,6,4,1,7,1,7,1,2,2,7
w14829,5,7,10,10,5,7,10,7,1,9,3,9,1,2,5,6
w14831,8,7,9,10,10,8,8,7,1,3,1,3,2,1,1,8
w14844,9,10,8,10,10,9,9,8,1,8,2,4,1,1,2,9
w14855,8,9,9,10,10,9,9,7,1,10,2,8,1,7,8,8
w14864,10,9,8,7,10,8,9,8,1,7,5,8,1,3,5,7
w14866,7,6,6,7,5,7,7,6,1,6,1,6,1,6,5,8
w14867,3,6,6,6,5,8,8,6,1,10,1,8,1,1,2,6
w14869,8,6,6,6,5,8,8,4,1,7,3,6,1,2,5,7
w14874,3,9,10,10,5,8,10,8,1,9,1,6,2,1,1,8
w14875,8,10,9,9,10,9,9,3,1,9,1,8,1,3,2,6
w1488,5,4,7,9,10,6,2,3,1,1,1,6,1,4,2,6
w14882,3,10,10,10,5,8,3,3,1,3,1,9,1,1,1,5
w14883,3,8,8,10,5,7,9,6,1,3,2,8,1,1,2,7
w14898,9,10,10,10,10,10,10,9,1,4,3,6,1,1,2,9
w14901,9,10,7,9,8,9,8,4,1,6,1,8,1,1,6,6
w14905,1,9,8,10,10,9,10,6,1,10,1,8,1,4,4,7
w14914,9,10,10,10,10,10,9,7,1,9,7,7,1,1,1,7
w14915,9,9,9,10,10,10,10,5,1,10,6,8,1,1,3,7
w14925,1,2,3,9,10,3,8,3,1,6,1,6,1,1,5,6
w14937,2,8,9,10,10,8,9,8,1,10,6,4,2,5,5,9
w14938,10,9,4,6,5,9,10,7,1,10,1,6,1,7,2,9
w14942,9,8,7,6,10,8,6,7,1,6,1,5,1,1,5,8
w1495,10,9,6,4,5,9,5,3,1,1,1,8,1,4,2,5
w14959,8,6,7,6,5,7,9,6,1,8,5,3,2,5,3,8
w14960,9,9,10,10,5,9,10,7,1,3,1,6,1,2,1,7
w1497,3,3,7,4,5,5,7,6,1,3,1,7,1,1,2,7
w14991,8,10,9,10,10,9,9,6,1,10,1,9,1,3,2,6
w15010,1,7,7,3,10,8,6,4,1,1,1,7,2,1,2,6
w15015,9,8,9,4,10,9,9,5,1,10,4,8,1,2,1,7
w15041,6,7,8,10,10,9,10,6,1,9,1,4,2,6,4,8
w15049,5,8,6,10,5,7,8,6,1,6,1,8,1,3,2,7
w15060,10,9,7,10,10,9,4,4,1,8,1,6,1,3,6,7
w15082,2,4,5,5,5,6,10,8,1,10,1,6,1,6,5,8
w15084,1,7,8,7,10,6,8,7,1,9,2,6,1,2,1,8
w15088,3,10,9,10,10,8,5,6,1,7,1,6,1,1,5,8
w1509,1,7,9,10,8,8,7,4,1,9,1,8,1,1,2,6
w15093,1,8,6,9,10,8,10,8,1,1,7,6,1,3,2,8
w15097,3,9,10,10,10,9,9,6,1,10,1,8,1,2,2,7
w15117,4,10,9,10,10,8,10,7,1,1,4,7,1,2,3,8
w1512,5,7,6,4,5,7,9,6,1,1,1,7,1,1,5,7
w15129,1,6,8,10,10,8,9,3,1,10,5,7,1,1,4,6
w15131,1,3,4,10,10,7,10,3,1,6,1,6,1,2,7,7
w15138,2,8,8,10,10,9,8,6,1,8,6,8,1,1,7,6
w15149,9,10,10,10,5,9,10,8,1,7,1,6,3,4,6,8
w15150,9,10,10,10,10,10,10,6,1,9,2,7,1,1,1,7
w15157,8,10,9,10,10,9,10,8,1,10,1,3,1,1,2,8
w15158,1,9,9,10,10,9,10,5,1,10,1,4,1,1,1,8
w15162,5,6,4,9,5,6,9,3,1,6,1,6,1,2,5,6
w15194,3,7,9,10,10,8,9,3,1,9,5,8,1,1,5,6
w15198,9,7,6,7,10,8,9,6,1,9,2,7,1,3,5,8
w15199,9,8,7,7,10,9,9,3,1,9,6,6,1,5,6,7
w15211,8,10,10,10,10,10,10,6,1,8,4,6,1,1,4,8
w15226,5,10,10,6,10,9,9,8,1,9,1,9,1,1,1,7
w15230,4,4,8,3,5,7,9,6,1,9,1,7,1,1,3,7
w15243,5,10,6,2,5,10,9,4,1,6,1,8,1,1,1,6
w15247,8,8,7,9,10,9,8,6,1,2,1,8,1,8,3,7
w15253,5,10,10,10,10,8,3,7,1,1,1,7,1,1,5,8
w15257,9,10,9,8,6,10,7,8,1,6,1,8,1,2,2,7
w15280,3,4,5,6,9,7,8,4,1,6,3,7,1,7,7,7
w15283,2,7,8,10,5,8,9,3,1,8,1,6,1,7,2,7
w15286,1,3,5,7,10,4,9,4,1,3,5,8,1,3,1,6
w15291,9,10,7,9,10,9,10,8,1,8,1,6,1,6,2,8
w15323,5,9,9,8,5,9,9,6,1,3,1,6,1,7,5,8
w15329,10,9,8,6,10,9,10,8,1,9,4,7,1,1,5,8
w15338,4,7,8,9,10,9,10,9,1,10,1,7,1,1,4,8
w15342,9,10,10,10,10,10,10,3,1,3,7,6,1,2,4,7
w15346,8,9,9,10,6,8,10,5,1,7,1,7,1,1,2,8
w15349,1,7,8,10,10,8,10,7,1,9,2,6,1,1,4,8
w15359,2,6,6,10,10,8,8,7,1,7,3,8,1,6,3,7
w15361,1,6,9,10,5,7,8,7,1,1,1,3,1,2,5,8
w15369,8,9,6,3,5,8,7,4,1,8,1,8,1,7,5,7
w15376,9,8,8,10,10,9,10,9,1,10,1,4,1,1,6,9
w15382,1,8,8,10,10,7,10,4,1,8,1,8,2,1,2,6
w15394,3,6,7,4,10,7,10,8,1,10,1,8,1,1,2,7
w15399,9,9,8,9,10,9,10,3,1,7,4,8,1,2,2,6
w15409,9,9,7,4,5,9,10,6,1,9,4,6,1,3,2,7
w15416,1,10,10,6,6,9,10,6,1,10,5,8,1,2,1,6
w15434,8,8,7,10,10,8,10,6,1,10,1,7,1,6,3,8
w15451,3,6,4,3,5,7,6,3,1,7,3,8,2,1,6,6
w15464,6,8,9,10,5,9,9,4,1,7,6,8,1,3,3,7
w15481,10,9,8,10,5,8,9,8,1,7,8,7,1,3,5,8
w15490,1,6,8,10,5,8,8,3,1,8,1,7,1,1,2,6
w15497,8,6,6,8,7,8,9,6,1,9,1,6,2,7,2,8
w15502,2,7,8,10,10,7,10,6,1,7,1,7,1,4,1,8
w15509,2,10,10,10,10,10,10,7,1,8,1,7,1,2,2,7
w15512,8,9,10,10,6,9,8,4,1,9,9,6,2,2,6,7
w15540,8,10,10,10,10,10,10,9,1,10,6,8,1,1,1,7
w15544,9,7,7,9,10,8,9,8,1,9,2,4,1,7,2,9
w15549,9,9,7,10,4,9,7,7,1,3,1,4,1,2,1,8
w15556,8,9,10,10,10,9,9,8,1,9,9,7,2,3,2,8
w15563,9,10,9,10,10,9,9,4,1,7,1,7,1,1,1,6
w15581,9,10,10,10,5,9,9,3,1,10,6,8,1,2,2,6
w15598,8,8,8,10,10,8,10,9,1,1,1,6,1,6,2,9
w15602,9,10,6,9,10,9,9,7,1,10,1,3,2,5,2,8
w15604,1,9,10,10,5,8,10,8,1,6,1,6,1,1,1,8
w15605,9,8,6,9,10,8,7,8,1,1,2,3,2,4,1,8
w15609,8,6,4,9,5,8,8,4,1,8,2,3,2,4,2,7
w15610,9,9,8,10,5,10,9,6,1,8,1,7,1,1,1,8
w15616,3,8,7,9,10,8,8,8,1,8,3,9,1,5,3,7
w15617,2,8,8,9,10,9,9,5,1,9,1,8,1,6,2,7
w15628,5,8,7,6,10,8,5,7,1,3,1,5,2,1,1,8
w15629,5,7,8,9,10,8,8,7,1,9,1,6,1,6,3,9
w15641,2,10,10,10,10,9,9,3,1,9,9,9,1,2,1,4
w15646,8,9,7,8,10,8,9,8,1,4,1,5,1,1,3,8
w15647,3,8,7,9,5,8,8,7,1,10,1,8,1,4,1,7
w15664,9,7,7,9,10,9,9,6,1,9,6,8,2,1,8,7
w15684,10,10,8,10,10,10,9,8,1,10,6,3,1,1,1,9
w15686,1,3,4,5,5,8,10,3,1,10,1,6,1,1,1,6
w15705,8,10,10,10,10,9,8,7,1,8,1,7,1,1,2,8
w15719,2,8,4,6,10,8,8,6,1,9,3,8,1,2,4,7
w15724,2,7,9,5,10,6,9,7,1,10,6,7,1,4,5,8
w15745,5,8,9,9,5,8,9,6,1,9,1,6,1,3,3,8
w15748,8,10,10,10,10,10,7,6,1,9,2,8,1,1,3,6
w15750,3,6,7,9,5,7,9,4,1,9,4,7,1,1,5,7
w15762,8,7,7,4,10,8,10,6,1,3,4,8,1,1,5,6
w15769,8,10,8,10,10,9,7,8,1,9,1,7,1,8,1,9
w15785,10,10,10,10,10,10,10,6,1,10,1,6,1,1,6,7
w15795,8,10,7,10,10,9,9,6,1,3,4,6,1,1,1,7
w1581,5,7,7,9,5,8,6,6,1,1,7,8,1,3,1,6
w15814,2,3,6,10,10,5,9,8,1,9,1,6,1,2,3,8
w15835,8,9,4,10,5,8,9,3,1,9,6,8,1,5,2,6
w15839,3,7,7,10,10,8,8,5,1,8,8,7,1,1,5,7
w15852,1,9,8,6,10,9,9,6,1,9,1,7,1,2,4,7
w15861,9,8,10,10,5,9,10,8,1,7,1,3,1,1,5,9
w15870,8,9,8,8,5,8,9,7,1,6,3,7,1,1,1,7
w15898,2,3,7,7,10,5,8,5,1,6,3,6,2,4,6,8
w1590,9,10,10,9,10,9,10,3,1,3,1,8,1,1,3,4
w15916,5,9,7,10,10,8,10,8,1,10,1,6,1,1,1,9
w15921,7,8,6,9,5,8,4,4,1,6,5,7,1,1,8,7
w15923,1,7,6,10,10,6,9,5,1,8,7,8,2,2,1,7
w1595,3,8,9,8,5,9,8,4,1,9,1,7,1,3,2,6
w15957,8,8,8,10,10,8,8,7,1,1,4,3,3,2,3,8
w15980,8,7,8,9,10,8,7,5,1,3,1,6,1,3,5,8
w15981,9,7,8,9,10,8,9,7,1,9,5,6,1,4,1,8
w15984,10,7,7,9,5,6,10,6,1,10,1,5,1,2,1,8
w15995,10,8,9,10,10,9,9,6,1,9,1,5,1,6,1,8
w16007,9,10,10,10,10,9,10,8,1,6,1,3,2,6,4,9
w16013,5,6,6,7,5,7,10,6,1,10,1,5,1,1,5,8
w16021,2,7,6,9,5,6,10,6,1,7,1,6,1,2,3,8
w16028,1,4,4,4,10,7,10,8,1,9,1,6,1,2,5,8
w16060,8,10,10,7,10,9,10,8,1,8,1,8,1,6,2,8
w16083,3,2,3,4,5,3,8,4,1,9,1,3,1,1,1,7
w16096,9,8,8,10,10,9,10,8,1,9,1,9,1,6,6,7
w16119,1,7,8,7,5,8,9,8,1,1,1,7,1,1,6,8
w16159,2,4,7,10,10,6,10,7,1,9,2,6,2,1,3,8
w1618,5,10,8,9,10,10,8,6,1,9,1,8,1,1,1,6
w16200,1,4,4,7,10,7,9,4,1,9,1,6,1,1,5,7
w16213,5,6,8,9,10,7,7,6,1,6,1,3,1,6,3,8
w16215,6,9,8,10,5,9,10,4,1,9,6,7,2,6,5,7
w16219,8,8,7,9,5,8,8,8,1,6,4,8,1,1,4,7
w16240,3,6,7,7,10,7,7,3,1,8,1,6,1,2,6,6
w16258,2,10,8,9,5,8,8,4,1,9,1,6,1,4,5,7
w16265,9,7,7,10,10,9,10,6,1,9,9,8,1,2,5,7
w16267,3,8,9,10,10,8,10,7,1,4,4,6,1,6,5,8
w1627,7,8,7,4,5,8,8,6,1,1,1,7,1,3,1,8
w16274,9,10,6,9,5,9,8,4,1,1,1,3,1,1,1,7
w16298,1,6,9,7,10,8,10,8,1,9,1,6,1,4,5,8
w16314,9,10,10,10,5,9,9,8,1,10,1,7,1,1,1,8
w16315,7,9,9,6,10,9,10,7,1,9,6,8,1,1,1,7
w16324,10,9,7,10,10,9,9,5,1,1,1,8,2,2,5,6
w16327,7,8,7,9,5,9,9,3,1,10,1,8,1,3,5,6
w16343,9,10,10,8,5,8,10,7,1,9,6,7,1,1,5,7
w16347,1,6,5,10,10,7,7,6,1,6,7,8,1,1,2,7
w16348,5,8,9,10,5,7,7,8,1,7,1,8,2,1,3,7
w16351,9,8,6,10,5,9,7,7,1,9,1,6,1,7,6,8
w16366,2,9,9,10,10,9,9,6,1,6,6,4,1,6,5,8
w16381,9,9,8,8,5,9,9,7,1,7,1,4,1,5,5,8
w16387,9,10,10,10,10,9,9,6,1,9,8,8,1,1,6,7
w16388,9,8,10,10,10,8,10,9,1,9,7,7,1,2,4,8
w16396,9,8,10,10,10,9,8,7,1,9,5,3,1,2,1,8
w16400,9,10,10,10,10,10,9,6,1,9,1,8,1,3,2,7
w16403,5,9,7,9,10,9,4,5,1,1,1,6,2,1,5,8
w16424,8,8,9,10,10,9,9,4,1,9,1,7,1,1,2,6
w16439,6,5,8,9,10,6,9,4,1,10,1,6,1,5,2,6
w16452,1,3,9,9,5,7,5,5,1,7,6,6,1,1,5,8
w16455,9,10,10,10,10,10,10,9,1,9,1,8,1,1,1,8
w16460,5,8,10,10,10,8,9,6,1,6,5,3,1,6,5,8
w16474,8,9,9,10,5,9,8,7,1,9,5,8,2,2,5,7
w16485,6,8,7,6,5,8,10,8,1,8,1,4,2,1,2,8
w16489,8,9,8,10,5,10,10,8,1,10,1,6,1,1,1,8
w16500,4,7,7,9,10,8,8,6,1,6,1,5,1,1,5,7
w16516,9,10,10,10,10,10,10,3,1,10,4,7,1,1,1,6
w16537,1,10,10,10,10,9,9,3,1,7,6,8,1,1,5,4
w16541,5,9,8,9,5,8,8,5,1,6,1,7,1,2,2,7
w16545,8,8,7,10,10,9,9,4,1,9,1,8,1,5,1,6
w16564,2,6,10,9,10,6,7,9,1,6,1,8,1,1,5,8
w16568,9,10,10,9,10,9,5,6,1,5,1,7,1,1,5,7
w16573,10,10,10,10,10,10,10,4,1,8,1,8,1,2,1,6
w16579,2,7,5,9,10,8,9,4,1,10,3,7,1,4,5,7
w16588,9,10,9,10,10,9,10,9,1,1,1,6,1,2,2,9
w16615,8,10,8,10,5,9,10,7,1,9,3,7,1,2,5,8
w1664,9,10,9,4,5,9,10,3,1,3,1,8,1,1,5,6
w16658,10,9,10,10,10,9,8,8,1,9,1,2,1,4,5,9
w16665,8,9,8,5,10,9,9,8,1,6,1,2,2,7,1,9
w16671,2,3,3,8,5,5,10,6,1,6,6,6,1,3,1,8
w16677,9,8,7,9,10,9,10,6,1,6,6,9,1,6,2,6
w1668,8,9,9,10,10,9,8,4,1,1,1,4,1,1,5,7
w16682,5,4,5,5,10,7,9,4,1,9,7,8,1,1,5,6
w16684,5,6,6,9,10,9,8,4,1,10,1,5,1,7,2,7
w1669,3,3,6,7,5,7,9,7,1,10,1,7,1,2,3,8
w16695,5,8,7,7,10,8,10,7,1,9,1,3,1,7,5,9
w16718,8,9,8,10,10,9,9,8,1,2,1,3,1,2,1,8
w1672,7,8,8,9,10,9,8,6,1,9,1,8,1,2,1,6
w16732,10,10,10,10,10,10,10,7,1,4,1,3,1,3,4,8
w16741,3,8,7,4,5,9,10,7,1,3,1,7,2,1,1,7
w16743,9,7,5,10,10,8,10,7,1,8,1,4,1,5,4,8
w16744,5,4,4,9,10,5,10,7,1,6,1,3,2,3,2,8
w16753,7,10,10,10,10,9,9,9,1,9,1,6,1,1,1,8
w16758,9,10,10,10,10,9,10,9,1,8,1,7,2,1,7,8
w16765,9,6,8,9,10,8,9,7,1,10,1,3,1,4,2,8
w16783,8,9,7,9,10,9,8,7,1,6,6,6,2,3,5,8
w16791,9,10,10,10,10,9,9,4,1,8,1,6,1,5,1,8
w1680,5,9,9,10,10,9,9,8,1,8,7,6,1,2,1,9
w1682,8,8,9,5,5,7,9,3,1,1,1,7,1,4,2,6
w16844,7,10,10,10,10,10,10,9,1,10,10,6,1,3,1,10
w1686,1,6,8,9,5,6,10,9,1,1,1,7,1,2,3,8
w16860,1,2,3,3,10,4,10,6,1,7,1,4,1,1,5,8
w16861,10,10,9,10,10,10,10,6,1,9,8,9,1,4,1,7
w16865,1,8,10,9,10,9,10,9,1,10,1,8,1,2,5,7
w16877,2,7,8,8,5,6,8,4,1,8,1,6,1,2,6,7
w16883,2,7,9,4,8,7,8,4,1,1,1,7,1,1,6,7
w16886,3,4,5,3,5,6,9,3,1,9,1,6,1,4,3,6
w16891,5,7,6,9,6,8,10,6,1,6,1,4,1,2,2,8
w16908,7,6,8,5,10,7,9,8,1,1,2,7,2,2,2,7
w16911,8,9,9,10,10,9,8,7,1,3,5,9,1,1,2,6
w16952,9,8,8,10,10,9,9,8,1,7,7,7,2,7,5,8
w16958,10,10,10,10,5,9,9,4,1,9,1,8,1,3,3,6
w16959,9,8,9,10,10,9,10,6,1,10,2,6,1,1,4,8
w16966,9,9,9,7,5,10,5,3,1,8,1,3,1,2,1,6
w16969,1,3,3,4,10,3,9,4,1,10,1,6,1,2,5,7
w16977,8,10,6,10,10,9,10,7,1,9,1,6,1,6,5,8
w16981,6,10,10,10,10,9,10,9,1,10,6,4,1,6,2,8
w16988,7,10,9,10,10,10,10,9,1,10,1,7,1,6,5,8
w16994,3,7,9,7,5,7,10,8,1,1,1,6,1,1,6,8
w17004,7,6,5,9,5,7,6,4,1,6,9,7,1,6,5,7
w17012,1,7,7,3,5,8,8,3,1,9,5,8,2,2,5,6
w17021,8,8,7,10,10,8,8,3,1,9,2,7,1,2,5,6
w17030,1,4,6,10,10,6,9,4,1,9,1,6,1,6,4,7
w17037,9,10,10,6,10,10,10,3,1,1,1,6,1,1,1,6
w17045,8,7,8,10,10,8,10,6,1,10,3,7,1,1,1,7
w17051,9,10,10,10,10,10,9,8,1,6,2,6,1,2,1,8
w17065,2,6,5,9,10,7,9,5,1,10,1,7,1,6,6,8
w17093,9,9,7,10,10,9,9,8,1,9,1,3,1,1,1,9
w17098,5,9,9,10,10,9,10,4,1,10,1,7,1,2,1,7
w17113,8,9,9,10,10,9,8,8,1,3,1,3,1,1,1,8
w17151,9,10,9,10,10,10,10,7,1,6,6,8,1,1,1,7
w17158,5,8,9,10,5,8,9,3,1,9,6,7,2,7,1,6
w17175,2,8,9,10,10,9,9,3,1,10,1,9,1,7,4,6
w17186,3,6,8,10,10,8,9,6,1,10,1,5,1,4,5,8
w17190,9,9,8,7,10,9,5,6,1,3,6,4,1,4,5,8
w17193,9,10,10,10,10,9,9,7,1,9,7,9,1,1,3,6
w17194,8,9,8,7,10,9,10,3,1,7,1,7,1,1,6,6
w17210,5,9,6,10,5,8,8,8,1,1,8,6,1,2,4,9
w17216,9,10,10,10,10,9,5,3,1,1,2,6,1,1,1,6
w1723,7,9,8,3,10,8,9,4,1,9,1,6,1,1,6,6
w17234,10,9,5,10,10,8,9,6,1,9,1,5,1,4,5,8
w1724,8,9,8,10,10,9,5,2,1,1,2,8,3,1,5,4
w17255,8,8,9,6,10,8,10,8,1,6,1,8,1,2,5,8
w17259,10,7,7,4,10,8,8,6,1,9,1,6,1,6,2,8
w17264,1,2,2,3,5,3,8,4,1,8,1,7,1,3,5,7
w17296,8,10,10,6,10,9,9,6,1,6,1,8,1,1,1,7
w17306,3,7,9,10,10,8,9,6,1,7,1,5,2,1,3,7
w17308,10,8,8,10,5,8,9,7,1,8,1,6,1,3,6,8
w17311,3,9,10,10,10,7,5,2,1,8,1,9,1,1,1,4
w17314,9,8,7,9,10,8,9,8,1,8,3,6,1,5,3,9
w17317,7,10,10,9,10,9,10,8,1,10,1,8,1,1,1,7
w17321,1,4,8,10,10,6,9,7,1,9,1,6,1,1,5,8
w17324,7,8,8,10,5,8,10,6,1,7,1,3,1,1,6,8
w17335,7,10,9,10,5,9,10,7,1,9,6,8,1,5,4,8
w17338,8,9,8,9,10,9,8,4,1,6,1,9,1,2,5,6
w1734,5,8,8,10,10,7,8,8,1,1,1,8,1,2,2,7
w17347,1,9,9,10,10,10,9,7,1,10,5,6,1,3,5,8
w17348,2,8,7,6,10,8,8,6,1,9,3,8,2,2,6,7
w1736,9,8,7,9,5,9,7,3,1,9,1,8,1,1,5,6
w17391,6,8,9,10,5,8,10,9,1,10,5,7,1,2,1,8
w17410,5,7,7,10,5,8,9,8,1,7,1,3,1,8,5,8
w17411,3,9,9,10,5,8,8,9,1,9,1,3,1,2,1,9
w17417,8,6,7,10,10,6,8,7,1,3,6,7,2,2,3,8
w17438,9,10,10,10,10,9,8,9,1,9,1,3,1,2,3,9
w17449,5,8,10,10,5,9,8,4,1,3,1,9,1,3,5,6
w17453,1,7,8,10,10,8,9,3,1,9,1,4,1,2,5,7
w17459,9,9,8,5,5,10,9,7,1,8,6,8,1,2,7,8
w17494,1,7,9,10,10,8,10,6,1,10,1,7,1,6,6,8
w17495,3,9,10,10,10,9,9,6,1,9,6,7,1,1,5,8
w17496,5,6,7,9,10,7,10,6,1,10,7,7,1,2,2,7
w17500,2,6,7,9,10,8,7,3,1,8,1,9,1,1,5,4
w17506,6,9,8,4,10,8,9,3,1,8,1,6,1,2,6,7
w17510,4,7,8,7,10,8,10,8,1,9,1,9,1,1,2,6
w17524,1,8,10,10,10,9,7,6,1,9,1,7,1,4,3,8
w17546,3,9,8,4,10,9,4,8,1,1,1,6,1,6,1,8
w1755,9,8,8,9,10,10,10,4,1,6,1,8,1,1,1,6
w17563,3,7,8,10,10,8,9,8,1,4,1,9,1,1,1,6
w17582,2,4,6,9,8,7,8,3,1,1,4,7,1,1,5,6
w17587,1,4,4,2,8,7,9,6,1,9,1,6,1,1,6,7
w17624,1,4,7,9,10,3,4,6,1,3,1,4,1,3,6,8
w17629,2,7,7,10,5,8,8,5,1,9,6,7,1,3,5,7
w17649,8,10,10,4,10,9,8,9,1,8,1,3,1,2,1,8
w1767,9,10,8,10,5,9,10,3,1,10,1,7,1,2,2,7
w17680,9,10,10,8,5,10,10,7,1,8,6,9,1,1,4,7
w1769,1,4,7,4,10,7,10,3,1,1,1,8,2,1,1,5
w1770,2,9,10,10,10,8,10,7,1,9,1,7,1,1,1,7
w1771,7,10,10,10,10,9,9,6,1,1,6,8,1,1,1,6
w17714,9,9,10,10,10,9,9,8,1,9,1,7,1,4,5,8
w17723,9,10,9,10,10,9,9,9,1,6,1,7,1,1,3,8
w17736,5,6,7,10,10,8,9,9,1,3,6,7,1,2,6,8
w17748,8,8,8,10,10,9,10,8,1,10,1,4,1,2,2,8
w1775,3,4,4,3,5,4,7,3,1,1,1,7,1,1,5,6
w17758,8,8,9,10,10,9,8,7,1,9,1,6,1,6,6,8
w17761,9,10,10,4,5,10,10,8,1,9,7,7,2,3,1,7
w17765,8,10,7,10,10,9,6,3,1,1,8,6,1,1,3,5
w17771,7,10,9,5,10,8,9,6,1,1,1,8,1,1,2,6
w17776,8,6,4,6,10,8,5,3,1,8,1,4,2,1,3,7
w17777,8,8,8,10,10,8,10,8,1,9,1,6,2,4,1,9
w17782,5,10,7,10,10,10,10,7,1,9,1,7,1,6,1,7
w17794,5,9,10,10,10,9,9,8,1,9,1,4,1,1,1,8
w17800,9,10,10,9,5,9,9,7,1,9,6,3,1,1,1,8
w17813,2,3,3,6,5,4,8,3,1,8,1,8,1,1,5,5
w17814,9,10,7,7,10,10,10,6,1,9,5,7,1,2,3,7
w17819,8,10,10,6,10,9,10,7,1,10,5,7,1,2,2,8
w1785,9,10,10,10,10,9,8,8,1,1,1,4,1,2,1,9
w1786,3,4,7,10,10,4,7,6,1,1,1,6,1,1,5,8
w17873,5,7,8,9,5,7,9,8,1,3,1,4,1,6,2,9
w17876,1,5,10,10,10,7,10,9,1,3,1,8,1,1,5,8
w17898,5,10,10,6,10,9,10,8,1,7,1,7,1,1,5,8
w17900,2,10,9,10,5,8,9,7,1,7,1,9,1,1,2,6
w1791,3,3,4,3,10,6,10,3,1,1,1,8,1,1,5,6
w17910,10,10,7,10,10,9,9,8,1,7,1,3,1,7,5,9
w17914,8,8,8,6,5,8,9,4,1,6,1,3,2,1,1,7
w17923,9,10,10,9,10,9,10,6,1,10,1,8,1,1,1,7
w1793,1,9,10,10,10,9,9,3,1,4,1,7,1,1,1,5
w17931,8,10,10,7,10,9,10,7,1,10,1,6,1,4,5,8
w17935,9,10,10,10,10,10,10,3,1,10,2,9,1,2,1,4
w17936,2,4,5,9,5,8,8,6,1,8,5,7,1,6,5,7
w17943,7,10,9,10,5,9,9,9,1,10,1,6,3,2,8,9
w17947,7,10,10,10,10,10,8,7,1,9,2,6,1,1,5,8
w17969,8,8,8,4,4,9,9,8,1,9,9,6,1,5,2,8
w17976,2,4,9,10,10,5,10,6,1,8,5,4,1,3,4,8
w17979,9,8,9,10,10,9,9,8,1,9,6,6,1,3,5,8
w17989,2,4,7,4,5,7,8,3,1,8,5,9,1,1,5,6
w18011,9,10,10,10,10,10,8,7,1,7,5,7,1,1,1,8
w18017,9,10,10,10,5,9,8,8,1,7,4,4,1,2,2,8
w18018,5,10,10,10,10,9,9,7,1,10,1,4,1,7,1,8
w18020,5,6,7,9,10,6,9,8,1,9,5,7,1,6,2,8
w18027,1,3,6,10,5,5,10,7,1,9,1,5,1,1,5,8
w18035,9,10,10,10,3,9,9,5,1,9,5,6,2,3,2,7
w18041,9,10,10,9,5,10,10,7,1,10,1,8,1,3,1,7
w18046,8,9,9,9,5,9,9,3,1,9,7,9,1,4,6,4
w1805,6,8,7,9,10,9,8,7,1,1,6,8,1,3,1,7
w18054,9,10,9,10,10,9,10,7,1,6,1,6,1,3,5,8
w18077,9,10,8,10,10,9,10,7,1,10,1,6,1,1,1,8
w18092,10,10,10,10,8,9,7,9,1,1,1,8,1,1,5,7
w18125,9,7,5,10,10,9,10,7,1,4,1,6,2,7,5,7
w1813,3,7,4,10,10,8,9,9,1,9,1,5,1,3,3,9
w18131,8,10,8,10,10,9,9,6,1,9,1,8,1,1,3,6
w18133,3,7,8,6,5,7,10,8,1,3,1,4,1,5,4,9
w1815,9,9,8,10,5,8,5,7,1,1,1,6,1,1,1,8
w18151,2,10,10,9,10,8,9,8,1,6,1,8,1,1,5,7
w18156,8,8,8,10,5,9,8,6,1,10,9,6,1,4,5,8
w18163,3,8,8,10,10,9,9,6,1,10,7,8,1,6,2,7
w18178,8,10,8,10,10,9,7,6,1,6,1,9,2,2,1,6
w1818,9,10,10,6,8,9,7,4,1,1,3,8,1,6,5,6
w1819,5,6,6,7,10,7,7,4,1,1,1,7,1,2,2,5
w18198,3,6,6,10,5,8,8,6,1,9,2,8,1,6,5,7
w18212,9,10,10,10,10,10,10,8,1,10,1,3,1,6,2,9
w18224,8,10,9,10,10,9,9,7,1,10,1,6,1,2,1,8
w18228,7,10,7,3,5,8,9,4,1,8,1,9,1,1,2,6
w18232,8,10,10,10,10,10,10,4,1,10,6,8,1,6,3,6
w18234,9,9,10,10,10,9,10,8,1,9,6,6,1,3,7,9
w18241,1,7,9,10,10,8,9,6,1,8,6,6,1,1,1,8
w18248,10,10,8,10,10,10,10,7,1,10,4,8,1,1,2,7
w18259,9,10,8,10,5,9,9,7,1,10,1,2,1,1,1,8
w1826,6,8,7,8,5,9,4,4,1,1,1,6,1,3,1,6
w18264,8,9,8,10,5,9,7,4,1,6,2,6,1,9,2,7
w18265,5,7,7,7,10,8,10,6,1,7,3,7,1,4,3,8
w18273,3,9,8,10,5,8,8,6,1,10,1,6,1,1,5,8
w18275,9,9,8,4,10,9,9,3,1,9,7,8,1,3,1,5
w18282,3,6,7,9,10,8,9,5,1,9,7,7,1,1,5,7
w18288,8,9,9,10,10,9,10,4,1,8,7,4,2,3,1,7
w18296,9,8,8,10,5,9,7,8,1,1,1,4,1,1,1,8
w1831,5,7,8,9,5,8,9,6,1,8,1,7,1,3,1,8
w18314,10,10,9,10,10,9,9,4,1,9,1,8,1,2,5,6
w18319,9,9,8,4,5,9,10,7,1,1,1,5,1,3,3,8
w1832,9,10,10,8,10,9,10,8,1,9,1,7,2,1,1,8
w18321,9,10,10,4,10,10,8,8,1,3,1,9,2,7,2,7
w1833,2,8,9,9,10,9,6,7,1,1,6,8,1,6,2,7
w18340,4,6,7,10,5,8,9,6,1,10,1,4,1,1,2,8
w18344,7,7,7,10,10,8,9,7,1,3,1,8,2,7,5,8
w18347,2,6,7,10,5,8,8,8,1,9,4,6,1,2,5,9
w18360,9,10,10,10,10,10,2,4,1,1,8,7,1,3,1,7
w18374,5,10,10,10,10,9,10,8,1,10,6,6,1,3,3,9
w18387,3,7,8,10,10,7,9,6,1,9,1,7,1,3,2,8
w18401,8,8,8,10,10,9,10,8,1,10,5,6,1,2,5,9
w18408,9,10,10,10,10,10,9,3,1,3,2,9,1,1,2,5
w18413,3,3,9,6,10,5,8,4,1,9,1,9,1,1,1,5
w18419,6,8,6,8,5,7,10,8,1,3,1,6,1,3,5,8
w18425,2,8,9,10,10,8,10,6,1,10,5,6,1,1,1,8
w1845,10,8,8,10,10,9,9,7,1,1,5,8,1,1,1,6
w18463,3,7,9,10,10,8,8,7,1,3,1,6,1,3,5,8
w18468,3,5,8,9,6,7,8,7,1,1,5,7,1,3,8,8
w18487,9,9,9,10,5,9,8,7,1,10,1,3,1,1,5,9
w18492,9,9,8,10,5,9,9,8,1,8,1,4,3,4,6,9
w18522,1,7,9,10,5,6,8,3,1,10,1,7,1,1,1,6
w18528,2,8,9,5,10,8,8,6,1,6,1,7,1,3,2,8
w18533,9,10,10,10,10,9,10,8,1,7,4,8,1,1,6,7
w18545,8,10,10,10,5,9,10,7,1,9,1,8,1,1,4,7
w18563,9,9,8,9,5,9,10,4,1,9,6,8,1,1,1,6
w18564,3,8,5,6,5,9,8,3,1,10,7,9,1,2,5,6
w18565,8,6,6,10,5,8,8,5,1,10,1,3,1,7,7,8
w18576,5,6,6,10,10,7,8,8,1,7,1,3,1,4,5,9
w18578,5,8,10,10,10,7,10,7,1,10,1,6,1,3,1,8
w18579,5,8,8,10,10,9,10,4,1,6,7,8,1,1,5,6
w18581,9,10,9,7,10,10,8,8,1,1,1,4,2,2,3,9
w18597,1,7,8,4,5,6,4,6,1,3,1,4,1,2,5,8
w18603,9,10,10,10,5,9,10,8,1,8,1,6,1,3,1,8
w18615,8,10,6,10,10,9,10,8,1,9,6,8,1,6,2,7
w18674,10,8,7,4,5,8,9,7,1,3,1,5,1,2,5,8
w18676,9,9,8,6,5,9,8,7,1,10,1,6,1,1,1,8
w18682,9,10,10,10,10,9,10,9,1,10,1,8,1,1,1,7
w18700,5,10,8,10,5,9,9,8,1,9,1,3,1,7,4,9
w18702,5,8,8,8,5,8,10,8,1,7,1,3,1,6,5,9
w18708,9,10,10,10,10,10,10,9,1,7,6,7,1,1,1,8
w18722,5,10,10,10,10,9,10,8,1,7,1,3,1,1,1,8
w18727,3,7,6,3,5,8,10,3,1,10,2,8,1,1,4,6
w18728,9,8,8,10,10,9,9,8,1,9,1,3,1,3,1,9
w18730,3,8,6,3,5,8,10,6,1,1,1,8,1,1,2,6
w18734,9,9,8,10,5,9,10,8,1,10,1,6,1,1,5,7
w18738,2,9,7,10,5,8,7,3,1,1,5,8,3,1,2,6
w18739,9,10,10,10,10,10,10,6,1,9,1,5,2,2,3,8
w18746,1,4,8,9,10,7,10,6,1,7,1,6,1,3,1,8
w18747,9,8,8,7,10,9,10,3,1,6,1,8,1,1,6,5
w18748,5,7,6,10,10,7,9,9,1,8,1,6,1,3,1,9
w18750,6,7,6,4,5,6,10,7,1,10,1,6,1,2,2,8
w18751,8,9,7,10,10,9,8,8,1,1,1,4,2,1,2,8
w18757,7,7,7,9,5,8,9,8,1,9,1,6,1,6,6,9
w18758,2,7,8,10,5,8,9,6,1,8,3,8,1,2,5,7
w1876,9,10,9,10,10,9,10,9,1,10,1,7,1,1,5,8
w18769,5,6,6,9,10,7,10,8,1,7,5,7,1,4,1,8
w18772,8,9,7,9,5,9,9,4,1,10,1,5,1,1,2,7
w18778,2,5,7,8,10,6,10,3,1,10,1,4,1,2,5,7
w18779,2,4,6,6,10,6,8,5,1,8,1,5,1,1,2,7
w18787,2,10,10,3,10,8,8,6,1,4,5,8,1,1,5,7
w18792,5,10,8,7,10,9,10,8,1,10,5,8,1,1,5,7
w18804,3,9,10,9,10,8,10,8,1,3,1,5,1,1,3,8
w18806,5,9,10,10,10,8,8,7,1,6,1,7,1,1,5,7
w18813,1,8,9,3,5,7,9,8,1,10,1,2,1,1,1,9
w18820,3,8,10,10,10,9,10,8,1,10,1,6,1,4,5,9
w18825,3,3,4,10,8,4,9,7,1,1,1,6,2,1,1,7
w18826,5,6,7,10,10,7,9,6,1,10,1,8,1,2,2,7
w18828,8,10,10,10,10,10,6,6,1,1,7,7,3,1,1,7
w18845,7,6,7,9,10,8,8,7,1,1,6,6,2,3,2,8
w18846,9,9,8,10,10,9,9,6,1,10,3,7,1,1,2,7
w1885,10,9,9,5,5,9,9,5,1,9,1,9,1,2,2,6
w18862,6,4,4,9,10,6,9,3,1,3,1,7,1,2,5,6
w18865,3,6,5,10,5,7,6,7,1,9,1,4,1,6,4,8
w18871,3,9,8,10,6,9,9,8,1,6,1,3,2,8,7,9
w18875,9,9,8,10,10,9,10,9,1,10,1,6,1,3,7,9
w18885,5,9,8,10,10,9,8,7,1,9,1,7,2,6,5,8
w18888,5,10,10,10,5,9,10,7,1,3,1,4,2,1,2,8
w18898,2,8,9,3,5,8,10,7,1,10,4,6,1,3,5,8
w18904,2,6,5,4,10,7,10,8,1,9,1,6,1,2,4,8
w18917,9,8,8,5,10,9,9,9,1,8,1,3,1,4,5,9
w18919,8,10,9,4,5,9,9,6,1,6,7,9,1,1,1,7
w18927,9,10,9,7,10,10,10,8,1,10,1,6,1,3,5,8
w18940,2,3,4,10,5,3,8,6,1,3,1,6,1,1,1,8
w18978,3,9,9,10,10,8,9,4,1,8,5,6,1,2,2,7
w18986,9,10,10,9,5,10,9,4,1,10,1,8,1,2,5,6
w1899,5,8,7,10,10,8,6,7,1,1,1,8,1,1,2,6
w18992,9,8,8,7,10,9,9,8,1,9,1,3,1,1,1,8
w19016,2,8,7,10,5,8,9,6,1,10,3,5,1,1,7,8
w19027,1,7,7,10,5,8,10,4,1,10,1,4,1,1,3,7
w19055,10,7,7,10,10,8,10,4,1,9,7,7,2,7,8,7
w19090,9,8,8,10,10,10,10,9,1,10,1,2,1,1,2,9
w19097,10,10,10,10,10,10,6,7,1,8,1,6,1,1,6,8
w19102,9,7,9,10,5,8,6,3,1,1,1,6,2,6,5,6
w19117,2,8,10,10,10,8,10,7,1,3,3,7,1,2,3,8
w19126,5,10,10,10,10,10,9,8,1,9,1,6,1,1,4,8
w19129,1,7,8,4,5,6,9,6,1,7,5,7,1,4,2,8
w19136,9,8,8,8,5,9,9,7,1,9,1,6,1,1,5,8
w19148,9,8,8,9,10,9,10,5,1,10,6,7,1,3,5,7
w19149,8,8,8,10,10,9,10,6,1,10,4,8,1,7,8,7
w1915,5,10,10,7,5,8,9,4,1,9,1,7,1,1,6,6
w19158,5,10,10,4,10,10,10,3,1,10,8,9,1,1,2,5
w1916,7,4,7,4,5,6,8,4,1,8,5,4,2,3,2,7
w1918,3,9,9,2,10,8,7,3,1,9,6,9,1,4,1,5
w19181,9,10,8,10,10,10,10,6,1,10,7,8,1,4,6,7
w19199,9,10,10,10,10,9,9,8,1,1,1,5,1,4,5,9
w19212,9,9,8,9,10,9,9,7,1,9,1,8,1,1,2,7
w19220,1,6,7,10,10,8,9,7,1,9,1,6,1,3,6,8
w19226,9,9,8,10,5,9,9,4,1,3,1,6,2,3,2,7
w19237,3,6,7,5,5,8,9,4,1,9,1,4,1,7,5,7
w19246,4,10,9,10,10,9,9,9,1,9,3,7,1,1,1,9
w19250,9,10,10,10,10,10,9,8,1,8,6,4,1,3,1,9
w19255,10,10,10,10,10,10,6,7,1,3,6,7,1,1,1,8
w19259,3,7,6,9,10,8,7,8,1,1,1,3,1,4,5,9
w19293,2,3,4,4,5,6,8,3,1,10,5,7,2,2,5,7
w1931,8,8,7,4,5,7,8,6,1,1,1,8,1,1,1,6
w19323,2,6,8,9,10,7,9,3,1,9,1,6,1,4,6,6
w19333,9,10,10,10,5,9,10,7,1,9,1,8,1,1,2,7
w19369,1,4,3,5,10,7,9,3,1,3,1,7,1,1,1,6
w19373,8,7,6,4,10,9,8,3,1,9,5,8,1,2,6,6
w1938,5,7,8,10,10,6,8,8,1,1,1,5,1,3,2,8
w19381,1,7,6,10,10,7,7,6,1,6,5,8,1,1,3,7
w19393,9,7,6,10,10,8,9,4,1,10,1,7,1,5,6,7
w19396,9,9,7,9,7,9,9,4,1,2,3,5,1,6,5,7
w19398,9,9,10,10,10,10,9,8,1,6,1,2,1,5,3,9
w19399,8,10,8,4,5,8,9,4,1,10,1,8,1,1,6,6
w19423,8,9,8,10,10,9,10,8,1,8,2,6,1,6,3,8
w19424,3,8,6,10,10,8,10,8,1,6,1,3,1,7,8,9
w1943,10,8,7,10,10,8,7,8,1,6,1,6,1,1,1,8
w19430,8,7,7,9,10,8,9,7,1,10,2,6,1,2,6,8
w19441,8,8,7,6,5,9,9,4,1,9,7,7,1,8,5,7
w19456,10,7,8,10,5,8,10,4,1,8,2,8,1,1,2,6
w19458,9,9,8,9,5,9,10,8,1,10,5,7,1,9,2,9
w19484,8,7,8,7,5,8,10,6,1,10,2,7,1,9,7,8
w1949,9,6,7,8,5,8,3,3,1,1,2,4,1,1,2,6
w1952,8,7,8,10,10,8,8,6,1,1,1,6,1,1,4,8
w19541,8,8,8,10,5,9,8,4,1,1,1,9,1,1,1,5
w19601,7,10,10,10,5,9,10,6,1,9,2,6,1,1,7,8
w19613,5,8,8,10,5,8,8,8,1,10,1,7,1,1,1,8
w19617,4,10,9,10,6,9,9,3,1,10,3,9,1,2,4,5
w19628,5,6,6,8,10,7,7,4,1,7,5,7,2,2,1,7
w1963,8,8,9,10,10,8,7,6,1,9,1,7,1,3,5,7
w19689,8,7,8,6,5,6,6,7,1,9,5,7,1,2,7,8
w1969,10,10,7,10,10,9,5,6,1,1,3,7,1,1,1,8
w19726,5,10,8,10,5,8,10,7,1,7,1,6,1,1,2,8
w19736,10,10,10,8,10,10,10,9,1,1,1,6,1,5,5,8
w19768,6,6,6,9,5,8,9,6,1,9,1,5,1,1,5,8
w19795,8,10,8,10,10,9,10,6,1,9,1,3,1,7,6,8
w1980,8,10,7,6,10,9,8,6,1,8,1,8,1,1,5,7
w19803,9,9,9,7,5,8,7,8,1,7,1,6,1,2,4,8
w19808,2,7,8,9,10,6,10,7,1,10,1,6,1,3,4,8
w1981,8,8,8,8,10,8,8,4,1,6,1,9,1,3,1,4
w19810,1,6,7,9,10,6,8,6,1,6,5,8,1,1,1,6
w19813,8,9,9,7,5,8,9,3,1,10,1,9,1,6,5,6
w19816,5,3,4,4,5,4,10,4,1,9,1,6,1,1,5,7
w19823,8,8,8,9,10,10,10,9,1,3,1,6,1,7,2,9
w19826,5,3,7,3,5,3,10,8,1,4,1,4,1,1,1,8
w19829,3,8,10,10,10,8,9,8,1,1,1,6,1,6,1,8
w19830,3,2,3,3,5,3,10,6,1,1,1,4,1,2,3,8
w19837,5,3,3,3,5,4,9,6,1,3,1,6,1,1,1,7
w19843,7,10,8,4,5,9,9,8,1,9,1,7,1,7,2,9
w19844,8,10,10,10,5,9,10,8,1,10,6,7,1,1,2,9
w1985,2,3,4,5,5,6,9,6,1,7,1,7,1,1,4,8
w19851,9,7,8,9,5,8,9,4,1,7,1,6,2,1,6,7
w19854,8,10,9,10,10,9,9,4,1,9,6,7,1,1,3,6
w19864,5,10,8,10,5,9,10,8,1,3,1,2,1,2,1,9
w19900,1,9,10,10,10,8,10,7,1,9,6,8,2,1,1,7
w19901,8,8,7,7,5,8,8,3,1,7,1,4,1,2,3,6
w19909,5,6,7,10,10,6,10,7,1,6,1,3,1,1,5,8
w19934,8,10,8,7,10,9,10,9,1,1,1,3,1,6,6,9
w20061,5,7,6,10,10,8,10,3,1,9,1,8,1,3,1,6
w2009,9,4,4,10,10,7,8,7,1,1,1,6,2,1,2,8
w20109,2,8,9,10,10,8,10,8,1,8,1,8,1,1,2,8
w2012,4,4,3,2,5,6,5,3,1,6,4,7,2,3,1,5
w20133,10,9,9,10,10,9,9,6,1,10,2,7,1,4,6,7
w2015,7,7,7,10,10,8,7,3,1,8,4,7,1,2,2,6
w20164,2,6,7,8,5,7,8,6,1,10,1,6,1,4,5,8
w2017,2,6,9,9,10,6,10,6,1,9,1,6,1,1,2,6
w20171,8,10,10,8,10,10,8,3,1,10,1,4,1,2,5,7
w20172,2,4,5,3,5,7,9,5,1,9,1,6,1,7,3,8
w20175,9,8,8,10,10,9,8,4,1,10,1,9,1,4,2,5
w2019,9,10,10,10,5,10,9,9,1,1,1,3,1,1,1,9
w20215,5,6,7,5,5,8,9,7,1,10,6,3,2,1,7,8
w20243,6,7,7,10,10,6,8,8,1,3,1,6,2,7,8,9
w20354,8,10,10,10,10,9,10,6,1,9,5,8,1,3,5,7
w2040,2,9,9,10,10,8,3,6,1,1,5,8,1,1,2,7
w20416,3,8,8,5,5,9,10,7,1,10,1,7,1,1,3,7
w20419,10,10,10,10,10,9,7,7,1,9,1,4,1,1,5,8
w20457,7,9,10,10,10,9,10,3,1,6,1,8,1,4,1,6
w2046,1,6,8,10,10,4,5,7,1,1,1,8,1,1,5,6
w2047,4,4,6,3,10,5,8,4,1,1,1,8,1,2,2,6
w20486,2,3,3,7,5,6,8,3,1,8,1,7,2,1,5,6
w20520,9,10,10,10,10,9,10,9,1,10,5,6,1,8,5,9
w2059,7,6,6,3,5,7,8,4,1,9,1,7,1,7,3,6
w2062,9,10,9,2,5,9,9,3,1,1,3,8,1,2,4,5
w20653,5,7,6,9,10,6,8,8,1,1,1,6,1,7,5,9
w2067,1,6,7,10,10,3,4,7,1,1,1,9,1,2,1,6
w2068,3,8,7,10,10,7,9,4,1,1,7,6,1,1,5,7
w20691,1,10,10,3,5,8,10,6,1,6,4,8,1,1,2,6
w20741,8,10,10,6,10,8,9,3,1,10,8,9,1,1,3,4
w20767,8,9,8,6,10,9,10,6,1,9,6,9,1,6,7,7
w20784,9,8,10,10,3,8,9,9,1,1,1,4,1,4,5,9
w20812,3,10,7,10,10,9,9,8,1,7,1,8,1,3,1,7
w20836,9,10,10,10,10,9,5,9,1,1,1,6,1,1,1,8
w2086,8,8,8,9,10,9,8,6,1,9,1,7,1,1,5,7
w20861,9,7,8,10,10,9,8,5,1,8,1,4,1,6,5,7
w20866,3,6,7,8,10,8,8,4,1,8,1,4,2,6,5,7
w20868,10,8,9,10,10,9,10,8,1,8,6,6,1,1,3,8
w20869,5,10,8,10,10,10,10,7,1,10,6,8,1,6,1,8
w20875,9,10,10,10,10,10,10,7,1,4,1,6,2,1,2,8
w2088,3,4,7,10,5,6,8,6,1,3,1,6,2,1,5,7
w20885,9,8,8,10,10,8,10,9,1,9,1,3,1,1,1,9
w20890,6,4,7,6,5,6,9,9,1,10,1,2,2,5,5,9
w20891,8,8,7,10,10,8,10,8,1,3,1,6,1,1,1,9
w20928,4,8,7,6,5,7,10,6,1,9,2,6,1,1,8,8
w20932,5,6,8,10,10,6,10,6,1,10,1,4,1,5,4,8
w2095,7,10,10,10,5,9,4,8,1,6,1,2,1,1,1,9
w20967,8,10,10,4,10,9,8,7,1,1,1,2,1,1,2,8
w20969,8,10,10,10,10,10,9,8,1,10,1,3,1,2,5,9
w21052,9,8,7,10,10,9,9,4,1,9,1,6,1,4,1,6
w21085,8,9,7,6,5,9,8,6,1,10,1,3,1,3,2,8
w2112,1,4,6,4,5,6,7,6,1,3,1,7,1,1,2,8
w21168,8,10,10,10,5,10,10,7,1,4,1,7,1,1,4,8
w2124,9,10,10,10,10,9,9,9,1,9,1,4,1,1,1,9
w2137,9,9,8,9,10,9,5,6,1,1,1,7,1,6,2,7
w2139,5,7,6,4,10,6,6,3,1,1,1,8,1,2,2,5
w2148,9,10,10,10,10,9,7,8,1,4,1,6,1,2,1,9
w2159,9,9,8,10,10,8,10,8,1,9,1,8,1,1,3,7
w2170,8,8,8,8,5,8,4,4,1,3,8,8,2,2,5,4
w2171,3,9,8,10,6,7,10,7,1,1,1,8,1,1,6,8
w2173,5,3,7,8,10,4,8,6,1,9,1,7,1,5,5,8
w2201,1,9,10,10,5,8,9,9,1,6,2,7,1,1,2,8
w2209,9,9,8,7,10,9,8,4,1,9,1,9,1,1,1,5
w2217,9,8,7,10,5,8,5,4,1,1,1,8,1,4,2,6
w2229,3,8,8,10,5,8,10,6,1,9,1,7,1,2,1,7
w2233,3,8,8,10,5,7,3,6,1,1,6,7,1,1,1,7
w2248,1,8,8,10,10,9,6,4,1,1,1,5,1,1,1,6
w2279,8,8,10,10,7,8,10,6,1,8,1,6,1,3,4,8
w2280,7,5,3,2,10,6,5,5,1,1,1,3,1,3,4,7
w2297,10,7,7,3,10,9,2,3,1,1,1,8,1,1,3,6
w2311,9,10,10,10,10,9,5,9,1,1,3,8,1,1,1,8
w2316,9,10,10,10,10,10,10,3,1,2,1,9,1,1,2,5
w2318,6,6,7,7,10,8,10,3,1,9,1,8,1,2,6,6
w2327,1,3,10,10,10,4,10,7,1,1,1,8,1,1,1,7
w2360,3,4,6,8,10,6,9,3,1,9,1,7,2,2,1,6
w2369,9,9,10,9,5,9,3,4,1,3,1,7,1,1,2,6
w2374,4,6,7,6,5,6,7,5,1,6,3,6,1,1,3,7
w2377,9,10,10,10,10,9,10,7,1,7,1,7,1,2,2,8
w2395,6,7,8,9,10,8,8,4,1,6,5,8,2,6,6,5
w2403,5,9,8,10,10,8,8,3,1,1,3,9,1,1,1,5
w2413,3,3,8,3,10,6,7,3,1,7,1,8,1,1,3,4
w2420,9,8,7,10,10,8,9,6,1,9,1,8,1,1,1,7
w2425,1,9,10,10,10,6,9,6,1,8,1,8,1,1,1,6
w2428,8,8,8,8,10,9,7,6,1,1,10,7,2,1,5,7
w2440,5,10,3,10,10,9,10,6,1,1,1,5,1,1,1,8
w2451,5,8,8,4,10,6,5,3,1,6,5,7,1,1,6,5
w2462,1,6,7,2,5,8,5,3,1,3,3,8,3,3,2,5
w2467,5,8,10,10,10,8,4,6,1,1,1,8,1,1,2,6
w2468,8,3,3,4,10,8,9,5,1,8,1,6,1,1,2,7
w2472,8,10,10,10,5,9,9,7,1,1,6,7,1,1,2,7
w2481,5,9,9,6,10,9,9,6,1,1,2,6,1,1,1,8
w2494,1,7,8,10,10,8,10,6,1,7,4,7,1,1,3,7
w2506,8,6,6,3,5,6,4,7,1,3,1,6,1,7,2,8
w2514,9,10,6,7,10,8,9,3,1,1,1,8,1,1,1,5
w2533,3,6,6,7,10,8,6,3,1,1,1,8,2,1,2,5
w2540,10,10,10,10,10,9,10,3,1,9,1,8,1,1,2,6
w2542,2,3,8,10,10,6,10,4,1,10,1,4,1,1,3,6
w2545,2,7,8,6,10,8,9,4,1,8,2,8,1,5,5,5
w2546,9,10,10,10,5,9,5,8,1,1,1,6,1,1,2,9
w2547,5,9,9,10,10,9,9,7,1,1,5,8,1,1,1,7
w2548,9,9,8,6,10,9,7,7,1,1,6,7,1,1,1,7
w2550,9,8,8,9,5,9,2,7,1,1,1,3,1,1,2,8
w2561,5,7,7,10,10,6,10,8,1,7,1,7,1,1,1,6
w2572,9,10,10,10,9,9,9,7,1,1,1,6,1,2,5,8
w2588,3,8,10,4,5,8,6,4,1,3,5,9,1,1,5,6
w2591,8,7,5,4,10,8,10,3,1,9,3,8,1,2,1,5
w2594,2,3,4,8,10,7,8,4,1,9,6,7,1,2,3,6
w2609,8,9,9,8,10,9,7,6,1,7,5,8,1,2,1,6
w2613,3,4,4,6,5,8,10,3,1,9,1,8,2,1,1,3
w2623,10,10,9,8,5,10,5,5,1,1,1,6,1,1,3,7
w2627,9,8,8,10,10,9,10,8,1,8,1,6,1,3,1,8
w2630,5,7,7,9,10,8,6,7,1,3,1,4,1,3,4,8
w2638,1,3,4,3,10,5,7,4,1,7,1,3,1,2,5,7
w2639,9,10,9,10,10,9,5,3,1,1,1,3,1,3,1,6
w2642,5,10,10,6,10,6,8,4,1,3,1,7,1,1,1,5
w2649,10,6,6,8,10,8,10,4,1,10,1,4,1,6,2,7
w2666,5,4,3,6,10,8,9,6,1,9,1,5,1,1,2,7
w2674,9,9,6,10,6,9,7,7,1,1,7,7,1,1,1,7
w2679,5,10,10,10,10,9,5,8,1,1,1,7,1,1,1,8
w2680,9,9,8,10,10,10,5,8,1,1,1,7,1,1,2,7
w2686,2,8,6,8,10,8,8,7,1,1,1,4,1,2,6,9
w2688,10,10,10,10,10,10,10,4,1,9,6,7,1,1,1,7
w2700,6,8,9,3,5,8,8,8,1,9,1,6,2,5,2,8
w2708,3,8,7,8,10,8,10,3,1,8,1,6,1,2,3,6
w2709,9,8,6,4,10,8,10,7,1,4,1,6,1,1,2,8
w2718,5,10,7,10,10,9,3,2,1,1,1,9,1,2,5,4
w2730,3,4,4,8,10,6,8,3,1,1,1,7,1,2,2,6
w2737,1,7,7,3,5,8,7,4,1,9,1,6,1,4,1,7
w2746,9,10,10,10,10,9,10,4,1,9,9,8,1,1,1,6
w2756,10,10,10,10,10,9,10,7,1,1,1,6,1,1,1,7
w2759,7,6,6,10,5,7,10,8,1,1,1,7,1,1,3,8
w2762,3,4,4,6,10,7,8,3,1,8,1,8,1,3,1,6
w2768,5,9,8,10,5,8,9,6,1,1,6,8,1,1,2,7
w2771,3,8,10,9,10,9,10,8,1,1,1,4,1,1,4,8
w2784,2,3,4,3,5,5,7,4,1,7,1,6,1,4,2,7
w2792,9,9,9,10,6,10,10,3,1,1,6,7,1,2,5,7
w2809,9,10,10,10,10,9,10,6,1,10,1,8,1,1,5,7
w2816,9,9,8,10,10,9,10,9,1,1,1,6,1,7,2,9
w2840,7,9,10,4,5,8,9,4,1,1,1,6,1,1,3,6
w2848,8,10,10,10,10,9,2,3,1,1,6,9,1,1,2,4
w2850,9,7,8,3,10,9,10,6,1,7,1,6,1,1,6,7
w2852,2,7,8,9,10,9,9,2,1,1,1,7,1,5,7,4
w2854,8,10,10,10,10,9,10,9,1,9,6,5,3,1,5,8
w2870,8,8,9,10,10,8,10,6,1,10,1,3,1,1,1,8
w2871,9,8,8,6,10,9,10,7,1,9,6,6,1,6,1,8
w2891,8,7,7,9,10,8,9,4,1,7,5,8,1,6,6,7
w2898,5,7,8,6,5,7,10,8,1,4,1,4,1,6,1,8
w2914,8,8,8,6,10,8,9,6,1,8,1,6,1,1,1,8
w2942,2,9,8,10,10,8,10,7,1,4,6,5,1,3,2,8
w2971,5,9,6,10,5,9,9,8,1,1,1,7,1,1,1,8
w2983,1,3,3,10,10,6,8,4,1,2,1,6,2,2,5,7
w2984,2,7,7,8,10,7,4,6,1,1,4,9,1,2,4,6
w2988,9,9,6,10,10,9,9,5,1,8,6,7,2,4,2,6
w2992,5,3,3,3,5,4,8,7,1,1,1,6,1,1,1,7
w2995,7,8,8,6,5,8,8,3,1,9,1,7,2,1,3,6
w3046,10,7,8,9,5,8,9,5,1,8,6,6,1,2,4,7
w3051,2,10,8,9,5,9,10,8,1,9,1,4,2,2,1,8
w3053,10,10,9,10,10,10,9,4,1,8,1,6,1,1,2,6
w3058,8,10,10,10,10,10,8,8,1,1,1,7,1,1,2,7
w3059,9,8,8,6,5,7,9,6,1,3,1,7,1,1,2,8
w3062,9,9,9,8,5,9,6,3,1,1,1,4,1,1,2,6
w3079,3,4,8,10,10,6,9,8,1,6,1,6,2,4,1,9
w3091,1,7,8,10,10,8,9,6,1,3,1,7,1,1,1,7
w3105,3,8,9,9,5,8,7,8,1,6,1,8,2,2,5,7
w3108,3,10,8,10,5,9,10,4,1,8,1,8,1,1,5,6
w3109,5,9,8,10,10,9,5,6,1,1,3,7,1,1,1,8
w3120,2,3,3,4,5,5,5,6,1,1,1,7,1,4,5,7
w3147,5,7,8,7,10,8,7,8,1,1,1,7,1,1,1,7
w3165,5,8,8,10,5,9,9,8,1,9,7,9,1,1,5,7
w3174,8,9,9,10,10,9,6,4,1,1,1,8,1,2,2,6
w3185,7,7,8,6,5,8,8,3,1,7,5,9,2,3,2,6
w3188,2,6,6,9,5,7,3,3,1,1,1,7,1,6,1,6
w3189,5,8,8,10,10,9,6,6,1,1,6,8,1,1,1,6
w3190,5,8,7,4,5,8,9,7,1,8,1,7,1,3,1,6
w3196,7,8,7,4,5,8,6,3,1,1,1,9,1,1,3,5
w3199,9,9,9,4,6,9,3,3,1,2,1,6,1,6,2,7
w3201,4,8,8,10,10,8,7,5,1,8,1,7,1,1,4,7
w3203,5,8,6,10,10,8,7,7,1,1,1,2,1,7,2,8
w3206,5,8,7,10,10,9,10,4,1,10,1,8,1,4,3,7
w3210,10,10,10,10,10,10,4,3,1,1,1,8,1,1,3,6
w3220,8,7,7,3,5,8,5,3,1,1,1,8,1,1,3,6
w3223,1,7,7,10,10,8,10,3,1,1,6,8,1,1,4,6
w3227,9,8,8,10,10,9,10,8,1,9,1,6,1,6,6,9
w3241,9,10,8,10,10,9,3,7,1,4,6,7,1,1,5,7
w3268,5,8,10,10,10,8,3,3,1,1,1,7,1,7,6,6
w3269,4,5,8,9,10,7,9,3,1,9,7,5,1,1,4,6
w3275,9,10,9,4,10,10,9,6,1,1,2,8,1,1,1,7
w3294,3,6,5,4,10,7,9,4,1,6,1,6,1,4,3,7
w3322,8,10,9,10,10,9,10,8,1,6,1,6,1,8,1,8
w3324,10,10,10,7,10,10,8,7,1,9,5,9,1,1,1,6
w3325,5,9,10,4,10,7,9,4,1,2,1,8,2,1,3,6
w3326,8,10,10,10,10,10,8,6,1,7,1,8,1,1,1,5
w3334,8,7,8,9,10,8,9,9,1,1,1,3,1,6,2,9
w3338,1,7,9,4,10,7,9,4,1,9,1,8,2,2,5,6
w3339,4,7,7,8,8,8,5,3,1,8,5,9,1,1,2,6
w3344,5,5,6,7,5,7,9,4,1,9,2,7,1,1,2,6
w3357,8,7,5,9,5,8,6,6,1,9,1,8,1,1,1,4
w3358,5,8,9,9,5,7,8,3,1,9,1,6,1,6,1,6
w3370,9,6,6,9,10,6,10,6,1,8,5,5,1,2,5,8
w3383,1,8,7,3,5,8,8,3,1,1,6,8,2,1,2,6
w3392,9,8,8,10,10,9,8,4,1,3,1,9,1,2,5,6
w3398,9,9,5,10,10,9,9,6,1,1,3,7,2,4,4,7
w3399,3,10,8,6,5,6,8,7,1,7,1,6,1,1,3,7
w3413,9,10,9,9,10,9,1,7,1,1,3,8,1,1,2,7
w3414,9,9,9,10,10,9,10,3,1,7,6,7,1,1,1,2
w3417,3,7,6,9,5,8,9,7,1,3,1,6,1,1,1,8
w3419,6,7,6,4,5,7,9,3,1,8,1,8,1,3,1,6
w3427,2,6,7,9,5,8,10,6,1,3,1,8,1,1,5,7
w3437,2,2,3,3,10,3,8,3,1,6,1,3,1,6,2,6
w3453,2,3,3,10,5,5,5,4,1,3,1,2,1,1,1,7
w3462,8,8,8,9,5,9,8,8,1,6,1,2,2,4,1,9
w3477,2,7,7,4,10,6,9,7,1,6,1,3,2,3,6,7
w3482,8,10,10,10,10,9,8,7,1,1,1,8,1,1,1,7
w3491,10,8,6,9,5,9,4,6,1,1,7,7,1,3,1,7
w3494,8,8,9,10,10,8,9,8,1,2,1,7,2,6,3,8
w3503,2,7,8,4,5,8,9,3,1,9,1,8,1,3,2,6
w3505,9,10,8,10,10,9,10,4,1,7,1,7,1,4,6,7
w3515,9,7,8,8,10,8,8,7,1,6,1,4,1,5,3,8
w3528,1,10,10,10,10,2,8,8,1,3,1,6,1,1,2,8
w3530,8,8,8,9,5,9,10,6,1,3,1,6,1,2,5,8
w3541,9,10,7,6,10,9,10,7,1,1,1,6,2,4,1,8
w3552,9,8,8,10,10,8,10,8,1,5,1,6,1,1,2,8
w3556,8,9,8,7,10,9,9,6,1,7,2,7,1,3,1,7
w3566,5,4,4,4,5,6,8,4,1,6,1,8,1,2,1,6
w3567,9,9,9,10,10,9,5,6,1,6,4,8,2,2,5,7
w3572,5,4,4,10,10,6,9,6,1,6,1,8,2,3,4,7
w3577,8,10,9,4,5,8,10,2,1,3,1,8,1,1,1,4
w3599,3,7,8,9,10,8,9,6,1,10,1,7,1,5,2,7
w3604,5,10,10,10,10,8,5,7,1,1,1,5,1,1,1,8
w3605,8,10,10,6,5,9,6,3,1,1,6,7,1,2,3,6
w3610,1,9,8,3,5,9,6,6,1,9,1,6,1,1,5,7
w3635,5,8,8,6,5,8,9,7,1,10,1,8,1,1,1,7
w3668,9,9,10,10,10,9,9,7,1,9,1,8,1,1,3,7
w3695,1,7,7,5,10,7,7,4,1,7,1,8,1,4,5,7
w3701,8,7,8,10,5,8,7,3,1,3,4,7,1,1,1,6
w3706,1,7,7,9,10,8,8,4,1,1,1,4,1,1,2,7
w3712,8,9,9,10,5,8,7,4,1,1,2,6,1,1,1,7
w3713,9,8,7,10,10,9,5,8,1,3,1,6,2,6,2,8
w3728,5,10,10,10,10,10,10,7,1,9,7,6,1,1,1,8
w3734,8,10,10,10,10,10,10,2,1,10,1,8,1,1,5,6
w3735,3,4,4,7,5,6,10,3,1,3,4,8,2,1,1,6
w3748,5,10,10,10,10,9,10,5,1,9,7,8,1,1,1,6
w3751,1,6,7,9,5,7,8,3,1,1,3,7,1,3,3,6
w3753,10,9,7,4,5,9,8,3,1,10,6,8,1,1,6,6
w3764,1,7,8,10,5,7,9,4,1,9,6,7,1,2,2,6
w3778,9,10,10,10,10,10,10,6,1,3,1,3,1,1,1,7
w3785,3,6,6,8,10,7,10,8,1,7,1,5,1,3,2,8
w3787,1,6,8,10,10,8,10,6,1,7,2,4,1,6,1,8
w3788,9,9,10,10,10,9,10,9,1,6,1,7,1,2,1,9
w3792,1,9,10,10,10,8,10,6,1,3,1,6,1,2,2,7
w3808,3,8,10,5,10,8,9,6,1,9,1,8,1,6,4,7
w3814,3,9,9,6,5,4,7,3,1,6,1,8,2,3,2,6
w3817,7,9,8,8,5,8,9,6,1,9,1,6,2,4,1,8
w3822,10,10,10,10,10,10,2,3,1,4,3,7,1,1,6,6
w3834,2,9,8,7,5,7,7,8,1,9,1,8,1,3,1,8
w3844,1,8,9,10,10,8,9,7,1,6,4,8,1,1,2,6
w3851,3,8,10,10,10,3,9,2,1,1,1,8,1,1,5,4
w3854,5,8,8,10,10,8,9,7,1,1,2,7,1,1,1,7
w3858,2,4,4,9,10,3,8,7,1,1,1,3,1,6,4,8
w3886,2,2,2,8,5,3,10,5,1,3,2,4,1,1,1,7
w3892,5,6,7,8,10,8,10,7,1,10,1,7,1,1,5,8
w3906,10,10,10,10,10,10,10,6,3,8,1,6,1,1,2,7
w3912,9,10,10,7,5,9,10,7,1,10,1,6,1,1,2,7
w3922,8,6,7,10,5,7,4,6,1,4,1,7,1,2,1,8
w3927,2,6,8,10,10,4,8,8,1,1,1,6,1,1,1,9
w3936,10,10,10,10,10,10,10,5,1,1,7,6,1,2,2,7
w3942,1,7,7,8,5,8,9,6,1,3,1,7,1,3,2,8
w3971,2,4,4,9,5,4,5,3,1,1,5,7,1,3,2,5
w3977,1,10,9,8,5,9,9,3,1,9,3,8,1,1,2,6
w3981,8,10,10,4,3,8,9,4,1,9,4,6,1,1,5,6
w3986,9,8,7,7,10,9,9,6,1,9,1,9,1,1,3,6
w3989,5,10,10,10,10,10,4,7,1,1,6,9,1,1,1,6
w3993,9,8,7,10,10,9,9,7,1,9,1,6,1,1,1,7
w3995,5,4,4,2,10,5,7,3,1,1,1,6,1,1,1,6
w4005,3,7,7,9,10,6,8,8,1,1,1,6,1,3,1,9
w4013,8,7,8,9,5,8,9,7,1,1,1,3,2,2,1,8
w4015,6,6,8,10,10,7,9,4,1,9,1,6,1,1,4,7
w4021,8,6,7,4,5,9,8,3,1,1,7,6,2,1,5,7
w4025,9,9,8,10,10,9,8,9,1,1,3,7,1,1,2,7
w4032,10,8,8,10,10,9,9,6,1,1,1,7,2,6,6,7
w4041,9,10,10,10,10,10,10,6,1,9,1,3,1,3,4,8
w4063,10,7,8,9,10,8,9,7,1,3,3,6,1,1,2,8
w4065,9,10,9,10,5,9,9,9,1,1,1,3,1,1,1,9
w4081,8,10,10,10,10,9,6,6,1,1,1,8,1,1,2,6
w4090,2,7,7,9,10,8,10,3,1,9,1,7,2,2,2,6
w4093,2,8,6,4,10,7,7,3,1,1,1,8,1,3,3,6
w4100,1,8,8,10,6,8,9,4,1,7,1,6,2,2,3,7
w4105,2,8,10,10,5,7,9,8,1,1,3,6,2,1,1,9
w4118,7,6,7,9,6,4,8,7,1,1,1,4,1,4,2,9
w4121,1,3,3,10,8,2,2,7,1,1,1,3,1,1,3,7
w4138,1,3,6,8,5,6,9,8,1,9,1,5,1,6,2,8
w4143,8,10,10,10,10,8,8,9,1,1,2,7,1,6,1,9
w4149,1,7,8,9,10,8,8,4,1,10,4,6,1,1,5,6
w4157,4,6,6,5,5,8,8,3,1,9,1,5,1,3,5,6
w4158,5,10,10,7,10,10,10,8,1,9,1,5,1,1,6,8
w4163,9,9,8,5,5,9,6,5,1,8,1,7,1,1,6,7
w4168,8,9,9,10,10,8,10,7,1,7,6,7,1,1,3,8
w4178,8,7,8,9,5,7,5,4,1,1,4,6,1,2,1,6
w4185,7,8,9,10,10,7,3,6,1,1,1,6,1,1,4,8
w4193,9,8,7,10,10,8,10,7,1,1,1,6,1,1,1,7
w4195,8,7,8,10,5,8,9,4,1,3,1,7,1,6,3,7
w4202,2,8,9,10,5,8,8,3,1,9,3,7,1,4,2,6
w4206,2,8,7,4,5,8,6,3,1,3,1,8,1,2,1,6
w4211,3,4,6,10,5,6,8,7,1,7,1,5,1,1,3,8
w4222,5,7,8,9,10,8,9,8,1,1,1,8,1,6,1,7
w4242,5,8,6,10,6,9,10,4,1,10,1,8,1,1,1,5
w4244,7,8,8,8,6,8,10,6,1,9,6,6,1,1,1,7
w4249,9,10,9,10,5,9,9,6,1,9,1,8,1,2,1,7
w4255,3,6,6,10,5,7,10,6,1,3,1,5,1,6,1,8
w4256,1,3,5,10,10,2,8,2,1,1,1,8,1,1,1,5
w4264,4,10,8,10,10,9,8,4,1,7,7,8,1,1,4,6
w4271,8,8,8,10,10,9,8,7,1,9,6,8,1,4,1,7
w4272,9,10,10,10,10,10,10,3,1,10,1,6,2,3,5,7
w4280,5,9,10,8,10,9,9,6,1,7,5,6,1,1,1,8
w4300,7,8,7,9,5,8,10,8,1,1,1,6,1,1,2,8
w4311,2,8,8,9,7,6,10,6,1,9,1,7,1,1,5,7
w4312,3,7,8,10,10,7,2,5,1,1,1,8,1,1,4,6
w4313,9,10,8,8,5,9,7,6,1,8,1,8,1,4,2,6
w4328,10,10,9,6,10,10,8,3,1,3,1,7,1,3,1,6
w4369,1,3,4,4,10,6,8,8,1,8,6,6,1,4,2,8
w4372,2,7,10,10,10,6,10,8,1,1,1,3,1,1,3,8
w4373,8,10,9,10,10,9,6,8,1,1,1,4,1,1,2,9
w4375,5,8,10,10,10,8,10,8,1,1,1,4,1,1,5,9
w4376,8,7,8,4,10,8,9,8,1,10,1,5,1,1,1,9
w4389,5,7,6,10,10,4,9,8,1,10,1,6,1,1,1,8
w4397,5,7,7,10,10,4,9,6,1,1,1,4,1,6,5,8
w4400,9,10,10,8,10,9,5,6,1,1,1,3,1,1,2,8
w4403,8,10,10,10,10,10,9,5,1,1,1,8,1,1,1,6
w4406,3,6,5,8,5,7,10,6,1,9,1,8,1,4,2,7
w4407,5,8,10,10,10,8,3,5,1,1,1,8,1,1,5,7
w4426,9,10,7,10,5,9,9,8,1,7,1,9,1,6,3,8
w4427,8,4,3,10,10,7,8,5,1,7,1,5,2,1,6,6
w4435,9,7,8,10,10,7,10,5,1,9,3,6,1,3,1,6
w4441,3,6,8,10,5,8,7,6,1,1,1,7,2,3,2,7
w4448,4,4,7,4,5,5,5,3,1,8,5,7,1,1,3,6
w4453,3,5,7,3,5,6,8,4,1,10,7,8,2,1,1,6
w4463,3,8,7,10,5,7,8,5,1,1,5,7,1,3,2,7
w4476,5,8,8,10,10,7,10,4,1,9,1,5,1,7,1,7
w4480,6,5,4,4,5,7,9,4,1,9,1,6,1,2,3,7
w4490,3,9,3,8,10,8,9,6,1,1,1,9,1,1,2,6
w4494,3,5,8,10,10,7,8,6,1,9,2,7,1,3,2,7
w4496,3,6,6,10,10,7,9,3,1,1,5,7,1,4,7,7
w4508,9,9,9,10,10,9,9,4,1,9,1,7,1,1,1,6
w4509,9,10,10,10,10,9,10,8,1,9,1,2,1,7,5,9
w4518,9,6,6,9,6,7,8,7,1,6,4,6,1,7,2,8
w4537,2,6,7,10,5,8,9,6,1,9,1,7,1,4,2,7
w4550,8,8,8,9,10,8,9,6,1,1,7,7,1,1,2,8
w4554,1,10,10,10,5,9,8,7,1,1,5,8,1,1,1,6
w4556,8,10,10,10,10,10,10,6,1,10,1,6,1,1,3,8
w4575,1,7,9,10,10,6,8,8,1,7,1,3,1,1,2,9
w4580,9,8,8,3,5,8,8,3,1,1,1,8,1,7,2,6
w4597,8,10,10,10,10,9,8,8,3,9,1,4,1,1,2,9
w4605,1,4,3,10,10,6,9,7,1,9,1,6,1,1,5,8
w4608,9,9,7,3,10,9,10,7,1,6,1,6,1,1,6,8
w4614,4,8,8,10,10,9,10,8,1,9,1,7,1,2,2,8
w4634,9,7,7,10,5,8,10,8,1,10,1,6,1,2,1,9
w4644,5,7,8,10,10,8,10,7,1,9,1,6,2,7,7,8
w4646,5,6,7,10,10,8,9,4,1,6,1,8,1,1,1,6
w4650,9,10,9,8,5,9,8,6,1,9,1,8,1,1,1,7
w4675,9,10,10,10,10,10,7,3,1,9,1,9,1,1,1,5
w4678,5,4,2,10,5,4,9,3,1,8,1,5,1,1,1,6
w4680,8,9,8,10,5,9,8,3,1,1,1,8,3,5,2,6
w4693,8,8,8,10,7,9,9,4,1,6,7,8,3,1,5,6
w4714,5,8,10,6,5,8,8,3,1,9,1,6,1,4,2,6
w4715,9,10,8,10,10,9,10,9,1,7,1,6,1,3,1,9
w4739,1,4,8,9,5,4,7,4,1,6,1,6,1,1,1,7
w4759,2,7,7,7,10,5,5,6,1,6,7,6,1,3,2,7
w4768,3,6,8,10,5,6,10,6,1,3,1,6,2,1,6,7
w4771,8,10,9,3,5,10,10,3,1,10,5,8,3,4,5,6
w4776,9,10,8,10,10,9,10,8,1,8,1,5,1,1,1,9
w4787,7,8,8,10,6,8,9,4,1,9,3,7,1,7,6,7
w4788,9,10,9,9,5,10,8,8,1,1,1,6,1,1,5,8
w4795,3,4,6,10,10,8,9,3,1,9,9,8,3,1,1,6
w4796,8,8,8,4,10,8,8,5,1,9,1,8,1,3,7,6
w4810,3,6,7,10,10,6,10,3,1,9,1,8,1,3,5,5
w4817,8,7,8,8,10,9,9,7,1,1,6,9,1,2,3,6
w4820,3,9,9,10,5,8,9,3,1,9,7,9,1,1,5,6
w4829,9,9,8,8,10,10,10,9,1,7,1,6,1,3,1,8
w4840,3,6,7,9,10,7,7,5,1,7,6,6,1,1,1,6
w4855,9,8,7,9,5,8,6,7,1,1,6,3,1,1,1,8
w4857,7,9,9,10,5,9,9,8,1,1,1,7,1,1,2,8
w4858,3,3,3,10,5,4,8,6,1,8,1,6,2,1,4,7
w4861,8,8,9,10,10,8,7,8,1,1,1,6,1,3,1,8
w4884,7,8,7,6,10,8,8,6,1,8,1,8,1,1,3,7
w4886,10,10,10,7,5,10,10,9,1,9,3,6,1,1,3,8
w4887,9,10,8,4,5,10,8,3,1,8,1,9,1,2,2,5
w4912,8,10,8,9,10,9,10,6,1,1,1,7,1,1,1,8
w4917,3,9,9,9,5,9,10,8,1,10,1,7,1,6,2,8
w4921,4,6,8,9,10,6,10,8,1,1,1,3,1,2,5,9
w4934,5,9,7,10,10,9,6,3,1,6,1,7,1,2,2,5
w4943,3,3,4,10,10,3,9,5,1,6,1,6,1,5,5,8
w4947,5,10,6,9,5,9,9,8,1,1,1,2,2,2,5,9
w4959,9,10,10,10,10,9,8,9,1,8,5,7,1,6,1,9
w4966,9,10,10,10,10,9,9,3,1,6,7,7,1,3,3,6
w4979,7,6,7,9,5,7,8,4,1,8,1,7,1,2,5,6
w4995,8,7,8,9,10,9,10,6,1,9,2,9,1,1,2,6
w5002,2,6,7,7,5,8,8,4,1,9,5,7,1,4,2,7
w5007,4,8,9,4,5,7,7,6,1,10,1,8,1,1,2,6
w5011,5,7,6,4,5,8,9,4,1,9,1,7,1,2,2,6
w5019,5,7,4,10,5,7,10,5,1,7,1,7,2,1,7,7
w5024,5,8,6,10,10,8,10,9,1,1,1,2,1,7,5,9
w5026,2,8,7,10,10,8,9,6,1,7,2,4,1,3,1,7
w5033,9,10,10,10,10,10,9,8,1,8,1,6,1,1,1,8
w5042,9,10,9,10,10,9,5,3,1,7,1,9,1,6,1,5
w5050,9,10,9,10,10,9,10,6,1,8,1,6,1,1,2,7
w5052,9,10,3,9,5,8,7,6,1,9,1,4,1,6,5,8
w5082,5,6,6,8,10,5,10,8,1,7,1,3,2,5,7,8
w5083,7,9,9,10,10,9,7,6,1,8,1,6,1,1,2,8
w5086,5,10,10,3,10,9,9,3,1,1,1,9,1,1,5,4
w5093,8,10,9,10,10,9,9,7,1,10,2,8,2,3,2,8
w5095,2,6,7,4,5,6,7,3,1,6,1,8,1,3,6,5
w5098,9,9,10,5,10,9,10,8,1,1,1,7,1,1,1,7
w5118,8,7,5,6,10,8,10,6,1,1,1,6,1,7,5,8
w5119,2,7,4,9,5,6,7,5,1,1,3,6,1,6,6,7
w5124,1,4,4,6,10,8,8,4,1,8,1,5,1,2,2,7
w5136,10,10,8,10,5,8,5,8,1,6,1,6,2,5,1,9
w5143,5,6,7,8,10,6,8,9,1,1,5,6,2,1,1,9
w5145,8,9,9,6,10,8,8,3,1,10,7,9,1,4,5,5
w5158,5,6,7,10,10,8,8,4,1,9,1,6,1,6,5,7
w5163,2,7,6,8,5,8,10,6,1,8,1,6,1,3,1,7
w5192,5,3,4,10,10,3,9,6,1,1,1,6,1,4,1,8
w5203,3,6,8,9,5,7,8,6,1,9,1,8,2,1,1,7
w5211,3,3,8,9,5,4,8,3,1,1,2,7,2,3,2,5
w5213,2,6,6,4,5,7,4,7,1,1,1,6,1,6,5,8
w5227,5,8,8,10,10,8,8,4,1,6,1,6,1,1,5,7
w5234,3,10,10,10,5,9,9,6,1,8,4,7,1,2,1,7
w5235,1,4,7,10,5,3,9,7,1,3,1,6,3,1,5,8
w5249,5,4,6,6,5,7,5,8,1,1,1,2,1,3,7,9
w5251,3,6,8,6,5,7,3,2,1,1,1,9,1,2,5,3
w5260,9,9,9,5,5,8,7,3,1,8,1,8,2,3,2,6
w5267,6,6,8,9,10,8,8,6,1,8,7,6,2,6,2,8
w5333,5,10,10,10,5,8,10,6,1,8,1,3,1,2,6,8
w5336,2,5,4,10,10,8,9,7,1,9,1,7,1,2,1,8
w5345,9,10,10,10,10,10,8,7,1,9,6,8,1,1,5,7
w5372,1,9,8,10,10,8,8,8,1,1,1,2,1,4,1,9
w5378,5,10,10,10,10,9,9,4,1,1,1,7,1,6,1,6
w5394,2,3,4,3,10,4,4,6,1,1,1,7,2,1,1,8
w5419,7,10,7,9,5,9,5,3,1,1,6,8,1,1,5,6
w5428,3,3,7,10,5,4,10,3,1,1,1,6,2,1,5,6
w5429,1,6,8,10,10,8,9,6,1,9,1,3,1,4,1,8
w5430,3,3,3,4,5,4,8,7,1,3,1,6,1,6,1,8
w5439,10,9,10,7,10,9,9,8,1,9,1,7,1,3,1,8
w5462,3,8,6,10,10,9,9,4,1,7,2,7,4,3,1,6
w5466,2,7,7,9,10,8,9,7,1,10,1,5,2,6,7,8
w5476,5,7,8,10,10,8,10,8,1,1,1,7,1,1,1,8
w5489,8,7,7,10,10,10,9,6,1,9,1,8,1,1,5,7
w5494,9,10,10,10,10,10,9,7,1,1,1,6,1,4,6,8
w5504,5,8,10,10,10,9,9,4,1,10,1,7,1,3,5,7
w5537,10,8,9,10,10,9,9,5,1,1,1,6,1,1,1,5
w5566,5,7,7,10,10,6,10,8,1,1,1,6,1,2,2,8
w5567,4,8,8,6,5,6,7,6,1,6,1,7,1,7,6,7
w5570,2,6,5,4,10,8,6,7,1,1,1,6,1,3,3,8
w5583,4,7,6,8,10,6,8,4,1,1,3,7,1,2,4,6
w5585,2,3,3,9,5,6,10,3,1,10,6,7,1,1,5,7
w5605,8,10,10,10,10,9,9,6,1,8,7,6,1,3,2,8
w5606,8,8,8,10,10,9,10,7,1,10,1,6,1,2,1,8
w5625,10,10,9,10,5,10,10,9,1,7,7,9,5,2,1,7
w5627,10,9,8,7,10,9,10,8,1,10,1,8,1,1,1,7
w5637,5,7,8,10,10,8,8,6,1,7,1,7,1,1,5,7
w5650,5,9,8,10,10,8,9,7,1,5,1,8,1,1,1,7
w5653,5,7,7,9,5,6,8,6,1,7,1,5,1,4,5,8
w5654,9,8,6,4,5,8,10,8,1,10,1,5,1,6,1,8
w5657,1,3,7,9,10,6,9,4,1,9,1,7,1,2,3,6
w5661,8,7,7,10,10,8,10,8,1,6,1,4,1,1,1,9
w5666,1,2,3,4,10,7,10,4,1,10,2,7,2,1,5,6
w5669,6,10,10,10,10,10,10,4,1,10,1,6,2,1,1,7
w5672,9,8,8,7,10,9,3,7,1,1,1,3,2,7,5,8
w5674,3,3,7,6,5,4,8,8,1,1,1,6,1,1,5,8
w5688,5,3,3,7,5,3,4,3,1,1,1,7,1,3,4,6
w5692,2,7,8,10,10,8,10,8,1,7,1,6,1,1,4,9
w5715,9,7,6,8,5,7,9,6,1,9,1,7,1,2,3,7
w5716,2,7,7,10,5,7,7,4,1,7,1,3,1,6,5,7
w5721,5,3,3,8,10,4,8,5,1,3,1,8,1,2,1,6
w5722,10,7,8,10,10,8,6,4,1,1,1,8,1,2,1,7
w5724,9,7,7,9,5,8,9,7,1,8,1,3,1,7,6,8
w5725,1,8,8,7,10,8,10,8,1,6,1,6,1,2,2,8
w5744,3,8,8,6,5,8,8,8,1,6,1,4,1,1,5,9
w5750,9,8,7,6,10,10,10,9,1,8,2,6,1,2,3,9
w5757,4,4,6,7,10,7,5,3,1,2,1,8,2,1,5,3
w5760,1,8,8,10,10,8,7,3,1,7,4,8,2,1,3,4
w5767,1,6,9,10,8,7,9,6,1,8,4,9,1,3,1,6
w5775,10,10,6,10,10,9,10,4,1,9,7,8,1,2,1,6
w5788,3,7,7,9,5,8,8,7,1,1,1,8,1,3,1,7
w5796,9,8,8,10,10,9,9,8,1,6,1,7,1,7,6,8
w5803,10,10,10,8,10,10,9,6,1,1,1,8,1,1,5,7
w5809,3,10,10,10,10,9,10,8,1,9,1,8,1,1,1,7
w5816,9,8,8,10,10,8,5,6,1,1,1,9,2,3,1,6
w5817,3,8,10,3,10,8,9,3,1,7,3,7,1,1,6,6
w5857,1,8,9,10,10,8,8,3,1,1,6,9,1,2,3,5
w5865,10,8,7,6,5,8,10,4,1,9,4,7,2,1,2,7
w5866,1,4,7,3,5,7,8,4,1,8,2,8,1,6,6,7
w5872,9,10,10,10,10,9,8,6,1,9,6,8,1,1,5,7
w5881,8,9,7,10,10,8,7,8,1,10,1,3,2,1,1,6
w5888,3,6,8,7,5,7,8,6,1,6,5,8,1,4,6,8
w5903,8,7,7,9,10,8,8,6,1,6,4,3,1,8,3,8
w5907,5,10,10,6,10,8,10,7,1,10,1,3,1,1,1,8
w5928,5,5,4,7,5,7,7,4,1,7,8,7,1,4,7,7
w5941,8,8,7,10,10,8,7,4,1,6,1,7,1,3,1,6
w5942,8,7,8,10,10,8,9,7,1,7,1,7,2,3,1,8
w5956,2,4,6,10,10,7,7,3,1,1,1,6,1,2,1,7
w5964,2,4,7,4,5,6,9,6,1,9,1,7,1,1,4,8
w6007,9,9,10,10,10,9,8,8,1,6,1,4,2,1,1,8
w6008,8,10,10,10,5,9,8,4,1,1,1,7,1,1,1,6
w6009,9,10,9,10,10,10,10,8,1,9,1,6,1,1,3,8
w6034,8,9,9,10,10,8,8,6,1,10,1,5,1,7,8,8
w6035,2,6,8,10,6,8,10,7,1,8,4,6,2,3,7,8
w6041,2,8,9,10,10,9,9,4,1,9,1,6,1,8,3,8
w6047,5,6,6,9,5,7,9,3,1,9,1,4,1,1,1,7
w6048,9,10,10,10,5,9,7,7,1,9,1,7,1,1,6,8
w6049,7,9,8,6,10,9,9,3,1,8,7,7,1,1,5,6
w6051,5,6,6,2,5,7,5,6,1,1,1,4,1,6,4,8
w6052,7,8,8,4,5,8,6,4,1,8,5,7,2,3,3,6
w6056,6,10,10,10,10,10,8,6,1,10,6,7,1,2,1,7
w6088,2,3,8,9,5,4,9,3,1,4,1,7,1,3,5,7
w6106,6,8,4,10,5,7,9,9,1,8,3,6,1,6,2,9
w6160,5,7,6,8,10,8,9,4,1,3,1,6,1,6,5,7
w6163,2,10,8,10,10,9,8,7,1,1,1,5,1,1,1,8
w6166,8,7,8,4,5,9,9,6,1,7,1,8,1,3,2,6
w6177,9,8,7,10,10,9,9,8,1,10,1,3,1,1,5,9
w6191,3,5,6,10,5,4,9,7,1,1,1,6,1,4,3,6
w6192,8,9,8,7,10,9,10,9,1,1,1,7,1,7,5,8
w6194,1,7,9,10,8,8,10,8,1,9,4,7,2,1,5,8
w6213,9,10,8,10,10,10,10,6,1,9,2,6,2,8,3,8
w6215,9,7,5,9,10,8,8,6,1,8,1,4,1,8,5,8
w6220,1,6,7,10,10,8,9,7,1,4,1,6,1,1,5,8
w6227,3,7,9,6,5,7,8,3,1,3,1,7,1,5,2,6
w6248,9,10,10,10,2,10,10,7,1,1,6,8,1,3,6,7
w6274,1,6,7,7,10,6,10,7,1,4,5,7,1,1,2,7
w6275,9,10,10,10,10,10,10,8,1,6,1,9,1,2,1,7
w6279,3,5,8,10,5,6,9,4,2,10,1,8,1,2,4,6
w6304,1,3,5,7,5,2,7,6,1,1,1,3,1,1,6,8
w6307,2,10,10,10,5,9,7,3,1,6,6,8,1,1,5,5
w6317,5,4,4,4,5,7,2,6,1,1,1,9,1,1,5,6
w6326,8,3,4,4,2,4,8,3,1,1,1,9,1,1,1,4
w6333,4,8,5,9,5,8,9,4,1,1,1,7,1,7,4,6
w6354,5,10,8,10,10,9,8,3,1,9,1,8,1,1,1,2
w6355,8,10,8,4,5,9,8,3,1,6,6,7,1,1,5,6
w6357,1,3,10,8,10,5,10,8,1,2,1,7,1,1,5,8
w6364,7,7,7,9,10,8,8,6,1,1,1,6,1,3,5,7
w6385,7,10,10,10,10,10,7,8,1,9,6,8,1,1,1,7
w6387,5,7,8,10,10,7,9,4,1,8,1,7,1,1,1,4
w6391,8,7,8,3,5,8,9,5,1,9,6,8,1,6,5,7
w6393,3,4,4,7,5,7,9,4,1,9,1,7,1,5,2,7
w6394,2,2,3,9,10,4,9,5,1,8,1,6,1,1,2,7
w6418,9,9,9,9,10,9,7,6,1,1,1,2,1,1,4,8
w6437,3,4,4,7,5,7,9,3,1,8,1,7,1,6,5,6
w6442,5,4,4,7,5,4,8,8,1,8,1,8,1,1,3,7
w6454,9,9,5,9,10,9,6,4,1,7,1,7,1,1,2,7
w6471,6,5,7,10,5,7,6,6,1,6,6,7,2,3,2,7
w6476,3,9,8,6,10,9,10,7,1,10,6,9,1,3,1,7
w6481,5,7,5,6,5,8,10,6,1,10,6,7,1,1,3,7
w6482,3,10,10,10,10,9,10,8,1,1,1,3,1,1,6,9
w6488,9,10,10,9,5,9,10,4,1,9,1,4,1,3,4,7
w6496,8,9,10,8,10,9,10,8,1,7,1,6,1,1,5,8
w6515,7,7,6,8,5,8,8,3,1,8,7,6,1,4,3,6
w6529,6,7,7,4,10,8,9,3,1,9,1,8,1,1,5,6
w6564,3,10,6,6,10,9,8,6,1,9,1,7,1,1,1,6
w6567,7,8,6,9,5,8,10,6,1,10,1,8,1,1,1,6
w6570,8,8,7,10,5,9,9,3,1,9,1,8,1,2,4,6
w6577,9,10,8,3,5,9,8,4,1,9,1,7,1,1,5,7
w6592,5,3,4,4,5,4,9,6,1,8,6,7,1,6,2,8
w6593,2,7,4,10,5,8,9,3,1,10,6,8,1,3,4,6
w6606,4,10,10,8,10,8,9,6,1,3,1,6,1,1,3,8
w6617,4,10,10,3,10,9,8,3,1,1,1,8,1,1,1,5
w6634,9,8,8,9,5,9,9,6,1,10,1,8,1,1,3,7
w6636,9,8,6,9,5,8,10,8,1,9,1,3,2,6,3,9
w6637,10,10,7,10,10,9,10,6,1,9,1,8,1,1,5,7
w6658,1,7,8,10,10,4,10,6,1,1,1,4,1,1,3,8
w6670,5,4,7,4,5,5,8,7,1,1,1,3,1,2,3,8
w6686,9,10,10,10,5,10,10,8,1,1,1,8,1,1,6,8
w6689,10,9,10,4,10,9,9,7,1,9,7,7,1,2,7,8
w6691,5,3,7,9,5,4,9,4,1,1,2,7,1,5,2,7
w6698,8,8,5,7,5,9,9,8,1,6,1,6,1,3,6,9
w6699,9,8,9,7,5,9,10,3,1,9,5,8,1,2,5,4
w6704,7,7,7,4,10,8,9,7,1,6,1,8,1,1,2,7
w6707,5,6,7,10,10,6,9,5,1,10,4,4,2,2,5,7
w6715,2,9,8,8,10,9,10,9,1,4,1,6,1,2,6,8
w6723,9,10,10,10,10,9,10,4,1,10,1,6,1,2,4,5
w6741,9,10,8,10,10,9,10,9,1,6,3,8,1,1,5,7
w6758,10,10,10,9,10,10,9,8,1,7,1,7,1,2,3,8
w6771,8,10,8,10,10,9,8,8,1,9,1,7,2,1,6,7
w6775,3,8,10,10,10,8,10,9,1,1,1,7,1,6,1,8
w6785,9,10,7,10,10,10,10,8,1,9,10,8,2,2,1,5
w6792,3,7,7,10,5,9,10,3,1,10,6,5,2,1,6,7
w6795,7,8,7,9,5,9,9,5,1,8,7,8,1,3,5,6
w6801,9,9,9,10,5,9,10,4,1,9,1,8,2,2,6,6
w6811,5,10,8,10,10,10,9,7,1,1,3,8,1,1,1,6
w6812,8,10,10,10,10,9,10,3,1,1,1,9,1,1,1,5
w6822,5,10,8,6,10,8,8,5,1,8,6,8,1,1,2,4
w6826,5,6,7,9,5,8,10,6,1,1,2,8,2,4,6,6
w6832,9,10,10,10,5,9,10,7,1,9,1,7,1,1,1,8
w6841,2,6,7,5,5,7,8,5,1,6,6,8,2,6,2,6
w6863,7,6,6,9,10,8,9,6,1,1,3,5,1,6,6,8
w6865,8,7,9,3,5,8,7,3,1,6,1,6,1,1,2,6
w6869,9,10,10,4,10,9,10,8,1,10,1,7,1,4,5,8
w6879,7,6,8,8,10,7,5,4,1,3,2,7,1,1,4,6
w6901,6,9,9,10,10,8,9,6,1,3,1,7,1,1,5,7
w6963,8,9,7,9,6,9,9,5,1,7,7,8,2,2,6,7
w6977,8,8,7,10,10,8,9,3,1,4,1,8,1,2,1,6
w7001,7,4,3,9,5,8,9,6,1,9,1,5,1,8,5,8
w7034,9,8,7,9,5,9,10,4,1,6,7,7,1,3,5,7
w7046,9,10,10,10,5,9,7,6,1,3,5,8,1,2,1,7
w7051,9,10,7,10,10,9,10,8,1,1,1,6,1,1,1,8
w7080,3,5,5,7,8,4,8,5,1,8,1,8,1,4,2,7
w7103,9,9,8,4,5,9,10,6,1,3,1,9,1,1,4,6
w7104,1,10,10,10,10,5,9,8,1,1,1,7,1,1,5,7
w7105,8,10,10,10,10,10,10,4,1,1,1,9,1,1,6,4
w7109,2,6,6,9,10,8,10,8,1,9,1,6,1,1,5,8
w7111,3,6,5,7,5,9,10,4,1,10,1,8,2,2,5,6
w7122,2,9,7,10,10,9,10,6,1,7,1,2,1,1,1,8
w7126,9,10,9,4,10,10,8,6,1,9,8,5,2,2,1,8
w7132,5,8,6,8,4,9,8,4,1,1,6,8,1,2,5,6
w7136,5,8,7,10,10,8,10,7,1,9,4,7,2,3,3,8
w7155,5,10,9,10,10,9,10,3,1,9,1,4,1,3,1,7
w7158,3,10,10,4,5,9,8,4,1,3,1,7,1,1,4,6
w7180,1,9,7,10,10,9,10,8,1,3,1,7,1,2,1,8
w7185,10,9,10,10,10,9,9,7,1,9,1,7,1,2,5,8
w7207,7,10,10,10,10,9,10,8,1,8,1,4,2,1,5,9
w7216,2,7,8,10,10,9,9,9,1,3,1,4,1,1,1,9
w7220,9,10,8,10,10,10,10,3,1,10,7,8,1,2,2,6
w7239,3,7,7,10,10,7,4,3,1,1,1,7,1,1,5,6
w7240,3,3,6,9,5,6,8,3,1,1,5,6,2,1,5,6
w7249,7,8,8,10,5,9,9,6,1,3,1,6,1,3,7,8
w7266,10,10,7,10,5,8,10,6,1,10,1,7,2,1,5,8
w7269,8,10,8,10,10,10,9,8,1,1,1,7,1,1,1,7
w7271,5,10,8,10,10,10,9,8,1,7,2,9,2,3,1,8
w7293,7,7,7,10,8,8,6,3,1,6,1,5,2,1,5,6
w7300,8,10,10,10,10,10,10,8,1,1,2,4,3,1,1,8
w7306,9,9,6,4,10,9,9,5,1,2,1,7,1,2,1,7
w7310,9,9,9,8,10,9,9,6,1,9,1,8,1,2,2,6
w7317,10,10,8,9,10,10,9,9,1,7,9,8,3,7,5,8
w7322,8,8,7,4,5,8,8,6,1,8,1,6,1,3,4,8
w7333,5,10,10,10,10,8,8,2,1,1,1,8,1,1,4,4
w7349,3,3,6,7,5,7,9,8,1,1,3,6,1,1,4,8
w7353,10,8,9,6,10,9,8,4,1,8,1,6,1,6,6,7
w7363,3,8,9,10,10,7,6,7,1,9,1,4,3,1,5,8
w7388,10,10,10,10,5,9,10,8,1,9,3,3,1,1,3,9
w7415,5,4,4,9,10,3,5,7,1,7,1,6,1,1,1,8
w7430,8,8,9,10,10,9,8,5,1,7,1,7,2,1,5,6
w7442,1,4,4,8,10,7,7,3,1,6,3,7,2,7,4,6
w7447,2,4,5,3,10,7,7,6,1,1,1,4,2,1,6,8
w7449,3,7,6,8,10,8,9,6,1,9,5,6,1,3,7,8
w7469,9,7,8,9,10,8,8,8,1,8,7,3,1,2,1,9
w7470,9,7,6,10,10,8,9,8,1,4,1,7,1,2,2,8
w7507,8,8,8,10,5,9,9,6,1,9,7,7,2,3,8,7
w7508,7,8,8,10,5,8,9,4,1,8,3,7,1,3,2,7
w7509,9,9,7,9,10,9,9,7,1,6,4,6,1,6,5,8
w7518,8,10,10,10,5,8,7,7,1,6,3,7,1,1,5,7
w7527,9,8,7,9,5,8,9,4,1,10,1,5,2,1,2,6
w7546,10,9,8,10,5,9,9,7,1,7,1,4,1,1,3,8
w7550,1,6,7,9,3,8,3,9,1,3,1,8,2,1,1,7
w7563,10,10,6,9,10,9,8,8,1,3,1,6,1,3,1,8
w7577,7,4,3,3,5,6,6,4,1,3,1,8,2,1,4,6
w7604,1,8,7,10,10,9,8,7,1,9,1,3,1,1,3,8
w7634,1,6,9,9,10,7,10,8,1,10,1,4,1,1,5,9
w7637,9,8,8,10,10,9,8,4,1,1,1,7,1,1,3,6
w7655,10,8,7,10,5,8,9,4,1,8,1,7,1,6,1,7
w7659,9,10,10,9,10,9,10,8,1,8,1,6,1,3,1,8
w7671,5,10,9,8,10,10,6,2,1,8,1,9,1,1,2,5
w7682,2,7,8,10,5,7,6,7,1,9,1,4,2,1,6,8
w7684,5,8,9,4,5,7,7,8,1,7,1,3,1,3,2,8
w7688,3,8,8,10,10,8,10,7,1,10,5,8,1,1,5,7
w7695,10,10,8,9,10,9,9,3,1,10,6,7,1,6,5,5
w7697,8,8,9,10,10,9,9,3,1,9,5,8,2,3,3,6
w7708,8,10,10,8,5,9,8,6,1,1,1,8,1,1,5,8
w7734,2,4,3,4,5,7,9,6,1,3,1,6,1,1,5,8
w7739,8,8,8,10,10,8,10,6,1,1,1,8,1,4,5,7
w7750,8,10,6,10,10,9,9,8,1,4,6,8,1,5,1,8
w7761,5,8,7,10,5,8,6,3,1,6,5,7,1,6,1,6
w7769,2,3,4,9,10,5,8,3,1,1,1,8,1,1,1,5
w7771,8,7,7,9,10,8,9,6,1,9,1,6,1,2,2,8
w7789,9,7,7,9,10,9,9,8,1,9,1,6,1,1,4,8
w7791,3,10,8,10,5,9,10,9,1,6,6,8,1,3,1,7
w7804,1,6,7,4,10,7,3,6,1,1,1,2,2,1,1,8
w7805,10,10,10,10,10,10,6,4,1,1,4,6,1,1,1,6
w7815,3,8,8,10,5,8,7,7,1,4,5,4,1,1,2,7
w7828,8,10,10,9,10,9,8,5,1,3,1,7,1,1,2,7
w7831,5,4,6,6,10,8,8,4,1,9,5,7,1,1,4,6
w7845,8,9,10,10,5,9,8,3,1,9,6,7,1,4,1,6
w7847,10,10,10,10,10,10,9,6,1,2,8,9,1,1,3,6
w7856,1,4,5,7,10,7,8,7,1,1,1,3,2,2,2,8
w7857,5,6,7,10,10,6,10,7,1,8,1,6,1,6,4,8
w7859,5,7,8,10,10,8,9,6,1,10,1,6,1,1,1,8
w7860,9,8,9,10,10,8,9,8,1,3,1,6,1,7,4,8
w7864,5,6,6,7,5,6,8,6,1,6,6,8,2,1,3,6
w7868,6,7,7,4,10,8,8,4,1,10,1,6,1,3,3,6
w7870,8,10,10,10,10,8,7,6,1,1,4,8,1,6,1,6
w7871,9,10,8,10,10,9,8,4,1,3,1,8,1,1,1,6
w7892,10,10,10,10,5,10,10,8,1,3,4,5,1,1,2,9
w7904,5,7,8,10,10,9,9,8,1,10,1,6,1,1,1,8
w7906,6,8,9,10,5,8,8,6,1,9,4,7,1,3,5,7
w7919,9,7,7,8,5,9,9,3,1,10,8,7,1,2,1,6
w7927,9,10,10,3,10,8,10,6,1,1,1,6,1,1,3,7
w7941,6,10,10,10,10,9,9,7,1,9,1,9,2,4,5,6
w7944,5,7,4,4,2,8,9,3,1,8,1,6,1,3,2,6
w7946,8,7,7,8,5,8,9,5,1,9,2,7,1,3,2,7
w7952,5,8,9,7,5,8,7,7,1,8,6,6,1,1,2,8
w7967,1,8,7,10,10,9,10,6,1,10,7,3,1,2,5,8
w7972,5,7,7,10,10,8,8,3,1,10,1,6,1,3,5,7
w7973,9,9,8,8,10,9,7,6,1,3,1,3,1,7,4,8
w7978,3,9,10,8,5,8,10,6,1,10,3,8,1,6,3,7
w7981,8,8,7,10,10,8,9,7,1,10,5,6,1,3,2,8
w7983,10,9,9,10,10,9,9,9,1,8,3,8,1,1,8,7
w7984,3,6,8,3,10,7,8,3,1,6,3,7,1,3,5,6
w7993,7,6,6,10,10,9,10,6,1,9,5,6,4,3,4,7
w7996,2,4,6,10,5,6,9,3,1,1,1,4,1,7,5,7
w8004,8,8,7,10,10,9,10,9,1,3,1,1,1,1,1,9
w8019,1,8,9,10,10,8,9,3,1,8,8,6,2,3,6,6
w8030,5,8,8,10,10,9,9,5,1,10,2,8,1,1,1,6
w8042,8,4,7,4,5,7,8,8,1,3,1,3,2,1,3,8
w8045,6,6,7,9,5,7,9,4,1,9,6,6,1,3,4,8
w8054,5,7,6,10,10,6,7,6,1,6,7,5,1,3,3,8
w8079,9,10,7,10,10,10,8,8,1,9,8,4,2,7,1,8
w8083,9,8,7,4,10,9,7,4,1,9,1,8,1,2,2,6
w8094,10,7,6,6,5,8,5,9,1,1,1,3,1,1,2,9
w8120,1,4,5,6,10,6,10,8,1,9,1,6,1,1,5,8
w8143,9,10,10,10,10,9,9,8,1,1,1,6,1,8,2,9
w8145,10,10,8,10,5,10,5,7,1,1,1,3,1,1,1,8
w8160,5,8,8,9,5,8,9,3,1,8,5,9,2,4,6,6
w8211,1,7,8,8,10,8,10,7,1,10,5,3,1,3,6,9
w8214,2,10,10,7,10,10,10,8,1,3,1,3,1,2,2,9
w8227,9,10,10,10,10,10,10,7,1,10,6,6,1,1,5,8
w8244,9,9,7,10,10,9,10,6,1,7,7,8,2,2,5,6
w8270,3,4,10,10,10,6,10,7,1,1,1,9,1,1,5,6
w8272,3,8,6,9,10,8,9,4,1,1,1,3,1,1,1,7
w8284,8,10,10,10,10,10,10,7,1,10,1,6,1,1,2,8
w8290,9,10,9,10,5,10,8,7,1,1,1,7,1,1,2,8
w8293,9,7,6,7,5,8,9,7,1,1,2,7,3,7,5,8
w8302,5,8,8,9,10,8,8,8,1,3,1,8,2,4,3,7
w8311,3,10,10,10,10,9,10,4,1,10,3,8,1,4,5,7
w8314,8,9,7,9,5,8,9,7,1,10,7,8,2,7,5,8
w8317,5,7,4,5,5,7,9,6,1,7,1,7,1,7,5,8
w8336,7,7,7,10,10,8,9,4,1,10,1,7,1,4,5,7
w8337,5,8,9,9,10,8,8,4,1,8,1,6,1,6,5,7
w8343,5,4,3,10,5,7,7,8,1,3,1,3,1,8,6,9
w8344,2,7,9,10,10,9,9,7,1,8,3,5,1,3,2,8
w8345,6,6,3,4,5,7,8,8,1,1,1,6,1,7,5,9
w8350,1,3,3,4,5,4,7,6,1,1,1,7,1,4,5,7
w8367,9,9,8,9,10,9,9,6,1,3,1,8,1,1,3,7
w8378,10,8,6,9,10,8,8,8,1,3,1,2,1,7,5,9
w8403,5,10,8,10,10,9,10,7,1,9,1,9,1,1,1,7
w8405,5,8,8,9,5,6,10,4,1,6,5,7,1,2,3,6
w8449,10,10,9,10,10,9,8,7,1,9,1,7,2,8,5,8
w8460,7,7,3,10,5,8,9,7,1,8,5,3,1,3,1,8
w8462,9,9,10,10,10,9,9,8,1,8,1,8,1,7,1,7
w8464,7,8,7,4,10,9,9,6,1,8,1,5,2,1,5,7
w8467,10,4,5,10,10,7,10,8,1,3,6,4,1,1,2,8
w8477,10,8,9,9,10,8,9,6,1,9,9,8,2,4,3,7
w8478,3,4,4,10,10,6,8,4,1,8,1,6,1,4,1,7
w8481,5,6,8,8,5,7,8,7,1,3,1,7,1,7,9,8
w8484,5,9,8,10,5,9,5,6,1,3,1,7,1,7,5,8
w8492,9,9,7,4,5,8,8,6,1,1,1,7,2,6,3,7
w8497,3,8,8,10,5,9,8,6,1,1,7,9,1,4,3,7
w8501,3,9,8,7,5,9,8,6,1,3,1,8,1,1,1,6
w8517,1,8,8,10,10,7,10,7,1,10,1,4,1,1,2,8
w8522,2,4,6,10,10,6,9,8,1,10,1,5,1,7,5,9
w8525,8,7,8,10,10,8,8,7,1,1,1,3,1,7,8,8
w8547,1,3,7,7,10,3,10,5,1,3,1,8,1,1,1,7
w8551,3,7,7,9,10,8,9,5,1,9,7,7,2,6,2,7
w8580,9,10,10,4,10,9,9,7,1,9,1,7,1,5,2,8
w8598,3,9,10,10,5,9,10,4,1,1,1,8,1,1,2,5
w8605,3,7,8,10,10,9,9,7,1,10,1,8,1,6,6,8
w8607,9,10,10,10,10,10,9,5,1,9,3,9,1,1,1,5
w8615,8,9,9,10,10,9,9,8,1,9,1,2,1,2,1,8
w8616,1,7,9,4,10,8,7,5,1,3,3,6,1,1,2,8
w8626,8,9,10,10,10,9,8,8,1,9,1,8,1,2,3,7
w8627,9,9,8,10,10,9,9,7,1,4,1,4,3,1,1,8
w8629,9,8,8,10,5,9,10,4,1,9,1,7,1,1,6,6
w8645,10,9,8,10,5,8,7,3,1,6,1,7,1,1,5,7
w8688,3,7,7,3,10,6,9,3,1,10,1,5,1,1,2,6
w8697,1,5,6,8,5,8,10,6,1,7,1,6,1,4,6,8
w8701,3,4,4,10,5,8,8,3,1,7,1,8,1,5,6,6
w8704,5,10,10,10,10,8,10,3,1,10,1,6,1,1,2,6
w8712,7,6,7,10,10,8,9,8,1,8,1,8,2,6,4,8
w8715,3,6,6,9,10,8,8,6,1,8,3,7,1,1,6,8
w8720,5,10,10,10,10,10,10,8,1,1,7,6,2,3,1,9
w8722,5,4,3,10,10,8,7,8,1,8,1,4,1,2,1,9
w8727,10,10,10,10,5,10,10,6,1,10,1,6,1,3,2,8
w8746,10,9,8,10,10,9,5,5,1,1,1,9,1,1,6,6
w8750,10,10,9,10,10,10,10,8,1,9,1,8,1,4,1,8
w8782,10,10,7,10,10,9,5,6,1,1,1,6,1,1,1,7
w8811,8,7,6,9,5,8,7,6,1,7,9,7,1,5,3,8
w8819,10,10,7,10,5,10,10,7,1,7,6,7,1,1,3,8
w8822,8,8,7,9,10,7,5,3,1,7,1,8,1,2,1,5
w8825,5,9,6,10,10,9,10,5,1,9,1,7,1,8,6,7
w8841,8,7,7,7,6,8,9,7,1,8,1,8,2,4,5,8
w8848,8,8,10,10,10,9,9,9,1,3,5,3,3,8,2,9
w8852,5,10,7,4,10,10,10,9,1,6,1,3,1,3,3,9
w8876,2,7,8,10,5,8,10,8,1,9,1,7,2,1,1,7
w8881,9,10,10,10,10,10,7,3,1,1,8,8,1,3,2,6
w8883,4,10,10,10,10,10,9,4,1,9,1,8,1,1,2,7
w8885,8,10,8,10,5,9,10,7,1,3,1,5,1,5,3,8
w8890,3,7,8,10,10,7,8,7,1,9,1,5,2,2,3,8
w8896,8,9,7,8,10,9,9,6,1,1,1,7,1,4,1,7
w8919,3,8,3,9,10,8,7,4,1,1,1,6,1,1,1,7
w8920,5,7,9,6,10,8,7,8,1,10,7,6,2,1,3,9
w8923,4,8,9,9,10,9,10,6,1,9,6,5,1,1,5,8
w8953,2,4,8,3,5,4,5,3,1,3,1,6,1,1,7,7
w8959,8,10,10,10,10,9,9,3,1,8,5,7,2,2,2,6
w8963,1,7,6,10,5,8,9,6,1,9,9,6,3,1,5,8
w9006,9,9,8,10,5,8,8,6,1,8,1,6,2,1,3,7
w9009,5,8,3,10,5,8,8,7,1,6,1,6,1,1,1,8
w9013,9,10,8,7,5,9,10,8,1,9,1,4,1,4,2,8
w9023,9,10,10,10,10,9,9,9,1,3,1,8,1,3,2,7
w9069,9,10,9,10,10,9,9,8,1,10,2,6,2,6,1,9
w9076,9,10,9,10,10,9,9,8,1,9,1,8,1,1,1,7
w9094,5,7,3,2,5,7,8,3,1,8,1,6,1,7,4,6
w9133,9,8,8,10,10,9,9,6,1,9,6,7,1,6,1,8
w9158,1,7,8,10,5,7,7,3,1,8,1,7,1,1,5,6
w9171,8,9,7,8,10,9,9,6,1,1,1,4,1,1,5,7
w9175,8,10,9,10,10,10,9,3,1,1,1,6,1,1,5,7
w9178,5,9,7,9,10,9,8,8,1,8,1,8,1,4,2,8
w9179,9,10,9,7,5,9,9,7,1,6,1,6,1,1,5,8
w9188,1,4,3,5,10,6,7,6,1,3,1,8,1,3,5,7
w9195,5,7,9,6,5,8,9,6,1,6,1,5,1,1,7,8
w9196,8,9,9,7,10,9,9,6,1,7,6,8,1,2,1,6
w9208,7,7,6,5,5,8,9,6,1,9,1,5,1,2,3,8
w9210,9,9,9,8,5,9,7,7,1,1,1,8,1,1,3,7
w9242,3,4,4,9,10,7,8,4,1,9,1,4,1,2,5,7
w9251,5,7,8,10,5,8,9,6,1,3,1,7,1,1,2,6
w9263,8,6,3,3,5,7,9,6,1,9,1,8,1,6,3,7
w9269,4,6,8,9,5,6,5,8,1,2,1,4,1,2,1,8
w9273,5,8,7,10,10,8,10,7,1,6,1,6,1,3,2,8
w9275,9,7,8,6,10,9,9,4,1,9,3,6,1,3,5,6
w9295,9,10,10,10,5,9,10,8,1,3,1,2,1,1,1,9
w9314,9,9,7,7,5,8,9,8,1,7,4,7,1,6,1,8
w9315,8,7,6,4,5,8,8,3,1,4,1,7,1,2,2,6
w9316,9,8,8,9,10,9,8,4,1,10,7,8,2,3,2,6
w9318,9,10,10,10,10,10,8,8,1,3,1,5,1,1,1,8
w9329,8,8,8,10,10,9,9,8,1,8,6,7,2,2,8,9
w9360,1,7,7,7,10,9,9,7,1,9,4,6,1,2,2,8
w9372,9,8,8,10,10,9,9,6,1,10,8,8,1,2,1,6
w9389,1,7,8,10,10,6,5,6,1,3,1,3,1,1,5,8
w9410,3,4,6,3,10,6,8,3,1,6,1,9,1,1,5,5
w9413,1,4,3,9,5,6,9,3,1,9,1,3,2,4,5,7
w9460,8,4,6,4,5,7,9,5,1,9,1,6,1,6,5,8
w9462,9,9,6,6,5,9,10,4,1,3,1,6,1,6,4,7
w9474,3,8,7,9,5,9,8,4,1,1,1,6,1,3,3,7
w9492,5,10,8,3,5,9,5,4,1,1,1,8,1,2,3,6
w9498,3,6,3,7,5,7,10,6,1,7,1,8,1,2,1,7
w9502,7,8,9,10,5,8,10,6,1,6,5,6,1,1,5,7
w9509,7,8,8,10,10,7,9,7,1,8,1,8,1,1,2,6
w9524,9,6,9,10,10,8,9,4,1,7,1,6,1,7,2,7
w9528,10,10,8,9,5,9,8,7,1,8,1,7,1,2,1,7
w9536,10,9,6,7,10,9,9,4,1,9,1,8,1,5,1,7
w9538,8,10,9,10,5,10,9,3,1,8,5,9,1,1,1,6
w9585,5,7,7,7,10,8,8,7,1,3,6,6,1,3,2,8
w9601,3,8,8,2,10,3,8,3,1,1,1,6,1,1,3,6
w9643,10,10,9,10,10,9,8,7,1,1,1,6,3,1,2,8
w9652,4,3,4,6,7,6,7,4,1,4,1,5,1,2,6,7
w9653,1,3,4,6,5,6,9,6,1,9,1,4,1,7,6,8
w9701,5,7,6,10,10,8,9,8,1,8,1,7,3,1,1,8
w9704,5,7,7,8,5,7,9,6,1,7,1,6,1,2,5,8
w9706,2,3,6,4,5,6,8,3,1,6,3,8,1,5,2,5
w9714,7,8,8,2,10,8,9,3,1,8,5,9,1,2,2,5
w9721,8,10,10,10,10,9,9,7,1,1,1,6,1,1,1,8
w9728,3,3,4,4,5,3,9,3,1,9,6,8,1,2,6,6
w9729,10,10,10,10,10,10,7,6,1,9,5,3,1,2,5,8
w9736,5,6,4,9,10,8,9,4,1,1,1,6,1,4,2,7
w9740,3,10,10,10,10,9,8,6,1,3,6,8,1,2,2,6
w9755,9,10,10,7,10,8,10,8,1,6,7,6,1,3,2,8
w9756,9,10,9,10,5,8,5,6,1,8,1,3,1,1,1,8
w9758,5,8,9,10,5,8,9,4,1,9,5,8,1,3,5,7
w9759,2,6,8,6,5,8,10,6,1,1,1,6,1,1,5,8
w9765,5,8,7,10,5,8,7,6,1,3,1,4,1,5,1,8
w9767,3,9,8,8,6,9,9,6,1,6,1,8,1,1,5,7
w9775,8,7,6,10,10,9,9,8,1,7,6,6,1,4,4,8
w9814,9,7,9,9,5,8,9,4,1,9,1,7,2,1,7,5
w9866,8,7,7,9,10,8,7,4,1,9,6,8,1,2,2,6
w9873,9,8,8,10,5,9,10,9,1,9,1,2,2,7,3,9
w9889,3,6,6,9,10,8,9,8,1,9,1,8,1,2,1,7
w9904,3,9,9,10,10,10,9,4,1,8,2,9,1,1,1,5
w9909,3,7,8,10,10,8,8,6,1,6,6,3,1,1,5,8
w9910,9,10,9,3,10,9,5,5,1,6,5,9,2,1,1,6
w9929,7,9,10,9,6,9,9,3,1,4,1,9,1,1,5,6
w9934,8,6,8,10,10,8,9,4,1,9,1,7,1,2,4,7
w9938,7,6,4,4,3,7,8,7,1,6,1,3,2,2,2,8
w9945,2,10,8,9,10,10,3,3,1,1,6,9,1,2,4,6
w9957,6,8,9,9,5,8,9,6,1,9,1,6,1,2,3,8
w9967,9,10,10,10,5,9,10,7,1,6,7,8,1,1,1,7
w9970,2,3,4,9,5,5,10,6,1,6,3,6,1,3,2,8
w9972,4,4,4,6,5,6,8,3,1,7,1,6,1,7,4,7
w9988,2,8,9,4,10,8,7,6,1,6,5,8,1,4,2,7
w9997,2,4,9,10,10,7,10,4,1,10,5,7,1,1,3,6
