doc_idx,ArticleID,group,Readability,Readability_resid,total_bigrams
0,60,0,5,-1.268259285191566,37
1,186,0,5,-1.3136943225417532,65
2,303,0,5,-0.8992272419112819,26
3,307,0,5,-1.1861337362712927,79
4,2374,0,6,-1.0247414337943184,24
5,2394,0,6,-1.0469326017920384,43
6,2406,0,6,-1.4068483575896256,34
7,2459,0,5,-2.0398313845485827,42
8,2477,0,6,-1.1819132224034092,27
9,2483,0,7,-0.8584362074256431,36
10,2516,0,6,-0.9257104905741302,36
11,2524,0,6,-1.2201747259951823,20
12,2534,0,5,-2.1669056031066276,29
13,2557,0,5,-2.504613296249227,28
14,2577,0,6,-1.1941162358933468,17
15,2604,0,7,-0.878569162045812,24
16,2614,0,6,-1.31408800722234,31
17,2624,0,6,-1.3353033679467305,30
18,2686,0,7,-0.8423999958829604,20
19,2702,0,7,-0.8770304826617519,43
20,2716,0,6,-1.6074619747108096,35
21,2729,0,7,-1.09183937026617,12
22,2742,0,6,-0.9441698491770358,14
23,2775,0,7,-1.383578233068409,20
24,2786,0,6,-1.3529855628106855,33
25,2795,0,5,-2.224176551696769,76
26,2811,0,5,-2.0603223789132867,34
27,2817,0,6,-0.9280718436181061,16
28,2827,0,6,-1.5426825109083584,30
29,2841,0,6,-1.4055057153425228,56
30,2842,0,6,-1.3408999801157808,24
31,2890,0,6,-0.9863977448294943,41
32,2907,0,6,-1.8102414451407727,56
33,2985,0,4,-3.465601528634692,100
34,3018,0,6,-1.1204484283464957,70
35,3034,0,5,-2.027355481874708,56
36,3038,0,4,-3.416954941957785,41
37,3040,0,6,-0.8509151330141096,32
38,3044,0,5,-1.5131675048734978,41
39,3049,0,5,-1.995254566020943,47
40,3066,0,6,-1.2753640644889224,52
41,3093,0,6,-0.9711854285618404,38
42,3104,0,6,-1.5911156705183886,21
43,3111,0,6,-1.4176708162906664,36
44,3155,0,6,-1.4201334033760373,46
45,3157,0,6,-0.9165737440588169,29
46,3158,0,6,-1.676774731822639,58
47,3160,0,6,-1.5577579428376485,29
48,3166,0,5,-2.122112863634002,37
49,3194,0,6,-1.842344262602026,50
50,3199,0,6,-1.7234834731823883,23
51,3209,0,4,-3.176445217797462,44
52,3245,0,6,-1.2672250470748603,32
53,3248,0,6,-1.277724747804112,33
54,3254,0,7,-1.3007853865565728,52
55,3281,0,7,-0.8959834387346017,31
56,3288,0,7,-1.0488562447288992,30
57,3295,0,7,-0.8792979573463393,46
58,3301,0,6,-1.0600927867767664,19
59,3337,0,6,-1.3711380569808886,48
60,3340,0,6,-1.4559587807978058,26
61,3350,0,6,-1.9999796360991935,32
62,3361,0,4,-3.5102239893813225,50
63,3375,0,6,-1.806972204982518,22
64,3383,0,7,-0.8590390998829793,32
65,3419,0,6,-1.6449855970746698,33
66,3424,0,6,-1.0407174990916142,32
67,3457,0,6,-1.774447490287411,48
68,3470,0,7,-1.2083582559382542,18
69,3471,0,6,-1.9451357640454097,42
70,3492,0,7,-1.347002401748874,19
71,3503,0,7,-1.2397665574892525,25
72,3514,0,6,-1.3108390504679885,17
73,3517,0,7,-1.0869389802242626,26
74,3526,0,6,-1.3633075933840315,39
75,3529,0,7,-0.8358663767235832,24
76,3532,0,6,-2.0747638508837607,39
77,3535,0,7,-1.218782942084209,35
78,3564,0,6,-1.0844556225411708,42
79,3565,0,5,-1.5581196146294447,52
80,3570,0,6,-1.1967641779658225,79
81,3600,0,6,-2.3944910219441127,40
82,3606,0,6,-1.317895819005539,27
83,3636,0,6,-2.209070400364208,33
84,3641,0,7,-1.113608710625602,60
85,3643,0,7,-0.9083250513639545,28
86,3654,0,6,-1.3147937981180986,82
87,3655,0,7,-0.8762769526191194,15
88,3668,0,6,-1.0354813374462157,47
89,3670,0,7,-0.9861477227817774,45
90,3772,0,6,-0.8405778131981902,62
91,3846,0,6,-1.0250608768937974,28
92,3881,0,5,-1.883105832481628,66
93,3896,0,3,-3.1727056016937505,29
94,3920,0,5,-1.969669867570075,26
95,3984,0,6,-1.101068408649395,42
96,3991,0,4,-1.8875030067553427,33
97,3999,0,4,-1.897389574320349,52
98,4103,0,6,-0.8406129814902261,46
99,4133,0,4,-2.2685091335792915,68
100,4151,0,5,-1.967814412419198,32
101,4180,0,7,-1.1376449809105065,27
102,4202,0,6,-1.4842322030963189,40
103,4203,0,7,-1.0161575129944271,37
104,4206,0,7,-1.1432822235859046,55
105,4236,0,6,-2.7359615469547833,42
106,4260,0,4,-3.204825017116554,52
107,4262,0,7,-0.9626539733584796,36
108,4271,0,5,-2.0999360133364764,75
109,4289,0,6,-1.495525037742822,54
110,4298,0,6,-1.981498923250177,67
111,4314,0,7,-0.972599829351819,39
112,4330,0,6,-1.369296273869887,23
113,4336,0,6,-2.457135898156009,55
114,4356,0,6,-1.1231328905318785,20
115,4365,0,6,-1.4058678957646569,64
116,4368,0,6,-1.2828406398640206,25
117,4371,0,6,-1.85192398575518,53
118,4374,0,6,-1.0441280061046703,28
119,4417,0,7,-1.1033878107274546,31
120,4434,0,7,-0.8700778501953135,27
121,4449,0,7,-0.9487919740749335,38
122,4456,0,7,-0.835364732005119,40
123,4465,0,6,-1.3239815892966158,31
124,4467,0,7,-1.1415532069537786,27
125,4472,0,7,-1.0858263012716751,32
126,4479,0,7,-1.0754318549277446,34
127,4482,0,6,-1.4892037160502607,26
128,4483,0,7,-0.9868080596127768,31
129,4503,0,7,-1.565969838854846,51
130,4514,0,6,-1.8891999863235522,35
131,4522,0,7,-0.9050015889205989,32
132,4530,0,6,-2.2415664891689797,47
133,4536,0,7,-1.1793783747864381,44
134,4567,0,6,-1.4716849002739503,97
135,4578,0,6,-1.4104671383834768,33
136,4597,0,7,-1.3319970164601092,72
137,4606,0,6,-1.6505573839141432,23
138,4607,0,7,-0.9041417494374011,36
139,4608,0,7,-1.0147102672603303,28
140,4641,0,7,-1.1611009150212475,43
141,4642,0,6,-2.4057308493645557,60
142,4647,0,7,-1.1319822246280555,19
143,4652,0,6,-2.0627257084876867,30
144,4655,0,6,-1.6610175201791737,43
145,4669,0,7,-0.8714370525852839,62
146,4682,0,7,-0.9627810248672617,25
147,4756,0,6,-1.632896107250244,50
148,4765,0,4,-3.2275920956491726,27
149,4777,0,7,-1.1852014155827515,28
150,4796,0,6,-1.2328277175616407,23
151,4802,0,5,-2.6938924730804326,21
152,4806,0,7,-0.9312266069768382,26
153,4820,0,6,-1.5122056789169704,31
154,4831,0,7,-0.9319637531818117,36
155,4832,0,7,-0.8598770690291477,27
156,4852,0,6,-1.8237418637742424,30
157,4855,0,6,-0.8590843209624817,36
158,4861,0,7,-0.9100780092504017,94
159,4885,0,6,-1.1171986158252905,26
160,4886,0,7,-1.4448689056535784,70
161,4951,0,6,-1.0180683402207844,37
162,4972,0,7,-1.2637612164469214,25
163,4974,0,6,-1.3062414968112002,38
164,5026,0,7,-0.8520494423203777,12
165,5056,0,5,-2.483428616780653,37
166,5061,0,7,-1.0812278779580389,30
167,5204,0,7,-1.3281718077601532,19
168,5212,0,6,-1.2328105525147448,27
169,5225,0,7,-1.002289217675136,17
170,5235,0,6,-2.0341572933734433,34
171,5265,0,7,-0.8851975118717936,38
172,5267,0,7,-0.9688638646801557,30
173,5310,0,7,-1.0329125985757752,33
174,5434,0,6,-1.3195405278905543,19
175,5442,0,7,-0.8432677216574005,36
176,5453,0,6,-2.0386379141977766,36
177,5477,0,7,-1.0134223404110951,32
178,5485,0,6,-1.1699192309027975,27
179,5512,0,7,-1.0358128743723416,25
180,5521,0,6,-2.0804062652456476,27
181,5524,0,7,-1.308363437867314,35
182,5528,0,7,-1.1282320217475252,48
183,5697,0,7,-1.0020620655641999,23
184,5698,0,7,-1.188526055497782,23
185,5707,0,7,-1.1308441992928486,22
186,5725,0,7,-0.9821665604361396,25
187,5726,0,7,-1.0576191070816865,27
188,5786,0,6,-2.018402699908581,20
189,5801,0,6,-1.7592398793642134,19
190,5835,0,6,-1.170563886078238,37
191,5836,0,7,-1.1434725568478754,29
192,5941,0,7,-1.180343729305811,25
193,5946,0,6,-2.5592243270732524,19
194,5970,0,7,-0.8707802057935599,16
195,5977,0,5,-2.3277457065417657,33
196,5987,0,6,-1.5383597045590935,30
197,6003,0,7,-0.9939126298041643,28
198,6021,0,6,-1.4770091279637043,22
199,6041,0,7,-0.845044708258361,27
200,6053,0,6,-1.3093559784664768,46
201,6058,0,5,-2.260779322035111,28
202,6069,0,6,-1.4096202990068392,24
203,6077,0,6,-1.0634683689310789,32
204,6084,0,4,-2.901699738020258,27
205,6099,0,7,-1.138794833950696,20
206,6106,0,6,-1.2407204372586929,33
207,6132,0,6,-1.1688289256643554,30
208,6135,0,7,-1.316728394598334,35
209,6147,0,6,-1.334261518470008,26
210,6161,0,6,-1.0229852869257554,70
211,6170,0,6,-1.1224026540830367,39
212,6188,0,6,-1.302607133826018,39
213,6193,0,6,-1.149424570680436,33
214,6212,0,5,-2.337599046438453,39
215,6229,0,7,-1.1590983372520896,34
216,6246,0,6,-1.060266086587852,26
217,6262,0,6,-1.7106189155732716,33
218,6333,0,7,-0.9961065703179584,25
219,6341,0,7,-0.9654040091623628,34
220,6362,0,6,-1.1016983567730954,28
221,6382,0,6,-1.3090949862920986,34
222,6394,0,6,-1.027477480020175,32
223,6424,0,7,-1.119158417399996,25
224,7524,0,6,-1.7396282807305656,39
225,7534,0,7,-1.0441019549445567,32
226,7542,0,7,-1.270529140315526,22
227,7560,0,7,-1.2493744941028968,19
228,7568,0,6,-1.645354408469304,36
229,7577,0,5,-2.1422911609494966,27
230,7579,0,6,-1.4748901950671698,33
231,7600,0,7,-0.9566380677444144,32
232,7644,0,5,-1.861158092409208,32
233,7680,0,7,-1.2424257727170787,42
234,7708,0,6,-2.004982200151847,44
235,7722,0,6,-1.4168396316150975,18
236,7789,0,7,-1.1759695878236336,31
237,7791,0,6,-0.9856361615814073,55
238,7801,0,6,-1.5231474290207325,33
239,7832,0,6,-1.4185666011600393,50
240,7836,0,5,-1.8926064444661579,42
241,7867,0,6,-1.0909944104305982,49
242,7942,0,6,-1.2485840155731802,28
243,8004,0,7,-0.8944899057859423,30
244,8109,0,4,-3.3696558308645734,30
245,8115,0,6,-1.3489891380480996,37
246,8129,0,6,-0.9974897852186375,20
247,8147,0,6,-2.129843758457154,25
248,8154,0,6,-1.4830678416531322,35
249,8167,0,7,-1.2332446618743713,34
250,8168,0,7,-0.9613453808062049,9
251,8174,0,6,-1.8061034388519328,39
252,8202,0,4,-2.441851918396461,42
253,8205,0,6,-1.3942678788080665,76
254,8249,0,6,-0.8740512402191438,50
255,8310,0,6,-1.1227665402850366,67
256,8324,0,4,-2.7244466483961203,36
257,8327,0,6,-1.2201141387104304,31
258,8344,0,5,-1.3630728893041457,92
259,8369,0,6,-1.2846388163163196,32
260,8373,0,4,-2.4935024457635295,43
261,8401,0,5,-1.3133249805052136,40
262,8461,0,3,-3.510379103154243,26
263,8464,0,4,-1.9804136107722297,43
264,8516,0,5,-1.8875149083207488,82
265,9245,0,6,-1.5699529469375113,22
266,9272,0,7,-1.1085666687017195,29
267,9282,0,4,-2.1696583723078424,15
268,9295,0,7,-1.2577195098930787,41
269,9297,0,6,-2.138280008349355,66
270,9420,0,6,-1.0996665314683831,32
271,9528,0,6,-1.6279510464154567,18
272,9529,0,6,-1.6916448241183168,15
273,9534,0,6,-1.2264526848170094,20
274,9548,0,6,-1.0601531752399698,19
275,9606,0,6,-1.6231819400365115,72
276,9610,0,6,-0.8352952391771655,51
277,2185,0,4,-3.2323330732885402,26
278,2187,0,7,-0.8729295586142278,23
279,2188,0,6,-1.2919784854271432,33
280,2376,0,6,-0.9283147670422878,38
281,2380,0,6,-1.2435382338194074,11
282,2381,0,6,-1.15013587363857,20
283,2387,0,5,-1.426749457155954,32
284,2389,0,6,-1.061563549634811,14
285,2396,0,6,-0.9302946603337299,21
286,2400,0,5,-2.299132580548079,24
287,2403,0,4,-3.8103671964566077,8
288,2411,0,5,-1.8604098443995838,17
289,2420,0,5,-1.4844907347868572,27
290,2423,0,3,-3.7241771062769207,50
291,2427,0,6,-1.1563805407491694,22
292,2431,0,5,-1.6304872460680393,27
293,2432,0,6,-1.016957257650196,22
294,2437,0,6,-0.8919162093340454,14
295,2441,0,6,-1.1123783543749743,12
296,2448,0,6,-0.8870493235210226,25
297,2449,0,6,-0.8454667592768557,28
298,2450,0,6,-0.9245870509754734,25
299,2451,0,6,-1.2549321480818154,19
300,2462,0,5,-1.6793221516142953,31
301,2471,0,6,-0.9166667938969857,32
302,2484,0,7,-0.8487592465546792,27
303,2489,0,6,-0.947050661438114,30
304,2490,0,6,-0.8454716116420951,29
305,2494,0,6,-1.3747804342015586,27
306,2496,0,6,-1.0633254939588852,34
307,2502,0,4,-3.1548430848920557,26
308,2505,0,4,-2.896967632572994,32
309,2522,0,6,-1.6316009642003202,20
310,2530,0,6,-1.49844021791899,9
311,2541,0,6,-1.1966577578139042,17
312,2547,0,6,-1.6148955838773897,26
313,2556,0,7,-0.9375029371885946,22
314,2558,0,6,-1.05384378538628,20
315,2563,0,7,-0.8649020145217126,19
316,2567,0,6,-1.1752877156370856,34
317,2568,0,6,-1.511503628525145,35
318,2591,0,5,-2.0002304810558957,27
319,2592,0,6,-1.1377119527744997,25
320,2596,0,6,-1.793558434252298,37
321,2600,0,6,-1.3930194041226631,8
322,2612,0,6,-1.0478269399808182,26
323,2615,0,6,-1.175191945982351,27
324,2616,0,7,-0.91859264365723,21
325,2627,0,6,-1.2456061908684353,40
326,2630,0,4,-3.406929608158803,25
327,2645,0,7,-1.1205641727752145,12
328,2656,0,7,-1.1038935869648085,19
329,2657,0,7,-0.9217702802278849,26
330,2667,0,6,-1.2649514013684593,37
331,2683,0,6,-1.131727006596158,26
332,2695,0,6,-1.6747078320587887,28
333,2707,0,6,-1.3481884972153884,28
334,2708,0,5,-1.7144893768516036,25
335,2710,0,6,-1.6614249742617915,29
336,2712,0,6,-1.3396742795878476,36
337,2718,0,5,-1.8340480823040188,12
338,2722,0,6,-1.2352779665546914,26
339,2728,0,6,-1.3262300950227566,25
340,2736,0,6,-1.4822472375508164,42
341,2740,0,5,-1.599784766581613,28
342,2755,0,6,-1.0135138954226397,32
343,2758,0,7,-0.9233858046547558,26
344,2762,0,6,-1.0760568853943324,27
345,2767,0,6,-1.2273218471350482,16
346,2779,0,6,-1.0587723978039243,31
347,2780,0,6,-0.8951337564014699,20
348,2782,0,6,-1.3304243046916513,25
349,2784,0,6,-1.0524009821151026,37
350,2791,0,6,-1.451404140448611,32
351,2793,0,6,-1.254321730292057,14
352,4689,0,5,-2.7284288593099255,34
353,4697,0,5,-2.8428052620804927,20
354,4702,0,6,-1.1099992829004615,21
355,4709,0,6,-1.8228476645924214,23
356,4714,0,6,-1.2120933707835517,19
357,4717,0,7,-1.1371455901287515,10
358,4722,0,6,-2.0416103735117286,23
359,4725,0,7,-1.1534123351371317,19
360,4736,0,5,-1.9960901572293643,22
361,4737,0,6,-2.00629734528974,16
362,4754,0,6,-1.230901342690939,24
363,4760,0,6,-1.114088146638034,27
364,4775,0,6,-1.4198112889859553,26
365,4793,0,6,-1.229954855414757,20
366,4797,0,6,-0.9833196715528914,25
367,4821,0,6,-1.1731173849324694,30
368,4822,0,6,-1.3058095930935663,30
369,4836,0,6,-0.8773077681948438,40
370,4841,0,6,-0.8417186282200015,48
371,4853,0,6,-1.1431257259187788,16
372,4866,0,6,-0.922884850153757,39
373,4875,0,6,-1.115821854391096,81
374,4881,0,6,-1.5082318129618875,42
375,4882,0,6,-1.1600745544043738,20
376,4890,0,5,-2.4407072113151136,23
377,4901,0,6,-1.1122639149556237,26
378,4902,0,6,-1.2160407973941396,22
379,4914,0,7,-1.1273887052863767,19
380,4920,0,7,-0.9113707839439158,23
381,4926,0,6,-0.9874071246426235,37
382,4933,0,5,-2.7735905072792173,46
383,4940,0,6,-1.2148422672434958,33
384,4942,0,6,-1.6323558525555715,34
385,4944,0,6,-1.3749540963554603,23
386,4947,0,6,-1.757433176338786,41
387,4959,0,5,-2.9466812371904822,29
388,4964,0,7,-1.1536853094285853,20
389,4968,0,6,-1.328714494096742,23
390,4970,0,6,-1.2272528814045183,14
391,4977,0,7,-1.036175979458406,24
392,4987,0,6,-1.2101915898842552,27
393,4989,0,7,-0.8562012258713079,22
394,4998,0,7,-0.9551640635887688,26
395,4999,0,6,-1.5398060584908473,22
396,5008,0,6,-1.329801133169111,20
397,5012,0,6,-1.3972877865746955,21
398,5015,0,6,-1.2027111424140937,18
399,5018,0,7,-1.1267066148173726,27
400,5024,0,6,-1.4327633586034114,24
401,5029,0,6,-1.7172894861321613,24
402,5039,0,6,-1.8408924228242203,18
403,5042,0,7,-1.0794789078829776,26
404,5058,0,5,-2.8826059243917577,25
405,5059,0,6,-1.3749057198860966,27
406,5060,0,7,-0.9420983466920108,19
407,5065,0,6,-0.9856249928290097,21
408,5082,0,6,-1.9255515539524044,16
409,5217,0,6,-1.5789756896486633,26
410,5229,0,6,-1.472181646275697,28
411,5233,0,6,-2.1170368451588537,21
412,5250,0,7,-1.178542634045769,17
413,5270,0,7,-1.5074508314442703,18
414,5280,0,7,-1.0812166914828225,11
415,5282,0,6,-1.392870793990685,37
416,5289,0,6,-0.9155972647717823,30
417,5295,0,6,-1.7484925753153409,22
418,5306,0,6,-1.12964592626349,23
419,5308,0,7,-1.0386241139386776,21
420,5318,0,7,-0.9660966199727081,19
421,5439,0,7,-0.8648511805548011,27
422,5440,0,7,-1.1985342174150198,30
423,5445,0,6,-1.722103970133758,22
424,5461,0,7,-1.156901938225392,40
425,5462,0,6,-1.7167995287899496,21
426,5468,0,4,-3.199700211696591,34
427,5476,0,6,-1.2824999677430737,24
428,5479,0,6,-1.1845900398028517,29
429,5486,0,6,-1.4231823112241733,16
430,5488,0,7,-1.0731795945790594,30
431,5507,0,6,-2.0735585857872127,23
432,5530,0,4,-3.455818231401124,23
433,5533,0,7,-1.0153814838029582,24
434,5542,0,6,-2.0407959624261824,25
435,5543,0,6,-1.2049049507425487,24
436,5558,0,7,-0.8673967835313015,28
437,5559,0,7,-0.9786815472254382,22
438,5682,0,6,-1.5433970339733358,14
439,5683,0,6,-1.1681093694524929,20
440,5715,0,7,-0.984722850488879,26
441,5722,0,6,-1.5202472162955463,21
442,5724,0,6,-1.0623901074981523,33
443,5729,0,4,-3.3221383371673383,24
444,5730,0,6,-0.954840447376375,18
445,5757,0,6,-1.5150969416802926,9
446,5763,0,6,-1.539973635321231,36
447,5766,0,6,-1.481767669409348,16
448,5778,0,6,-1.1937576235000185,32
449,5783,0,6,-1.1778518649940661,23
450,5785,0,5,-2.2694664277686716,17
451,5794,0,5,-1.8348357263019457,34
452,5797,0,6,-0.9163590023033379,26
453,5812,0,6,-1.1881549584036586,42
454,5820,0,6,-2.0867476706709915,18
455,5821,0,7,-1.0113504536378333,28
456,5943,0,7,-1.0670167767820082,35
457,5952,0,7,-1.469160015651541,18
458,5961,0,7,-1.1505968277860923,24
459,5962,0,7,-1.0349565441667412,25
460,5964,0,6,-1.199587039917823,13
461,5983,0,6,-1.3710998206975518,38
462,5991,0,6,-1.616616157453584,28
463,6010,0,6,-1.5696821186358525,23
464,6017,0,7,-0.8905616251004966,21
465,6022,0,6,-1.5904352215483692,24
466,6024,0,6,-1.1067724529373333,33
467,6025,0,4,-3.1760904313892677,46
468,6036,0,6,-1.5514151206922966,23
469,6063,0,6,-1.5391635038006442,23
470,6068,0,6,-1.338641835518814,18
471,6071,0,6,-0.8852384028586755,26
472,6078,0,6,-1.0706192347014394,33
473,6089,0,5,-2.2778476453255196,26
474,6095,0,4,-2.656325152835845,23
475,6096,0,5,-1.7962821258930601,35
476,6100,0,5,-2.39890714289064,22
477,6107,0,6,-1.5218638005903111,37
478,6108,0,4,-3.239728918503853,41
479,6121,0,7,-0.8946699625765078,19
480,6124,0,6,-1.205429335366607,31
481,6125,0,7,-0.8614369918811793,32
482,6141,0,6,-1.542709383351812,13
483,6155,0,6,-1.1937596840459017,22
484,6159,0,6,-1.6100050343593102,40
485,6174,0,6,-1.5140385138351027,37
486,6175,0,6,-0.866998741208878,39
487,6189,0,6,-1.5844347487436519,45
488,6198,0,7,-0.8381268429409348,29
489,6202,0,6,-1.2708463961908416,39
490,6222,0,7,-0.9913946357718855,18
491,6239,0,6,-1.4687042337142726,32
492,6243,0,6,-1.266334227623907,24
493,6247,0,6,-1.512641761080637,21
494,6265,0,6,-1.2513363390838457,27
495,6267,0,6,-1.1653789182438343,25
496,6268,0,6,-1.2902333312741785,24
497,6281,0,5,-3.0211731781637106,20
498,6295,0,6,-1.8481860355038942,26
499,6297,0,6,-1.2692775217940424,22
500,6299,0,7,-1.0692654382878324,29
501,6304,0,6,-1.6259308934461867,29
502,6313,0,5,-2.911451533069159,22
503,6315,0,6,-1.6977434521592203,27
504,6327,0,5,-2.591352847879329,46
505,6349,0,4,-3.38854842060897,18
506,6358,0,7,-1.103452645147902,19
507,6367,0,6,-1.3085776000445621,31
508,6368,0,7,-0.8536797466026167,25
509,6375,0,6,-1.126149034405687,16
510,6377,0,6,-1.7746769630550592,29
511,6385,0,6,-1.1314058201288013,32
512,6386,0,6,-1.6067906231624285,21
513,6396,0,6,-1.1212545882416851,21
514,6397,0,6,-1.454255905199477,16
515,6403,0,5,-2.510846639132244,31
516,6408,0,6,-2.0367288953591753,33
517,6410,0,7,-0.9133208219835698,21
518,6427,0,6,-1.0492419469355303,31
519,9240,0,5,-2.8837800799463684,28
520,9241,0,7,-0.9366273568858183,15
521,9424,0,5,-2.7475671126132157,23
522,9429,0,7,-1.361526701839967,25
523,9479,0,6,-1.49150522490425,26
524,9491,0,7,-1.4153491987139954,20
525,9494,0,6,-1.1875783931676276,25
526,9497,0,7,-1.1363165654189515,34
527,9501,0,6,-1.2455634104085975,32
528,9503,0,7,-0.9192191727560717,42
529,9507,0,7,-1.0016310976335028,24
530,9508,0,6,-1.8322008382152628,24
531,9519,0,7,-0.9489006130021771,25
532,9545,0,6,-1.3213662679098617,28
533,9546,0,4,-3.1086724821113503,27
534,9547,0,6,-1.4410451348730247,29
535,9552,0,7,-0.9333074607262848,19
536,9557,0,6,-1.2741903380064086,29
537,9559,0,6,-0.8910966226001698,23
538,9562,0,7,-1.1425156261243128,24
539,9564,0,6,-1.612324401967295,25
540,9567,0,6,-1.2461024539723935,18
541,9569,0,6,-1.008016002496202,18
542,9575,0,6,-1.1774270258165123,28
543,9582,0,6,-0.9903857030570258,52
544,9587,0,6,-1.0954534626813697,20
545,9589,0,6,-1.1959218720564326,48
546,9590,0,6,-1.4241075208168779,16
547,9599,0,6,-1.2969090622674422,19
548,9601,0,6,-0.8526177628558465,24
549,3,0,4,-1.3488528904272998,24
550,6,0,5,-0.8363596040310641,37
551,10,0,4,-1.3494649780772887,51
552,12,0,3,-3.12825120975668,37
553,16,0,4,-1.9273374965805212,22
554,25,0,4,-1.8539915585058555,13
555,27,0,5,-0.9431401372083759,44
556,28,0,4,-1.4778092672954442,56
557,31,0,4,-1.8043154316865975,40
558,41,0,3,-2.6672508115121616,70
559,46,0,4,-2.08002935480077,34
560,48,0,5,-0.8376557931480937,61
561,49,0,4,-1.3834427190465135,39
562,50,0,5,-0.899543023874334,38
563,51,0,5,-0.9262157967854572,22
564,53,0,6,-0.8897905466445941,29
565,55,0,4,-1.880587087073863,23
566,63,0,4,-1.5102168169438377,51
567,64,0,4,-1.529214059429914,31
568,66,0,4,-1.9612905535220806,35
569,80,0,4,-1.542890847152048,37
570,81,0,4,-1.8836269971790047,53
571,82,0,4,-1.2626993977171441,54
572,83,0,5,-1.0583177688666678,39
573,90,0,5,-1.0338809981946886,37
574,91,0,3,-3.0848061799411575,9
575,93,0,4,-1.271038109285076,52
576,111,0,5,-1.3685704399750378,28
577,115,0,4,-2.453858694887926,126
578,116,0,6,-0.8979737195467195,26
579,122,0,5,-1.5073256625527636,57
580,124,0,4,-1.7788980313571976,18
581,130,0,4,-1.6503837840418996,111
582,143,0,3,-2.8976892980559743,21
583,150,0,4,-1.4260344439274792,25
584,152,0,4,-1.73108323127365,40
585,154,0,4,-2.2946217620148746,48
586,157,0,4,-1.9063048655440493,44
587,161,0,5,-1.2495872200223346,29
588,162,0,5,-0.9547046784243909,35
589,168,0,4,-1.7366814303132143,64
590,175,0,5,-1.0019579466798252,58
591,177,0,4,-1.2919396249265533,75
592,180,0,4,-1.8724317371225316,32
593,184,0,4,-1.9954968075084274,112
594,187,0,5,-0.9108803534484933,37
595,192,0,5,-1.5754716801789082,37
596,194,0,5,-1.2741367451785877,43
597,200,0,4,-1.3321961762724222,51
598,207,0,4,-1.6573434535038416,34
599,208,0,4,-1.8880223978656225,32
600,211,0,4,-1.698454470138163,20
601,212,0,3,-2.965910128526386,37
602,216,0,3,-2.517476689041728,31
603,223,0,4,-1.7885957907696932,36
604,242,0,4,-1.9140464687186194,53
605,246,0,4,-1.4947961249233597,76
606,250,0,5,-0.8858584972022223,27
607,252,0,5,-1.0467440904918268,43
608,253,0,5,-0.9222578572749152,28
609,255,0,4,-1.941526936032898,44
610,257,0,4,-1.2561831425000358,12
611,260,0,5,-1.275507200498458,61
612,262,0,4,-1.5510657523180171,67
613,265,0,5,-0.9261047105327638,21
614,266,0,4,-1.876347304215785,45
615,277,0,4,-1.617824969430699,41
616,280,0,5,-1.0478080904757476,42
617,287,0,5,-1.317958647736333,110
618,298,0,5,-1.0490265752937038,51
619,299,0,5,-0.8643067631151871,97
620,311,0,4,-1.7242299876169511,69
621,314,0,4,-1.9897613357526813,60
622,315,0,3,-2.7982384330572874,51
623,322,0,4,-2.2500519648439496,67
624,328,0,5,-0.9085521380464554,42
625,336,0,4,-1.623149119236146,48
626,337,0,4,-1.8137319131281808,81
627,339,0,5,-0.9124992461309072,150
628,346,0,5,-1.4376776569456906,44
629,353,0,5,-0.973401755873069,16
630,3673,0,5,-1.3346399978949481,38
631,3675,0,4,-1.597190398139916,31
632,3676,0,5,-1.2242326473149534,61
633,3682,0,4,-1.44122284114437,33
634,3686,0,4,-1.882438324049164,57
635,3689,0,4,-2.0513736605459725,33
636,3692,0,4,-2.2759449055949323,44
637,3696,0,4,-1.6737147546362268,52
638,3701,0,4,-2.265073598513876,38
639,3713,0,5,-1.815201713707724,58
640,3716,0,5,-1.7222017551245106,12
641,3719,0,5,-1.255310779238913,83
642,3722,0,5,-1.1102927211458669,34
643,3727,0,3,-2.7674793108500158,51
644,3735,0,4,-1.2814594398122026,99
645,3746,0,4,-1.6930934277895844,43
646,3764,0,5,-1.4958741917736562,63
647,3767,0,5,-1.0726047202680995,43
648,3769,0,4,-2.1840351578537778,35
649,3774,0,4,-2.2731421768412954,28
650,3775,0,5,-1.3682318510098623,33
651,3777,0,5,-0.8896089106780103,62
652,3778,0,4,-1.671512708551016,47
653,3789,0,4,-1.802670467374715,59
654,3796,0,5,-0.8562590458678594,59
655,3797,0,5,-0.9666699823199796,24
656,3799,0,5,-1.4020688517641755,21
657,3803,0,5,-0.9867433648956982,37
658,3808,0,5,-1.0914515215919485,49
659,3809,0,5,-1.1769910513633821,37
660,3810,0,3,-2.4877055506458756,59
661,3816,0,5,-1.180004739200628,40
662,3821,0,4,-1.2788780428779685,38
663,3823,0,4,-2.025884477452217,12
664,3829,0,4,-2.021771047955726,8
665,3834,0,5,-1.1069688882879003,43
666,3837,0,5,-1.5712278560551578,40
667,3847,0,4,-1.4812626855378488,131
668,3853,0,5,-1.1091529119142054,74
669,3854,0,3,-3.2100527711531335,35
670,3864,0,3,-2.923025832552824,24
671,3866,0,4,-1.607013498143889,24
672,3870,0,5,-1.2262721849977938,47
673,3871,0,4,-1.6632678189637247,58
674,3875,0,5,-1.1712207764075924,17
675,3878,0,4,-1.9342391117273712,31
676,3882,0,4,-1.5195339412068334,61
677,3885,0,4,-1.4993217990964354,54
678,3903,0,5,-0.9268471603923931,39
679,3911,0,4,-2.098448864193789,61
680,3919,0,5,-1.4141659337182295,100
681,3924,0,4,-1.3847727516128456,60
682,3933,0,4,-2.2171732122526944,22
683,3937,0,5,-1.0767302586621934,80
684,3939,0,4,-2.1658091839767746,15
685,3945,0,4,-2.1551927988313944,24
686,3950,0,4,-1.8851521472079371,46
687,3953,0,5,-1.5374412388393823,38
688,3957,0,4,-1.839980132871581,75
689,3958,0,4,-2.0973741133935633,63
690,3969,0,4,-1.6859709814631403,42
691,3971,0,5,-1.1674824852374783,43
692,3972,0,5,-1.4066654787647872,45
693,3980,0,4,-1.9981663039528925,55
694,3983,0,5,-0.9941683205442065,18
695,3989,0,5,-0.8771425384768579,23
696,4000,0,4,-1.8412860233339012,47
697,4013,0,4,-2.3282669669565905,35
698,4017,0,4,-1.9800841253252965,67
699,4018,0,5,-0.9773869187074586,46
700,4022,0,4,-2.688717633882625,82
701,4023,0,4,-2.0218191175149434,38
702,4025,0,5,-1.4317523009532351,42
703,4033,0,5,-1.388712022951995,28
704,4043,0,4,-2.5272669930131038,37
705,4045,0,5,-1.0934861179855817,44
706,4050,0,5,-0.8652199246950625,5
707,4055,0,5,-1.3904215476020099,60
708,4057,0,5,-1.4463822386457128,32
709,4058,0,4,-2.82208424320548,37
710,4062,0,3,-3.236587801497709,33
711,4065,0,5,-0.9727028445275971,48
712,4068,0,4,-2.6254645171902613,40
713,4071,0,5,-1.7415955381008477,31
714,4078,0,4,-1.9994003758302963,34
715,4081,0,5,-0.9152844054482365,61
716,4094,0,5,-0.9359806963903718,58
717,4096,0,5,-1.1801752090415132,41
718,4098,0,3,-2.5196793992914195,132
719,4099,0,4,-1.8404326675344294,70
720,4101,0,4,-1.7421152455284252,43
721,4117,0,5,-1.3185991966579724,55
722,4126,0,5,-1.2144667414566577,53
723,4140,0,6,-0.8978823050393805,43
724,4145,0,3,-3.140463431365707,76
725,4147,0,4,-2.2708693743686315,58
726,8193,0,5,-1.0031465381896911,44
727,8196,0,3,-3.531712168357128,49
728,8208,0,5,-1.7913632502279162,50
729,8210,0,5,-1.4492034146675188,37
730,8211,0,4,-1.7058804033087398,21
731,8220,0,4,-1.9590354625200197,35
732,8239,0,5,-0.9974215738222529,33
733,8263,0,4,-1.624325760947146,20
734,8265,0,4,-2.340745336390837,63
735,8268,0,3,-3.4395528855138675,16
736,8274,0,4,-2.0260205729494905,23
737,8287,0,4,-2.7464670433979315,38
738,8288,0,5,-0.9115241354789037,32
739,8290,0,4,-2.0481252381275166,52
740,8293,0,4,-1.721598305405049,40
741,8302,0,4,-2.1726156584629805,31
742,8304,0,5,-1.4003982421605992,25
743,8306,0,4,-2.7460512454857744,47
744,8308,0,5,-1.3574224570753088,27
745,8316,0,5,-1.6159620905701422,49
746,8319,0,4,-2.6141915434532343,12
747,8329,0,6,-0.886486512703204,20
748,8330,0,5,-1.086840091918214,101
749,8335,0,3,-3.3523679240648754,32
750,8339,0,4,-2.4522997553687755,46
751,8340,0,4,-2.413821514596381,33
752,8343,0,6,-0.8608595020216798,78
753,8363,0,6,-0.9863673470039078,46
754,8370,0,5,-1.3613451908059861,19
755,8371,0,4,-2.2088757048424474,67
756,8404,0,5,-0.8641029131950351,75
757,8413,0,4,-2.2418894613641758,25
758,8418,0,5,-1.31979138860041,60
759,8426,0,4,-1.9417818762117296,39
760,8437,0,4,-2.4853266156380256,14
761,8468,0,5,-1.4570778382005436,78
762,8491,0,5,-1.6170342693872417,49
763,8492,0,5,-0.9545103395941146,28
764,8496,0,4,-2.2346335796135914,51
765,8498,0,4,-1.9357786777054988,34
766,8501,0,4,-2.2615564650378737,47
767,8507,0,5,-1.4701320588495674,35
768,8511,0,5,-1.2612729075428817,44
769,8515,0,4,-1.9272189018336778,26
770,8519,0,4,-2.356458968470708,36
771,8522,0,6,-1.1750805053159539,33
772,8538,0,4,-2.1459859190341097,40
773,8543,0,4,-2.063203830818198,42
774,8550,0,4,-2.0806960893818767,68
775,8553,0,4,-1.7663145434871392,88
776,8555,0,5,-1.1318039785124547,28
777,8557,0,4,-1.5479576024375339,48
778,8560,0,4,-1.674734627703586,60
779,8564,0,5,-1.2932625024695303,18
780,8568,0,4,-2.297009401245673,18
781,8570,0,4,-1.565293008178812,34
782,8581,0,4,-3.0904318095362617,88
783,8589,0,5,-1.1239989505869472,18
784,8593,0,4,-2.4713388706036126,53
785,8599,0,5,-1.1031464919888254,36
786,9285,0,5,-1.47047339814986,37
787,9288,0,5,-1.1102535906363453,54
788,9289,0,5,-0.902505766453233,41
789,9431,0,5,-0.965726527071598,40
790,9435,0,5,-0.9650289692885714,53
791,9438,0,5,-1.0990440088790505,21
792,9447,0,5,-1.437555162144224,53
793,9448,0,5,-2.109913097262334,78
794,9458,0,6,-1.0234398089172814,46
795,9461,0,6,-1.032266862003457,42
796,9462,0,6,-0.8344091852855406,18
797,2804,0,4,-2.9638375157910852,26
798,2806,0,4,-3.434832866711436,23
799,2814,0,6,-1.0677124197525218,37
800,2822,0,6,-0.9928235291727088,54
801,2824,0,6,-0.8503848298319401,28
802,2828,0,5,-2.2080577382047517,48
803,2840,0,5,-2.068673210257078,32
804,2844,0,5,-2.1636378355325414,26
805,2852,0,4,-3.1712029193396543,37
806,2853,0,6,-1.0992621052303901,18
807,2858,0,6,-0.8664343825591603,21
808,2870,0,4,-3.09586191254445,31
809,2876,0,4,-3.170951137869773,20
810,2883,0,6,-1.0252959155442376,28
811,2888,0,5,-1.7221999214896293,59
812,2894,0,6,-1.4152345466518579,39
813,2895,0,4,-2.4657205306735728,27
814,2896,0,5,-2.187070985800723,36
815,2902,0,6,-1.3728517807385119,41
816,2906,0,6,-1.0284337777473445,29
817,2910,0,6,-0.8506107191511081,40
818,2922,0,6,-1.0068330521292523,37
819,2926,0,4,-2.7840001962783205,22
820,2927,0,6,-0.9342386221743757,32
821,2937,0,6,-1.6295998916124876,37
822,2948,0,6,-1.1908740561730955,33
823,2952,0,6,-0.9433074447693999,39
824,2956,0,6,-1.005220567504427,39
825,2957,0,6,-1.525859277030099,66
826,2963,0,6,-0.8714168263388036,23
827,2964,0,6,-0.9935207009673626,51
828,2965,0,6,-1.2502072221340415,32
829,2969,0,6,-1.0697354172700546,55
830,2971,0,6,-0.9460195342592179,17
831,2976,0,5,-1.8932933829759797,24
832,2980,0,6,-1.8338262585065772,86
833,2989,0,6,-1.2475027468254165,26
834,2991,0,5,-1.4673436353960119,43
835,3003,0,6,-1.239753290870106,45
836,3004,0,6,-1.0905924386891792,54
837,3023,0,6,-1.4527566426305336,22
838,3024,0,5,-1.6669326742339852,30
839,3027,0,6,-1.1676326232048897,28
840,3030,0,5,-2.2159219274096706,56
841,3035,0,6,-1.0439288567387148,42
842,3053,0,6,-0.8338393922772891,37
843,3056,0,6,-0.9624988038922329,67
844,3057,0,6,-0.8536859955594993,61
845,3058,0,6,-1.0445430632389403,27
846,3074,0,6,-0.8807648046379555,28
847,3079,0,3,-4.4598866763149765,16
848,3081,0,5,-1.8931455194158024,37
849,3083,0,6,-1.0026344768660698,48
850,3095,0,6,-1.2481276270335675,45
851,3118,0,6,-1.4083265105089282,20
852,3126,0,6,-1.3543699143785473,40
853,3129,0,4,-2.8242856243912113,62
854,3133,0,6,-1.148861569555768,21
855,3141,0,6,-1.53951640482381,13
856,3148,0,6,-1.459945942879143,33
857,3159,0,4,-2.8651005332478716,54
858,3165,0,6,-0.927594204202963,68
859,3210,0,5,-2.376971920189903,57
860,3211,0,6,-1.32887509983797,31
861,3226,0,6,-1.3303745300274397,20
862,3239,0,5,-1.3106690862326387,38
863,3257,0,6,-1.210036631634157,36
864,3259,0,6,-1.164398657280942,44
865,3269,0,6,-1.3069984835777424,43
866,3279,0,6,-1.6308197656278125,28
867,3284,0,6,-1.1717110865604514,44
868,3286,0,4,-3.152339176135291,17
869,3298,0,7,-1.045060922431217,36
870,3303,0,6,-1.410569395365747,44
871,3323,0,6,-2.137276265391046,31
872,3324,0,6,-2.139562056050382,30
873,3331,0,7,-0.9628361037361923,28
874,3344,0,6,-1.5047927189228156,9
875,3353,0,6,-1.0625962414351218,21
876,3366,0,6,-1.2389111704246236,25
877,3376,0,7,-1.000763440619723,37
878,3380,0,6,-1.5176890568610153,19
879,3395,0,5,-2.626610120993692,22
880,3397,0,7,-1.0262319586340105,26
881,3398,0,6,-1.4412192280775962,22
882,3407,0,4,-2.906369246622206,23
883,3418,0,7,-1.152282846004475,32
884,3422,0,4,-2.907331611098342,30
885,3425,0,6,-1.3089660862832515,36
886,3427,0,6,-0.8586843629660841,31
887,3434,0,6,-1.6846148623771766,36
888,3439,0,6,-1.0461730659360544,27
889,3441,0,7,-0.9135938617672732,31
890,3448,0,7,-0.9326167429665455,33
891,7664,0,5,-2.4138148825080474,74
892,7665,0,4,-2.921567463746416,29
893,7666,0,6,-0.8850083946797378,37
894,7667,0,6,-1.1970782991303608,32
895,7684,0,6,-1.0414917196260305,27
896,7695,0,5,-1.2642081476724751,14
897,7709,0,6,-1.2465840303952467,31
898,7714,0,6,-0.939835829980721,14
899,7715,0,5,-2.5531857487957916,62
900,7718,0,6,-1.0532245712145158,24
901,7728,0,7,-0.853551603174413,33
902,7758,0,4,-2.50213769774576,24
903,7770,0,6,-1.1277900805594827,34
904,7775,0,6,-1.0025648020903946,39
905,7777,0,5,-2.1036366936210795,56
906,7786,0,5,-2.035640943218784,91
907,7795,0,6,-1.4416787995155156,26
908,7802,0,6,-1.3247873167244677,45
909,7803,0,6,-1.357227592388866,35
910,7808,0,4,-3.3137497695136666,30
911,7811,0,6,-0.8550129381712477,31
912,7817,0,6,-1.6142179230773213,14
913,7825,0,6,-1.3693120914734864,39
914,7828,0,7,-1.0537069970545474,31
915,7831,0,5,-2.3807538569235493,40
916,7833,0,7,-0.926560425789801,30
917,7845,0,6,-0.8640160222900279,43
918,7852,0,6,-0.8346549239766148,34
919,7862,0,3,-4.287137100613833,40
920,7863,0,6,-1.0371646559953023,26
921,7871,0,6,-1.1074120189109156,30
922,7878,0,6,-1.436914888509258,36
923,7885,0,6,-1.0644836938810087,34
924,7930,0,6,-1.233996986263187,55
925,7943,0,6,-1.198248098342364,55
926,7960,0,6,-1.3790298068007374,41
927,7961,0,4,-2.8289462503167133,24
928,7965,0,4,-2.782390478981352,43
929,7972,0,6,-1.3120511659532372,22
930,7973,0,6,-1.0089604436634714,29
931,7980,0,6,-1.2120690844901887,27
932,8009,0,6,-0.8523580872306029,23
933,8010,0,6,-1.092131997861701,18
934,9278,0,7,-1.3220357637966416,27
935,9419,0,6,-1.7821149141053496,23
936,9422,0,5,-2.6014434433702958,52
937,9632,0,6,-1.0028072557882375,31
938,9634,0,5,-1.5767349859250581,32
939,9638,0,6,-1.457392905419658,36
940,9644,0,4,-3.4470125475223687,21
941,3479,0,6,-1.9770738881619225,45
942,3488,0,4,-3.2946799431043203,22
943,3497,0,4,-3.4839567718574047,52
944,3500,0,6,-1.7323559155312704,42
945,3519,0,6,-1.0190212135046233,16
946,3527,0,6,-1.1785217822230658,25
947,3546,0,6,-1.650306229099792,49
948,3583,0,6,-1.1215149998225336,24
949,3585,0,5,-1.8064692636738888,36
950,3589,0,4,-2.1481433435798314,43
951,3591,0,5,-1.4466255369360699,44
952,3599,0,6,-1.4732033558925481,59
953,3604,0,5,-1.725990938255535,27
954,3605,0,6,-1.3345745379378187,30
955,3611,0,6,-1.671020546960234,47
956,3620,0,6,-1.1931133217178758,34
957,3621,0,6,-0.8637638211480265,43
958,3637,0,4,-3.052909824040812,41
959,3661,0,6,-0.9690867703402386,28
960,4156,0,5,-2.3063709425082948,13
961,4157,0,6,-1.3167835784196278,39
962,4165,0,6,-1.7138519042643772,45
963,4178,0,5,-2.7730374660339727,26
964,4186,0,7,-1.1692845824289506,23
965,4216,0,6,-1.624782697306065,16
966,4226,0,7,-0.9669774668335966,22
967,4239,0,7,-1.0069942755895944,18
968,4252,0,6,-1.1724943634379628,23
969,4261,0,6,-1.5078764262203697,55
970,4269,0,6,-1.0586378384167991,17
971,4276,0,6,-0.8320006886316555,28
972,4287,0,7,-0.9256062506059228,47
973,4288,0,6,-1.4779805884372648,35
974,4290,0,7,-1.0405061375362017,34
975,4305,0,6,-1.7462241883471998,40
976,4317,0,7,-1.0101389171476853,35
977,4331,0,6,-1.8002168418012179,49
978,4333,0,7,-0.8927023520512538,50
979,4352,0,7,-0.9182260866739433,40
980,4354,0,6,-1.480231069700845,21
981,4361,0,5,-1.769558675342636,29
982,4362,0,6,-0.8867493573372922,30
983,4385,0,6,-1.3965141045730878,35
984,4391,0,7,-0.9758643404264244,22
985,4397,0,7,-1.0224025183995735,32
986,4398,0,6,-1.662634675535723,22
987,4400,0,5,-1.9795491492879957,32
988,4403,0,6,-1.3148136328483258,19
989,4405,0,6,-1.7822569321603918,18
990,4410,0,6,-1.2153367310433065,18
991,4413,0,6,-1.4221809252595934,23
992,4415,0,5,-2.3878681297612125,30
993,4423,0,6,-1.4441084453347832,27
994,4424,0,6,-1.2765400650272882,22
995,4428,0,6,-1.237428170532219,15
996,4437,0,5,-2.559692977594887,33
997,4445,0,7,-1.103860139535799,48
998,4459,0,7,-0.854654065489405,53
999,4462,0,6,-1.7174795626221382,27
1000,4477,0,6,-1.1954901742726518,25
1001,4490,0,6,-1.2776903785726805,22
1002,4497,0,6,-1.6182552318539436,44
1003,4499,0,6,-1.1751230112519346,26
1004,4520,0,7,-1.3432375324957953,57
1005,4533,0,6,-1.4644432326303471,40
1006,4568,0,6,-1.7405855751305097,55
1007,4577,0,5,-1.8440818383085977,25
1008,4590,0,7,-0.920990453965354,35
1009,4601,0,6,-1.2180352340716638,35
1010,4645,0,6,-0.9902459145165805,44
1011,4670,0,6,-1.1663915429752532,19
1012,4678,0,6,-1.3934127481967407,53
1013,7523,0,7,-0.8994822339073796,37
1014,7536,0,7,-1.1054488417054902,28
1015,7541,0,4,-3.779930891677199,37
1016,7548,0,6,-0.9764269772470389,25
1017,7554,0,4,-2.7972701174640564,23
1018,7557,0,3,-3.7023167207406287,19
1019,7562,0,6,-1.0878715361869764,34
1020,7569,0,7,-0.8786390437210265,37
1021,7578,0,6,-1.4783693899630554,30
1022,7611,0,6,-1.5028026614190342,37
1023,7620,0,7,-1.1285888222153666,26
1024,7634,0,7,-0.8826943177158393,29
1025,7639,0,5,-1.9250563390778357,43
1026,7643,0,4,-3.4554898229444655,19
1027,7647,0,6,-1.3977386743537048,22
1028,7651,0,6,-1.7043468110559186,30
1029,8088,0,5,-1.8227346341908515,32
1030,8089,0,6,-1.5371856457158986,43
1031,8095,0,6,-1.0114386240632953,18
1032,8100,0,6,-1.4729303704869876,48
1033,8104,0,4,-2.735815364783612,39
1034,8122,0,6,-1.4886392022278585,23
1035,8137,0,6,-1.412372965569796,23
1036,8156,0,6,-2.1216983636250877,41
1037,8171,0,6,-1.634480458262141,29
1038,8172,0,6,-1.6464451575288184,22
1039,8187,0,6,-1.2305783464457543,33
1040,9611,0,6,-0.9322909320564818,60
1041,9612,0,6,-1.9160919516364032,30
1042,9621,0,6,-1.270725795518345,60
1043,42,1,8,1.7036675764639764,44
1044,77,1,8,2.1293024649477434,37
1045,84,1,8,1.4034716154811209,68
1046,100,1,8,1.793207296482593,33
1047,120,1,8,0.937451074952337,29
1048,138,1,7,1.0136210135398098,24
1049,158,1,8,1.501234487033078,23
1050,159,1,8,1.3183257100776888,42
1051,198,1,7,1.2786319396317554,31
1052,2192,1,8,0.9618607151673046,20
1053,2390,1,9,1.4270787427064917,24
1054,2416,1,8,1.2122608286724779,30
1055,2421,1,9,1.8643697614628412,18
1056,2424,1,8,1.3326474555311654,29
1057,2464,1,9,2.0978152043332674,17
1058,2481,1,8,1.3762488836308195,22
1059,2486,1,9,1.7510831207317015,28
1060,2515,1,9,1.646041492233171,23
1061,2520,1,8,0.9494281170468613,33
1062,2579,1,9,1.588383126164203,35
1063,2586,1,8,1.2434814405701973,23
1064,2594,1,9,0.9990767722020184,33
1065,2595,1,9,0.9791055911929494,27
1066,2607,1,9,1.3352062037651873,34
1067,2634,1,10,1.8971761228072097,37
1068,2637,1,9,1.2920450285291532,35
1069,2658,1,9,1.2118197096329988,21
1070,2661,1,9,1.1942642404914938,23
1071,2662,1,9,0.9035982371224804,21
1072,2674,1,8,0.9199902593364735,19
1073,2675,1,9,1.2090929815374487,21
1074,2688,1,8,0.9929371610290776,36
1075,2721,1,8,1.066127944590102,29
1076,2725,1,8,1.0785820958822567,24
1077,2744,1,8,1.0909499104518403,19
1078,2747,1,9,1.6510231943888085,15
1079,2826,1,9,1.5899875738226923,38
1080,2847,1,9,1.2493405180145096,21
1081,2860,1,9,1.7547992045341054,27
1082,2866,1,9,1.5572364009708055,37
1083,2886,1,8,1.0317742614990753,30
1084,2919,1,8,0.9664515815506514,37
1085,2929,1,8,0.9386103791524851,12
1086,2978,1,9,1.6385173015559547,32
1087,2979,1,9,1.3616362752585225,35
1088,2994,1,9,1.5193002547384955,34
1089,2998,1,9,1.1917308834046718,42
1090,3012,1,9,1.9424097104603035,23
1091,3042,1,9,1.638906421565932,25
1092,3059,1,8,1.5305796859542538,22
1093,3080,1,8,1.169224950861559,25
1094,3089,1,8,1.446221219682422,19
1095,3100,1,8,0.9610360417188542,38
1096,3120,1,9,1.2213693309925358,24
1097,3121,1,9,1.1191424087631656,27
1098,3125,1,9,1.0463241083188288,32
1099,3136,1,9,1.3106575730995846,40
1100,3143,1,9,1.351164810361647,20
1101,3145,1,8,0.9371222293606882,34
1102,3174,1,8,0.9440162056735977,34
1103,3176,1,8,0.9889869632528638,30
1104,3186,1,9,1.4107004946660586,33
1105,3222,1,9,0.9741658717411337,23
1106,3249,1,9,0.9530239259677451,25
1107,3261,1,9,1.0623135454524606,14
1108,3262,1,9,1.4139261429725893,23
1109,3265,1,9,1.1346761466543462,37
1110,3270,1,9,1.1480061795423664,25
1111,3272,1,9,1.286100502740279,41
1112,3277,1,9,1.1419706785853316,30
1113,3287,1,9,1.1461337222526486,21
1114,3294,1,9,0.9825860625061367,34
1115,3304,1,9,1.039826421126838,36
1116,3307,1,9,0.9175007118490992,35
1117,3322,1,9,1.2110614736834462,10
1118,3343,1,9,1.1808643997731378,35
1119,3348,1,8,1.0136555915736736,34
1120,3352,1,9,1.7267088343490302,23
1121,3356,1,9,1.4520426533883937,25
1122,3371,1,9,1.2798738452250484,23
1123,3384,1,9,1.3237639482303276,22
1124,3405,1,9,1.0787523178634206,19
1125,3409,1,9,1.091349054116578,22
1126,3421,1,9,1.2799271866162494,24
1127,3428,1,8,0.9188218934561947,23
1128,3429,1,9,2.3380476762355453,25
1129,3431,1,8,0.9221140702734214,40
1130,3449,1,9,1.317881134111091,26
1131,3475,1,9,1.0140364577058474,28
1132,3486,1,9,0.965489427034651,45
1133,3495,1,9,1.0387790209203809,22
1134,3496,1,9,1.267350455356449,36
1135,3498,1,9,1.5056421850310526,29
1136,3499,1,9,1.2540742506514748,30
1137,3501,1,9,0.9441815006516183,17
1138,3508,1,9,1.0720626068499124,35
1139,3520,1,9,0.8976963488917811,30
1140,3551,1,9,1.0198370513873778,27
1141,3576,1,8,1.086477944602784,76
1142,3579,1,9,1.4366168680654594,23
1143,3582,1,8,1.1580117372037266,30
1144,3584,1,9,2.2003073140826546,43
1145,3588,1,9,1.1714499836131669,47
1146,3593,1,9,1.596377857905713,27
1147,3617,1,9,1.9229404467621576,29
1148,3622,1,9,1.0593893888338197,45
1149,3626,1,8,0.917066890921884,28
1150,3634,1,8,1.1262615422335749,39
1151,3642,1,9,1.2041273886570716,36
1152,3653,1,9,1.190235761070893,30
1153,3656,1,8,1.4897376482872513,38
1154,3657,1,9,1.524839442403544,43
1155,3679,1,8,1.3238193981463429,50
1156,3721,1,7,1.021919880867114,42
1157,3745,1,7,1.0937340927173187,81
1158,3750,1,8,1.1184509464348942,41
1159,3805,1,9,3.125937986982768,32
1160,3845,1,8,1.8591911301566109,53
1161,3872,1,7,1.2780948478255754,70
1162,3888,1,8,1.5812419908090662,42
1163,3915,1,8,0.9828699173439617,26
1164,3928,1,8,1.4866716757549847,27
1165,3954,1,9,1.8953910321951275,36
1166,4011,1,8,2.101090292053277,52
1167,4019,1,8,1.2175724695453018,48
1168,4029,1,7,0.92309181089181,48
1169,4036,1,8,1.2386190913415236,45
1170,4048,1,7,0.9523392031701334,50
1171,4061,1,9,2.001698304667392,17
1172,4066,1,8,1.2045992214120078,35
1173,4076,1,8,0.9942305948818921,40
1174,4077,1,8,1.2132117979490014,33
1175,4092,1,9,1.7091532992042335,21
1176,4152,1,9,1.351659119463588,16
1177,4162,1,9,1.3230316393624886,8
1178,4173,1,9,0.9865174560191257,20
1179,4175,1,9,1.0729688962945412,18
1180,4177,1,9,1.4177820095080502,11
1181,4181,1,8,1.3382412985018748,29
1182,4251,1,9,1.128549872710181,23
1183,4263,1,9,1.6864581526433557,24
1184,4283,1,9,0.8941959600959244,27
1185,4309,1,9,1.2852715986689125,26
1186,4319,1,9,1.4859175318150637,41
1187,4346,1,9,1.4501473751382417,16
1188,4353,1,9,1.4107928433802188,19
1189,4363,1,9,1.5694586487641509,34
1190,4366,1,9,1.113952002368615,27
1191,4382,1,9,1.3853176257433057,50
1192,4411,1,9,1.3045054944409626,31
1193,4416,1,9,1.1109327587023303,36
1194,4421,1,9,1.3068175017934056,25
1195,4426,1,9,1.1230011436835525,21
1196,4432,1,9,1.0141877928261342,30
1197,4442,1,9,1.094285742810479,22
1198,4457,1,9,1.598977894562803,24
1199,4461,1,9,1.176259456684214,33
1200,4464,1,9,1.0909927713642844,29
1201,4466,1,9,1.0850492280651292,17
1202,4486,1,9,1.0437578833103842,22
1203,4489,1,9,1.2526165783911232,26
1204,4494,1,9,0.9497772509064024,19
1205,4496,1,9,1.0918208461383339,15
1206,4501,1,9,1.2731044253013977,21
1207,4517,1,9,0.9728996420304021,21
1208,4527,1,9,1.06522329452602,28
1209,4610,1,9,1.0424543532841088,25
1210,4628,1,9,1.0731398763913154,27
1211,4649,1,9,0.9681493888535719,51
1212,4650,1,9,2.1852219200538663,19
1213,4662,1,9,1.2190447127703017,18
1214,4672,1,8,0.9463152462281741,25
1215,4679,1,9,1.1643490189533674,36
1216,4684,1,9,1.5419229603459845,40
1217,4703,1,9,1.0933988601199038,23
1218,4710,1,9,1.5719097614427104,33
1219,4711,1,9,1.2724958718643222,24
1220,4713,1,9,1.1630531765775816,35
1221,4719,1,9,1.4549518614748465,21
1222,4721,1,9,0.9733825504349465,18
1223,4735,1,9,1.159038492564589,28
1224,4773,1,9,1.0368885292869257,26
1225,4789,1,9,1.2096263817620736,18
1226,4794,1,9,1.2519165716759995,26
1227,4795,1,9,1.2497131870668738,21
1228,4801,1,9,1.3378891827307475,40
1229,4811,1,9,0.9835807250374042,17
1230,4814,1,8,0.8936296578286216,26
1231,4887,1,9,1.2968067072052873,20
1232,4921,1,9,1.6227193714464585,18
1233,4949,1,9,0.9022791143624964,18
1234,4988,1,9,1.2228652265450144,29
1235,5005,1,9,1.2626399326108002,23
1236,5025,1,9,1.1256149793369925,27
1237,5027,1,9,1.0411595905449138,36
1238,5030,1,9,1.2004062848049735,14
1239,5077,1,9,1.567836287345516,30
1240,5206,1,9,1.5368327147197398,39
1241,5230,1,9,0.9411913514193699,28
1242,5231,1,9,1.0713883848016899,28
1243,5242,1,9,0.9106888774159696,24
1244,5243,1,9,1.0848327587187159,23
1245,5251,1,9,0.9314684023037749,29
1246,5256,1,9,0.9568729637816435,22
1247,5268,1,9,1.2194213304027635,23
1248,5275,1,9,1.124563048530483,13
1249,5285,1,9,1.3351401799668032,21
1250,5305,1,9,1.0306902833947547,27
1251,5457,1,9,1.5085223664010403,23
1252,5459,1,9,0.9294377877667177,20
1253,5490,1,8,0.9482988355464119,28
1254,5498,1,9,1.449047598960619,16
1255,5541,1,9,1.0308261023844434,21
1256,5554,1,9,0.96701783332988,22
1257,5555,1,9,1.3131509818440161,25
1258,5672,1,9,1.0572648757889187,14
1259,5690,1,9,1.3093194108360775,35
1260,5691,1,9,1.813209234747533,37
1261,5705,1,9,0.900473139780182,15
1262,5712,1,9,1.1061181109365954,36
1263,5727,1,9,1.1291131518625965,28
1264,5734,1,9,1.080866744580507,26
1265,5737,1,9,1.6446136451113649,31
1266,5738,1,8,0.8880137561735602,39
1267,5742,1,9,0.9427358082963977,20
1268,5762,1,9,1.6460371107504166,30
1269,5774,1,9,1.0514043831545994,14
1270,5776,1,9,1.0019988228999095,13
1271,5787,1,9,1.4820969330319702,29
1272,5793,1,9,1.6338499041478514,19
1273,5822,1,9,1.1160802851445322,27
1274,5829,1,9,1.057882291629257,41
1275,5959,1,9,1.0724054930187918,30
1276,5978,1,9,1.1354788954772728,21
1277,6009,1,9,1.4886872539298261,23
1278,6028,1,9,1.4289890846730087,5
1279,6040,1,9,1.0680092035645172,28
1280,6047,1,8,1.0422427844913704,31
1281,6050,1,9,1.1269673261066169,17
1282,6051,1,9,1.235437270278255,31
1283,6074,1,9,1.929741754118754,31
1284,6075,1,9,2.121973865882784,39
1285,6101,1,8,1.4767361419028964,35
1286,6105,1,9,1.55907433470537,27
1287,6109,1,9,1.6759288550736793,21
1288,6139,1,9,1.1447558596299672,28
1289,6146,1,9,1.5850831628201743,28
1290,6176,1,9,1.1502646814985633,15
1291,6190,1,9,1.0447391907543881,23
1292,6197,1,9,1.1681456584396672,36
1293,6208,1,9,1.85203068447559,29
1294,6242,1,8,1.2685139875878981,27
1295,6250,1,9,1.738702852347191,30
1296,6254,1,9,1.3037133446742617,16
1297,6261,1,9,1.3064315056808633,23
1298,6264,1,8,0.9620810610426762,48
1299,6302,1,9,1.2152674026364938,21
1300,6307,1,9,1.295133775646642,34
1301,6335,1,9,1.5918432171430377,28
1302,6355,1,9,1.4404198369811283,15
1303,6423,1,9,1.2317588740536998,20
1304,6425,1,9,1.0143821196226934,25
1305,6429,1,9,1.1316349404429866,29
1306,7519,1,9,1.1513626567088178,29
1307,7521,1,9,1.3270922960391731,26
1308,7528,1,9,1.4473356243935873,25
1309,7545,1,9,1.1333295212676715,23
1310,7553,1,9,1.4159647118559686,24
1311,7571,1,9,0.9410404642663863,24
1312,7602,1,9,0.9516430482407294,22
1313,7603,1,9,1.2023546693855467,41
1314,7604,1,9,1.0807473393042892,27
1315,7606,1,8,1.394107568944638,12
1316,7609,1,8,1.0509068835074151,26
1317,7616,1,8,0.8985907477766535,32
1318,7619,1,9,1.0141513706621295,26
1319,7626,1,8,1.2731477794474761,28
1320,7630,1,9,1.1343870675924155,25
1321,7642,1,9,1.3268787174754406,34
1322,7645,1,9,2.086316754421712,32
1323,7649,1,8,1.0095467494010864,36
1324,7654,1,9,1.0861123178151493,32
1325,7658,1,9,0.9474442722111291,29
1326,7660,1,9,1.1267065404218704,30
1327,7663,1,8,1.2049730031826646,55
1328,7696,1,9,1.9501693657015924,26
1329,7768,1,9,1.28950193089966,26
1330,7792,1,9,1.4429441391149744,27
1331,7797,1,9,1.6198181866476284,19
1332,7804,1,9,1.4330582267041478,22
1333,7826,1,8,1.0372336317107704,17
1334,7860,1,9,1.1279727814035265,33
1335,7868,1,9,1.6202026813556323,39
1336,7879,1,9,1.4461344088473291,19
1337,7925,1,8,0.8889188254511602,24
1338,7946,1,8,1.1089781414497217,34
1339,7968,1,8,1.0554392492273674,29
1340,7970,1,8,1.4371951200313875,32
1341,7977,1,8,0.9798390474946554,41
1342,8084,1,8,1.4039944473455472,36
1343,8085,1,9,1.3206583825943667,37
1344,8087,1,9,1.150072641157836,19
1345,8118,1,9,0.8878899979439758,31
1346,8123,1,9,1.9999024044474867,24
1347,8124,1,9,1.4775565939305384,40
1348,8126,1,8,1.063519580370646,21
1349,8164,1,9,1.1468566523756492,28
1350,8203,1,8,0.9964332666009517,32
1351,8225,1,8,1.627808599881507,34
1352,8236,1,8,0.9474316967149692,38
1353,8243,1,8,1.3310525534047795,60
1354,8275,1,8,1.0368485284838709,33
1355,8283,1,9,1.7856133498587194,15
1356,8291,1,8,1.1879780813406553,68
1357,8301,1,8,1.2597309000796937,46
1358,8326,1,7,1.089864510910659,32
1359,8346,1,8,1.514571374918404,41
1360,8399,1,8,1.0462050833686698,71
1361,8410,1,8,1.266276744741667,28
1362,8435,1,7,1.2878780926891764,47
1363,8443,1,8,1.275056295500712,31
1364,8458,1,9,2.24627615579365,42
1365,8469,1,8,1.4648410517721784,64
1366,8477,1,8,1.327567728158816,33
1367,8504,1,7,0.8976867012859424,53
1368,8523,1,9,2.544353396747299,17
1369,8566,1,8,1.0288058073913167,51
1370,8576,1,8,1.0025300501100354,16
1371,8596,1,7,0.9281734449761307,65
1372,9243,1,9,1.0010216649262738,33
1373,9255,1,9,1.3165155475299724,15
1374,9280,1,8,1.1695434325102179,23
1375,9499,1,9,0.8916284360208042,16
1376,9531,1,9,1.5512117816006636,20
1377,9532,1,9,1.3955300708224732,27
1378,9533,1,9,1.3358827861193152,19
1379,9537,1,9,1.464450484649733,15
1380,9539,1,9,1.3328154145459816,31
1381,9540,1,9,1.453456127186005,28
1382,9543,1,9,1.6254982650028307,24
1383,9579,1,9,1.760159532113863,39
1384,9607,1,8,1.2127004574137281,45
1385,9624,1,9,1.3500630147656203,30
1386,2184,1,9,2.23889212350635,18
1387,2189,1,8,1.1594299205501697,23
1388,2190,1,8,1.4814875038284345,25
1389,2388,1,9,1.861559851091016,26
1390,2398,1,9,1.6576064988594394,26
1391,2401,1,8,0.9084502148571172,27
1392,2407,1,8,1.3719564193814318,20
1393,2410,1,9,1.5199075446896693,30
1394,2418,1,8,1.324310717361108,14
1395,2419,1,8,1.0484479902713266,21
1396,2426,1,8,1.2458249820261607,26
1397,2433,1,8,0.9907735085342182,19
1398,2440,1,9,1.740822059615617,21
1399,2445,1,9,1.569059362463074,14
1400,2447,1,9,2.0727633893833213,11
1401,2455,1,8,1.3590006053153454,32
1402,2457,1,8,1.3681049464864046,21
1403,2461,1,9,1.7776343273451944,32
1404,2469,1,9,1.95667962653979,30
1405,2472,1,9,2.3214983614728277,29
1406,2473,1,9,1.4763130216436817,8
1407,2485,1,9,1.3191182477399073,30
1408,2495,1,9,1.2786082573797115,11
1409,2504,1,9,1.7212540795889817,35
1410,2507,1,8,1.1574124905645062,24
1411,2525,1,8,0.972385137118172,36
1412,2535,1,9,1.5160989832929141,28
1413,2536,1,9,1.4482285124529337,19
1414,2540,1,9,1.5399446843456923,32
1415,2549,1,9,1.1271465811537897,25
1416,2552,1,9,1.7890852762612965,17
1417,2561,1,9,1.452503529733689,20
1418,2575,1,9,1.276699852425045,17
1419,2582,1,9,1.9450456478993212,25
1420,2583,1,8,0.9711412997508626,12
1421,2585,1,9,1.632618399160405,25
1422,2609,1,9,1.1121628725325152,32
1423,2623,1,9,1.5612677362924092,19
1424,2655,1,9,1.671741792769459,25
1425,2673,1,9,1.2787167883683255,21
1426,2699,1,9,1.4414084387309094,34
1427,2700,1,9,1.1099819979425387,22
1428,2706,1,9,1.5852633784661654,19
1429,2713,1,8,0.9502577810591406,23
1430,2719,1,8,1.2422371059972654,29
1431,2724,1,8,1.1569329851942944,28
1432,2726,1,8,1.0654865211817919,17
1433,2734,1,8,1.0476354062459396,33
1434,2735,1,9,1.3867695112115168,22
1435,2738,1,9,1.64493208363427,29
1436,2751,1,9,1.216892665966549,27
1437,2756,1,8,1.1376990841904764,34
1438,2763,1,9,1.6088255640624256,24
1439,2771,1,9,1.5105639836648308,29
1440,2776,1,9,1.4706663390770816,22
1441,2794,1,9,1.595794351702601,27
1442,4691,1,8,1.0235192273724643,34
1443,4695,1,9,1.478714165089956,12
1444,4704,1,9,1.0286005323806284,22
1445,4716,1,9,1.6725011207197866,27
1446,4739,1,9,1.4270165876823588,17
1447,4757,1,8,1.1167593308903818,23
1448,4763,1,9,1.2944951145558399,24
1449,4766,1,9,1.4534670936905938,21
1450,4783,1,9,1.1486211239935553,26
1451,4790,1,8,0.9742906454754978,36
1452,4791,1,8,1.1082559665052445,17
1453,4826,1,8,0.8959475347264609,25
1454,4839,1,8,0.9415672940755799,12
1455,4842,1,8,0.897905618046047,22
1456,4844,1,8,1.0018896898176823,13
1457,4854,1,9,1.3827905216628151,34
1458,4907,1,9,1.6406905996853327,34
1459,4909,1,9,1.5058159277195724,24
1460,4911,1,9,1.2854012930822423,18
1461,4912,1,9,1.6018234355734036,7
1462,4915,1,9,1.4671792623754873,19
1463,4918,1,8,1.0746348779654236,31
1464,4919,1,9,1.8772819690695215,39
1465,4923,1,8,1.0278616325748935,27
1466,4924,1,8,0.9789787074223186,18
1467,4931,1,8,0.9761358668157323,19
1468,4934,1,8,0.9772119740457539,16
1469,4950,1,9,0.9581871846058618,36
1470,4957,1,9,1.0383321496019837,26
1471,4961,1,9,1.5536383695381861,20
1472,4969,1,8,1.0260804402585002,19
1473,4971,1,9,1.395063521573932,27
1474,4975,1,9,1.322592545232542,28
1475,4985,1,9,1.387443945840019,29
1476,4986,1,9,1.7816769354531452,13
1477,4995,1,9,2.166146321155577,17
1478,4997,1,9,1.40260776059983,27
1479,5014,1,10,2.934487891416273,22
1480,5019,1,9,1.074188160109398,15
1481,5021,1,9,1.3085371846651936,26
1482,5032,1,9,1.586659653700094,29
1483,5043,1,9,1.1690547767360169,11
1484,5047,1,9,1.2828939819325775,24
1485,5048,1,9,1.5499319851636892,10
1486,5052,1,9,0.8926952634832954,13
1487,5055,1,9,1.1455652502067224,40
1488,5064,1,8,0.9987739119062002,14
1489,5071,1,9,1.2247400058599025,28
1490,5073,1,9,1.3639098073194997,25
1491,5078,1,8,0.8937656287053786,24
1492,5083,1,9,1.4798433780715063,31
1493,5202,1,9,1.0525750289061984,28
1494,5214,1,9,1.1365965795859587,12
1495,5216,1,9,0.9571299575311798,24
1496,5224,1,9,0.9923369906517454,22
1497,5274,1,9,0.92935044312663,25
1498,5281,1,9,1.136925787851613,35
1499,5291,1,9,1.9170086404501232,13
1500,5294,1,9,1.1289143344529302,34
1501,5307,1,8,1.0071299205952027,16
1502,5309,1,9,0.9151943030006571,26
1503,5314,1,9,1.503470023195387,20
1504,5319,1,9,1.4438796882355565,16
1505,5444,1,9,1.0818692445508642,25
1506,5469,1,9,1.0612609199333303,30
1507,5503,1,9,0.9879746872804347,24
1508,5508,1,9,1.5702162335662884,18
1509,5510,1,8,1.078023051515527,24
1510,5519,1,9,1.0381160012556725,15
1511,5520,1,9,1.9528236514001005,9
1512,5537,1,9,1.1318861979646035,21
1513,5540,1,9,1.8230699932310186,19
1514,5549,1,9,1.3873320260908981,26
1515,5551,1,9,1.173033147806569,27
1516,5678,1,9,1.1811411037879038,12
1517,5703,1,9,1.1230187645776493,18
1518,5721,1,9,1.7440769911968221,15
1519,5746,1,9,1.7135151252089669,30
1520,5767,1,9,1.7963080542019245,39
1521,5781,1,9,1.9617351347253287,24
1522,5796,1,9,1.8087610509442849,25
1523,5805,1,9,1.1187265654335823,24
1524,5811,1,9,1.5400695616330076,25
1525,5813,1,9,1.803730130842978,24
1526,5814,1,8,1.3894591652476889,9
1527,5830,1,9,1.4955032959857704,36
1528,5833,1,8,1.2480939401065259,23
1529,5839,1,8,0.9292838229297642,32
1530,5945,1,8,1.0006322466891877,34
1531,5947,1,9,1.3361983013700751,26
1532,5972,1,9,1.2414161995463875,32
1533,5986,1,9,1.734889617151211,11
1534,5989,1,9,1.01090558816093,15
1535,5990,1,9,1.6340009814517957,31
1536,5993,1,9,0.8962443081642189,18
1537,5996,1,9,0.9163351567227487,24
1538,5997,1,9,1.563229507362828,15
1539,6008,1,9,1.2436006271345725,23
1540,6033,1,9,1.6049828726648006,27
1541,6037,1,9,1.3440893110248124,19
1542,6039,1,9,1.7596029538790336,30
1543,6062,1,9,2.66599080623475,17
1544,6070,1,8,0.9199683265373331,27
1545,6072,1,8,0.9386055482011004,29
1546,6073,1,9,1.9644827410962549,39
1547,6079,1,8,1.0423683371722436,30
1548,6082,1,8,1.1987838955364865,38
1549,6087,1,9,1.6250469749660335,34
1550,6092,1,8,1.0165321775494203,13
1551,6111,1,9,1.2519830445470514,28
1552,6114,1,9,1.101599165752452,22
1553,6116,1,9,1.2154788071616345,24
1554,6120,1,9,1.3418918031100473,21
1555,6123,1,9,1.2339919778689712,23
1556,6129,1,8,0.9959058721360208,33
1557,6136,1,9,0.9074493161865433,15
1558,6142,1,9,0.9214587379857022,19
1559,6167,1,9,1.2492851554112212,25
1560,6169,1,9,1.4389209917374473,24
1561,6171,1,9,1.1729008895902693,19
1562,6173,1,8,0.9393263892137762,26
1563,6204,1,9,1.9027264121167908,24
1564,6205,1,9,1.1168713101508843,23
1565,6219,1,8,0.9455365214590552,27
1566,6224,1,9,1.869022992892127,29
1567,6230,1,8,1.2742844937568254,18
1568,6236,1,8,0.9149785591563395,30
1569,6253,1,9,1.4415529769849522,19
1570,6259,1,9,1.1438602666135704,37
1571,6266,1,8,1.1543137695361052,13
1572,6270,1,9,1.394515580615007,26
1573,6271,1,9,1.084863806043785,27
1574,6274,1,9,1.353513492910496,23
1575,6285,1,9,1.6568281779123923,28
1576,6289,1,9,1.2496658695352334,45
1577,6300,1,9,1.193545391671715,33
1578,6306,1,9,0.9810972018124335,51
1579,6310,1,9,1.0191588797496358,27
1580,6320,1,9,1.7744291878490799,21
1581,6323,1,9,1.6786397536757054,40
1582,6345,1,9,1.9345973422060156,6
1583,6351,1,9,1.433193670767201,29
1584,6354,1,9,0.9402590960866473,30
1585,6380,1,9,1.3139684258145685,18
1586,6381,1,9,1.6594678687681972,8
1587,6389,1,9,1.3299204280520147,24
1588,6390,1,9,1.1277339286151635,17
1589,6421,1,9,1.6671709157480992,19
1590,6428,1,9,1.4025934411411543,30
1591,6433,1,9,1.6096441065524285,20
1592,9248,1,9,1.119546258969164,36
1593,9489,1,9,1.2884018271682045,16
1594,9502,1,8,1.157552441428452,14
1595,9505,1,9,1.2900656332817952,24
1596,9509,1,9,0.9582680473477225,27
1597,9517,1,9,1.481569235509097,24
1598,9521,1,8,0.8973706582642729,34
1599,9525,1,9,1.0951644665463656,23
1600,9526,1,9,1.0011239130640792,30
1601,9550,1,9,1.3089676675709487,34
1602,9561,1,9,1.58005931088797,16
1603,9563,1,9,1.1216494667987877,23
1604,9591,1,9,1.3504002597361415,28
1605,9594,1,8,0.9403134559213564,24
1606,1,1,8,1.5473987736084176,73
1607,5,1,7,1.6194004852743236,30
1608,14,1,8,1.2014447318687953,21
1609,18,1,7,1.1226779182992983,34
1610,19,1,8,1.879181352979824,39
1611,21,1,7,1.5031322569629477,53
1612,22,1,7,1.1664470027541531,52
1613,23,1,7,1.7030995535032627,12
1614,29,1,8,1.805933338631319,44
1615,30,1,7,1.256561865396522,29
1616,36,1,7,1.246208704909666,78
1617,37,1,7,1.0881156425556355,34
1618,40,1,7,1.2053590081316887,52
1619,54,1,7,1.1826953805075462,28
1620,57,1,7,1.4667959177558192,46
1621,58,1,7,1.2779524683150436,8
1622,59,1,7,1.0917390296077896,19
1623,62,1,7,1.1708696647906143,70
1624,67,1,8,1.997627065459728,41
1625,69,1,8,2.6396769823647075,24
1626,72,1,7,1.185194302214172,45
1627,86,1,7,1.2934425892664185,23
1628,87,1,8,2.582740259805383,33
1629,105,1,8,1.3972728061295063,29
1630,117,1,8,1.2353440289689095,48
1631,123,1,7,0.9621790243942225,27
1632,129,1,7,1.134688424812424,56
1633,135,1,7,1.2939967097859268,43
1634,137,1,9,3.5227501100322325,8
1635,139,1,7,1.0972739454466938,57
1636,141,1,8,1.3792008077110722,40
1637,142,1,7,1.304267767001674,55
1638,147,1,8,1.5874697268704043,22
1639,153,1,8,2.0991301081163094,43
1640,156,1,7,1.1396709757007404,32
1641,169,1,7,1.0484386592286548,56
1642,170,1,8,1.5948647597649614,51
1643,173,1,7,1.2343818805375815,69
1644,178,1,7,1.5719303530097477,22
1645,183,1,8,1.641443634619618,41
1646,185,1,7,1.0391882619368635,77
1647,188,1,8,1.5765767186756712,26
1648,197,1,8,1.5649559873039944,57
1649,203,1,7,1.1553948130911103,28
1650,206,1,7,1.6057024373858138,38
1651,210,1,7,1.6163798599484096,39
1652,218,1,7,1.5088616398330084,62
1653,226,1,7,0.9729247742173479,32
1654,227,1,7,1.4226143683116543,21
1655,232,1,8,1.7891295416118114,22
1656,234,1,8,1.7441906362598392,17
1657,236,1,7,1.4723650563225634,31
1658,245,1,7,1.3893264767512576,33
1659,247,1,9,2.820650210477708,23
1660,248,1,7,0.8998589300816606,33
1661,261,1,8,1.9247032851512085,47
1662,264,1,7,1.6131747795753428,45
1663,270,1,7,1.6498850935758052,19
1664,276,1,7,1.1523983374844269,87
1665,279,1,8,1.490696389965274,35
1666,282,1,7,1.1160941746947461,29
1667,292,1,7,1.15790413288516,24
1668,294,1,7,1.4955694302634113,31
1669,301,1,7,1.0452023475856178,61
1670,305,1,9,2.7795072815047757,32
1671,317,1,7,1.1484536971189794,94
1672,319,1,8,1.404378708782061,30
1673,321,1,7,1.16788721259159,21
1674,325,1,8,1.8132026421511203,37
1675,330,1,8,1.739680009573659,35
1676,333,1,8,1.4716998441283016,16
1677,334,1,7,0.8911856810193814,23
1678,340,1,7,1.0295855773957499,39
1679,348,1,8,1.6409053992774307,43
1680,351,1,7,0.9380751970573158,60
1681,354,1,8,1.73066727420911,24
1682,3678,1,7,1.0515636553452978,61
1683,3687,1,7,1.4546151236017666,54
1684,3688,1,7,1.0492507828196231,42
1685,3690,1,8,1.8606233693492173,31
1686,3694,1,7,1.3100992475239304,28
1687,3697,1,7,1.1302383633135324,48
1688,3698,1,8,2.0965615455257183,34
1689,3702,1,8,1.3770729354699318,39
1690,3705,1,8,1.6500535519671429,25
1691,3708,1,7,0.9857114855784594,39
1692,3709,1,7,0.9369921947736302,51
1693,3712,1,8,1.6431518815781887,30
1694,3725,1,7,1.5079036604940326,29
1695,3730,1,7,1.0078893423333648,45
1696,3731,1,7,1.0482817762754628,26
1697,3738,1,7,1.5752842271714202,30
1698,3744,1,7,1.1553640896016555,21
1699,3747,1,7,1.1161441572841921,29
1700,3751,1,8,1.987316950107802,30
1701,3753,1,7,1.0033842274645277,20
1702,3761,1,7,1.2392801670119287,55
1703,3773,1,7,0.9864767446826699,43
1704,3785,1,8,1.7956755865939211,29
1705,3801,1,7,1.3615447896651585,26
1706,3802,1,7,1.3640501622759063,30
1707,3814,1,9,2.4923245613627767,8
1708,3818,1,8,1.5181384329068663,27
1709,3825,1,8,1.2842925798605274,39
1710,3826,1,7,1.2573570416993034,49
1711,3839,1,9,2.277306810989808,31
1712,3844,1,8,1.171391622444661,14
1713,3850,1,7,0.971607395556866,36
1714,3852,1,7,0.901760199951231,20
1715,3858,1,7,1.150264601192326,33
1716,3860,1,7,1.475623993216293,46
1717,3861,1,7,1.052946917213185,45
1718,3867,1,7,1.1800832667041892,60
1719,3868,1,7,1.3166213105829137,37
1720,3873,1,7,1.239246331521965,47
1721,3877,1,7,1.3570524190683768,17
1722,3879,1,8,1.9709807399623465,16
1723,3889,1,7,1.3788515970298363,22
1724,3895,1,7,0.9156339541991478,21
1725,3900,1,7,1.0599534867486957,24
1726,3902,1,8,2.2252356639935735,31
1727,3906,1,7,1.026491782402057,16
1728,3908,1,7,0.9641188674598498,19
1729,3916,1,7,0.9456500274433335,50
1730,3918,1,9,3.1113593724645483,20
1731,3926,1,7,0.9257792484170668,38
1732,3927,1,7,1.2523057631516217,34
1733,3930,1,7,1.0273022484097822,23
1734,3932,1,7,1.4792201615903675,60
1735,3935,1,8,1.713753406569321,24
1736,3936,1,7,1.2499136347100794,29
1737,3940,1,7,1.0823579114640687,15
1738,3952,1,8,1.602651291076448,29
1739,3961,1,8,1.7563812493588085,23
1740,3964,1,8,1.7681008913179008,43
1741,3966,1,7,1.188002791949403,27
1742,3975,1,8,1.9709005265183173,23
1743,3977,1,7,0.9065089826392736,28
1744,3987,1,7,1.0044617098861979,36
1745,3993,1,7,1.1309544280904156,59
1746,3994,1,7,1.2790285764585763,50
1747,3997,1,8,1.6164689343361225,25
1748,4001,1,8,1.857260913239907,17
1749,4003,1,7,0.9973729485046787,21
1750,4005,1,7,0.9635433529391353,35
1751,4007,1,7,1.2429520625449584,25
1752,4009,1,9,2.0860723025238075,21
1753,4010,1,7,1.2443180371226914,21
1754,4012,1,9,2.207541647059651,25
1755,4015,1,7,0.9157203056533572,31
1756,4027,1,8,1.2683787221680527,76
1757,4042,1,8,2.177581158983502,24
1758,4051,1,8,2.062002472851317,28
1759,4070,1,7,1.0617921755538875,54
1760,4074,1,8,1.1819949055317593,30
1761,4080,1,8,1.4000659939133788,34
1762,4082,1,7,0.9703607744274318,29
1763,4090,1,7,1.1136501356970427,79
1764,4093,1,8,1.3577407238580328,20
1765,4105,1,7,1.0912543739582299,13
1766,4113,1,8,1.79637298934942,42
1767,4122,1,9,2.461524386459602,25
1768,4134,1,9,2.7052561341215027,27
1769,4136,1,7,1.2502028896700743,39
1770,4142,1,8,1.1901964724820502,34
1771,4144,1,8,1.6742886367185914,38
1772,8192,1,7,0.9354796780705348,34
1773,8195,1,8,1.4124406024277674,48
1774,8206,1,8,1.0279474269649658,29
1775,8214,1,8,1.3176577295488832,33
1776,8218,1,7,0.968042689655479,43
1777,8227,1,7,0.9656164533145573,22
1778,8234,1,8,1.8964653627434345,35
1779,8235,1,8,1.3284256530127347,24
1780,8244,1,8,1.042860917353389,40
1781,8245,1,8,1.826350235076835,6
1782,8247,1,8,1.7816127218076794,56
1783,8253,1,7,0.9893002031868274,17
1784,8262,1,7,1.3230938211228196,10
1785,8266,1,8,1.9092513613429123,38
1786,8276,1,8,1.2007250095002266,27
1787,8284,1,8,0.9579718993664672,52
1788,8297,1,9,2.6188621877080713,19
1789,8322,1,8,1.0721780119766962,52
1790,8331,1,9,2.3761599436204186,42
1791,8333,1,8,1.2293988448957727,10
1792,8338,1,8,0.9479869808998354,23
1793,8341,1,7,0.9664528824577836,34
1794,8350,1,8,1.0457045709809885,40
1795,8374,1,9,2.2730032323403924,35
1796,8376,1,9,1.824068600450234,29
1797,8382,1,7,0.9320946333098501,36
1798,8387,1,7,1.1181719336116194,19
1799,8389,1,7,0.974902332952432,51
1800,8391,1,8,0.9793497480853848,34
1801,8392,1,7,0.8884497213957134,23
1802,8395,1,8,1.238701177063235,34
1803,8407,1,9,2.8923915523109622,19
1804,8408,1,8,1.4741783252906,41
1805,8409,1,8,1.775270113530949,40
1806,8427,1,7,1.0267390474171698,15
1807,8428,1,8,1.9736337517840026,27
1808,8433,1,7,1.0574097648032108,40
1809,8441,1,8,1.4516172597932293,33
1810,8445,1,9,1.3626423618298382,35
1811,8451,1,8,1.2250367413206824,28
1812,8452,1,7,1.3458549380886096,21
1813,8453,1,9,1.6468007326625465,26
1814,8462,1,8,1.18716097060309,56
1815,8463,1,8,1.5903651111270252,36
1816,8465,1,8,2.079034114288472,42
1817,8472,1,8,1.4866437218440884,34
1818,8479,1,7,0.9635358030213697,24
1819,8480,1,8,1.2045541606402699,30
1820,8490,1,7,1.1049269363241754,33
1821,8493,1,8,1.2339457880656104,27
1822,8500,1,7,1.0459256360736768,39
1823,8502,1,8,1.1342214711376313,81
1824,8506,1,8,1.145714779354984,12
1825,8510,1,8,1.5693474660743982,38
1826,8513,1,8,1.7978696153035596,25
1827,8517,1,8,1.7390523855847198,26
1828,8520,1,7,1.1207630924386631,9
1829,8533,1,9,2.4006048302846503,29
1830,8534,1,8,1.674427536996264,42
1831,8540,1,7,1.1176813915038046,14
1832,8544,1,7,0.936736336820907,56
1833,8551,1,7,1.3967510671701096,32
1834,8558,1,8,1.6927743525416288,19
1835,8562,1,7,0.9172626401776434,20
1836,8571,1,7,1.295654461690173,23
1837,8573,1,8,0.9056847199491846,29
1838,8585,1,8,2.034962537595156,26
1839,8590,1,8,1.8671744809582114,46
1840,8592,1,7,0.9078658844350587,36
1841,8594,1,8,1.0115483478564773,34
1842,9281,1,9,2.3263102797226596,32
1843,9284,1,7,1.1283795942582877,31
1844,9437,1,8,1.9965525671256028,49
1845,9439,1,7,0.9160350644291171,17
1846,9443,1,8,1.6674906658627133,36
1847,9452,1,7,1.2551877126392244,28
1848,9455,1,8,1.6152869087516963,36
1849,9459,1,8,1.1219576761109975,30
1850,2797,1,9,1.616671808733087,37
1851,2801,1,8,1.1948198605935954,25
1852,2803,1,8,0.9916447002103377,42
1853,2810,1,8,1.1214706143076008,18
1854,2813,1,8,0.9047345929442834,18
1855,2815,1,9,1.4358878861227975,19
1856,2819,1,8,1.147965167089449,44
1857,2821,1,9,2.602810297447454,9
1858,2833,1,8,1.3357024380799487,33
1859,2838,1,8,0.9135622359159461,18
1860,2855,1,8,1.0278239577207628,31
1861,2856,1,8,0.8904145602789839,35
1862,2871,1,8,0.9137222502589966,27
1863,2875,1,9,1.7353690906216084,28
1864,2877,1,8,0.9645197792430142,24
1865,2882,1,8,1.0612763695057126,25
1866,2889,1,9,1.9945082478645588,28
1867,2908,1,8,1.1711412943931014,29
1868,2913,1,8,1.669468117226347,42
1869,2914,1,8,1.4269798547456727,25
1870,2915,1,8,0.9314208021883621,34
1871,2923,1,9,1.9611015467160238,32
1872,2924,1,8,0.9873570033011347,18
1873,2944,1,8,1.1380168056767834,39
1874,2947,1,8,1.2652016186464676,27
1875,2949,1,8,0.9575838814938225,40
1876,2955,1,8,1.1379137226359468,25
1877,2961,1,8,1.0693574101432555,32
1878,2966,1,8,0.9068410033961491,50
1879,2967,1,9,1.3268706320426382,10
1880,2990,1,9,2.23168369716445,28
1881,2997,1,8,0.9333918366892062,22
1882,3005,1,9,1.7937132797442503,31
1883,3006,1,9,0.9938481218068844,14
1884,3014,1,8,1.093977641785484,28
1885,3020,1,8,1.4037054033577538,68
1886,3021,1,9,2.434351736707413,21
1887,3045,1,8,1.7118820016217535,22
1888,3047,1,8,1.0857356677308285,25
1889,3050,1,9,1.9961304697458875,31
1890,3054,1,8,1.0735332232576935,25
1891,3055,1,8,0.9916783866037724,18
1892,3082,1,9,1.288025697323529,48
1893,3087,1,8,1.0137786316045547,22
1894,3091,1,8,1.4272246460171045,14
1895,3110,1,9,1.6158224423077066,36
1896,3137,1,9,1.1228565355055533,29
1897,3168,1,9,1.1653303136226043,28
1898,3169,1,8,1.0431140880151695,33
1899,3170,1,9,1.8980941246859437,35
1900,3182,1,8,1.0934575702394813,35
1901,3187,1,9,1.8943648041530912,21
1902,3198,1,9,1.3362189590214708,24
1903,3204,1,9,1.7497170318029411,22
1904,3207,1,9,1.9184887642854047,17
1905,3208,1,9,1.330331641627068,13
1906,3214,1,9,0.9827124186809559,30
1907,3216,1,9,1.375408416704543,29
1908,3218,1,9,1.4649911841491736,25
1909,3240,1,8,1.536696809451735,37
1910,3264,1,9,1.5763228403578573,14
1911,3289,1,9,0.9194828288356174,42
1912,3293,1,9,1.3743477215733737,22
1913,3310,1,9,1.5890163241443842,21
1914,3312,1,9,1.9679601922324892,27
1915,3316,1,9,1.5696078120691936,13
1916,3318,1,9,1.3710316484961877,24
1917,3325,1,9,1.8367126877288538,12
1918,3333,1,9,1.894431284996843,33
1919,3357,1,9,1.2930840405112045,16
1920,3369,1,9,1.3376924500659504,30
1921,3370,1,9,1.5265116384912805,33
1922,3373,1,9,1.0631895020785107,25
1923,3377,1,9,1.6529409857489927,35
1924,3389,1,9,1.2067005231202987,32
1925,3391,1,9,1.2563214358651145,15
1926,3396,1,9,1.3533940564505418,23
1927,3400,1,8,1.0031588373818252,19
1928,3402,1,8,0.895946359562398,19
1929,3404,1,9,1.13508015473791,26
1930,3415,1,9,1.6583798728507189,30
1931,3420,1,9,1.6353858027782922,21
1932,3430,1,9,1.4080951162526443,22
1933,3436,1,8,1.0071764586254721,34
1934,3442,1,9,1.5872689223276195,19
1935,3451,1,9,1.5840804529137031,25
1936,3466,1,9,1.5449793054838965,25
1937,7673,1,9,1.805654754285869,16
1938,7676,1,8,1.6044167184212323,27
1939,7679,1,9,1.7349647609178716,8
1940,7681,1,8,1.30633468683419,29
1941,7685,1,8,1.0437681684993425,63
1942,7690,1,8,1.6846833428385413,42
1943,7704,1,9,1.0281313836952544,9
1944,7719,1,9,1.756238973312227,20
1945,7720,1,9,1.546530002083868,10
1946,7721,1,9,1.7877796834137616,28
1947,7726,1,9,1.598307758737679,26
1948,7727,1,8,1.3110734824487764,40
1949,7731,1,9,1.5000034822128328,25
1950,7736,1,8,0.9075951169218248,26
1951,7741,1,8,0.9145586703329842,17
1952,7742,1,9,1.294816369869518,20
1953,7747,1,9,1.6123132737835704,45
1954,7753,1,9,1.5750704805822533,34
1955,7760,1,8,1.4241987198131696,18
1956,7765,1,7,1.33314663354302,89
1957,7780,1,9,1.6535646246531641,29
1958,7782,1,9,1.5923064618883664,29
1959,7784,1,9,1.3963953426600453,21
1960,7790,1,9,1.4419074721924456,27
1961,7793,1,8,0.9324375488815209,23
1962,7796,1,9,1.8267569458019164,35
1963,7800,1,9,1.0717812583618995,73
1964,7830,1,9,1.257351194438166,42
1965,7834,1,8,0.9690318775814859,30
1966,7835,1,9,1.4471732499117627,20
1967,7842,1,8,1.2426602011136136,37
1968,7849,1,8,1.030934992892722,49
1969,7875,1,9,1.7166521690584062,11
1970,7881,1,9,1.4408356942570517,30
1971,7889,1,9,1.233493824172296,28
1972,7929,1,9,1.7988088860032665,23
1973,7933,1,8,0.9073845653076518,18
1974,7962,1,8,1.6321613660066765,29
1975,7969,1,8,1.2951653928742592,35
1976,7981,1,8,0.9929305933863226,29
1977,7983,1,8,1.1030523500765437,26
1978,8007,1,8,1.0359890271410785,25
1979,9275,1,10,1.8918820183232388,21
1980,9421,1,9,1.0390420134544005,21
1981,9630,1,8,1.0223191591035965,39
1982,9631,1,9,1.5455367686778558,24
1983,9635,1,9,1.1406668653430438,42
1984,9645,1,9,0.9720078897517332,22
1985,9646,1,9,0.9591363087475315,14
1986,9651,1,9,0.9513340294562198,33
1987,3468,1,9,1.0344980428271242,51
1988,3490,1,9,1.1685607337405681,25
1989,3513,1,9,1.9732484592533428,13
1990,3539,1,9,1.2284077497528445,21
1991,3542,1,9,1.431977428992444,32
1992,3573,1,8,1.549628441962164,30
1993,3590,1,8,1.4638178577277792,33
1994,3595,1,9,1.8070166519169648,17
1995,3598,1,9,1.2501434344101154,26
1996,3627,1,9,1.5898476278236524,43
1997,3632,1,9,1.5424568942145163,32
1998,3644,1,9,1.0821831706200449,24
1999,4166,1,9,1.6683624104577461,27
2000,4174,1,9,1.052826463148243,6
2001,4179,1,9,1.172018680416441,29
2002,4195,1,9,1.1963811308441317,20
2003,4219,1,9,1.2423337840447841,22
2004,4224,1,9,1.0206611164955381,18
2005,4225,1,9,1.2899541656570612,21
2006,4227,1,9,1.1779582599322653,13
2007,4232,1,9,0.9953525361347193,30
2008,4242,1,9,1.1301049096620313,18
2009,4249,1,9,1.4541845576875438,33
2010,4277,1,9,1.4817530006054813,26
2011,4278,1,9,1.6612947829827034,22
2012,4284,1,9,1.0199522899768683,33
2013,4304,1,9,1.4181211591332898,38
2014,4321,1,9,1.4453827455466541,23
2015,4340,1,8,1.0032376617102043,41
2016,4342,1,9,2.0311066922482084,24
2017,4344,1,8,0.9281381464906984,29
2018,4355,1,9,1.568382564715125,22
2019,4357,1,9,1.585624481083335,34
2020,4359,1,8,1.4051039111739811,35
2021,4370,1,9,1.045558691235013,17
2022,4375,1,9,1.360445611130964,35
2023,4377,1,9,1.1487530944770947,56
2024,4379,1,9,0.9991281663711344,30
2025,4380,1,8,0.8955184104155478,37
2026,4393,1,9,1.7807026967688468,24
2027,4395,1,9,1.218308456845759,22
2028,4402,1,8,1.2042442252698082,29
2029,4433,1,9,1.4809594232635686,39
2030,4438,1,9,1.4509259116415292,28
2031,4443,1,9,1.0696130390909735,30
2032,4446,1,9,1.7757133111762222,31
2033,4447,1,9,1.3227214281764255,39
2034,4450,1,9,1.1319964832153024,32
2035,4453,1,9,1.2882057448785966,7
2036,4468,1,9,0.9437870119707377,28
2037,4469,1,9,1.0158772424323894,18
2038,4491,1,9,1.868099963215438,18
2039,4500,1,9,0.9784507683318182,32
2040,4504,1,9,1.0349950892045143,33
2041,4535,1,9,1.0289246620439991,28
2042,4541,1,9,1.0812356695063894,33
2043,4542,1,9,0.8883281698337697,20
2044,4547,1,9,1.8511441930397057,29
2045,4571,1,8,0.9650533104997354,24
2046,4573,1,9,1.1900190373573984,35
2047,4579,1,9,2.059637381336792,54
2048,4580,1,8,1.017850278263583,30
2049,4582,1,9,1.451345064292977,26
2050,4614,1,9,0.9485008305111684,16
2051,4616,1,9,0.9250055639171801,52
2052,4621,1,9,1.071210920074134,39
2053,4651,1,9,1.014184550303452,26
2054,4656,1,9,1.2540100717546716,21
2055,4660,1,9,2.047359822530672,19
2056,4674,1,9,1.21792468714297,31
2057,4676,1,9,1.242483769374271,22
2058,7530,1,9,1.5867604725985878,50
2059,7533,1,9,1.2984395738183716,30
2060,7535,1,9,0.9202899865851464,25
2061,7556,1,9,1.6778801656179132,25
2062,7559,1,8,0.9547658070240468,31
2063,7563,1,9,1.8817653225505557,44
2064,7585,1,9,1.5574941949602001,23
2065,7612,1,9,2.3056409043674826,21
2066,7627,1,9,1.6047990183347505,19
2067,7632,1,9,0.9702927130717622,23
2068,7633,1,9,1.6991713286834065,17
2069,7638,1,8,0.9117096076597759,19
2070,7646,1,8,1.0104542821075873,28
2071,7648,1,8,1.078391984454627,29
2072,8094,1,9,1.4569463481020843,19
2073,8097,1,8,0.9310294571574671,35
2074,8130,1,8,0.9542556124426573,36
2075,8142,1,9,1.1720513385350753,23
2076,8144,1,8,1.0744396939281469,30
2077,8152,1,9,1.3312322877271603,37
2078,8166,1,9,1.1388995921750764,22
2079,8181,1,8,0.9762203121374382,25
2080,8185,1,9,1.5343354631131367,19
2081,9269,1,9,1.034980808825301,33
2082,9298,1,8,1.1281974366918757,20
2083,9618,1,9,1.151931791603042,33
2084,9619,1,9,1.3151167931056538,26
2085,9622,1,8,0.9461605213959068,39
