phrase_idx,phrase,n_docs,total_count
0,of_the,1104,2021
1,in_the,930,1411
2,this_paper,714,746
3,on_the,453,585
4,that_the,491,583
5,to_the,434,548
6,and_the,437,505
7,for_the,374,463
8,show_that,384,445
9,in_which,307,349
10,we_find,308,341
11,we_show,305,340
12,can_be,268,324
13,find_that,286,310
14,with_the,245,271
15,the_model,215,254
16,model_of,240,246
17,by_the,217,243
18,to_be,219,243
19,it_is,194,228
20,from_the,212,224
21,based_on,179,202
22,number_of,147,183
23,effects_of,157,177
24,in_this,160,166
25,changes_in,127,160
26,consistent_with,150,160
27,there_is,141,159
28,set_of,123,155
29,the_same,137,151
30,as_the,133,149
31,when_the,131,148
32,at_the,122,147
33,we_also,135,142
34,that_are,128,139
35,effect_of,114,134
36,the_paper,109,131
37,distribution_of,104,130
38,increase_in,96,129
39,is_that,113,124
40,we_study,121,123
41,which_the,113,121
42,does_not,112,119
43,of_this,113,117
44,is_the,105,116
45,that_is,109,116
46,long_run,79,114
47,such_as,104,113
48,the_effects,99,113
49,do_not,105,112
50,may_be,108,112
51,due_to,97,111
52,of_an,94,111
53,the_results,103,109
54,likely_to,90,106
55,suggest_that,103,106
56,the_data,88,106
57,as_well,99,105
58,differences_in,76,104
59,is_not,98,104
60,in_an,97,102
61,the_optimal,78,102
62,used_to,94,102
63,data_on,97,101
64,is_shown,89,99
65,the_effect,91,99
66,the_first,90,98
67,are_not,86,97
68,impact_of,84,97
69,the_united,81,97
70,between_the,89,96
71,we_develop,95,96
72,of_these,91,95
73,over_the,87,95
74,the_number,70,95
75,class_of,82,94
76,about_the,88,93
77,theory_of,79,92
78,well_as,87,92
79,the_market,72,90
80,data_from,87,89
81,united_states,77,89
82,relative_to,79,88
83,we_use,85,87
84,if_the,77,86
85,presence_of,78,86
86,estimates_of,72,85
87,leads_to,79,85
88,our_results,82,85
89,suggests_that,85,85
90,the_impact,81,85
91,the_presence,77,85
92,human_capital,56,83
93,model_in,82,83
94,model_with,82,83
95,private_information,52,83
96,study_the,83,83
97,rather_than,75,81
98,labor_market,60,80
99,we_estimate,75,80
100,the_equilibrium,65,79
101,the_distribution,66,78
102,value_of,66,78
103,associated_with,72,77
104,shows_that,75,77
105,the_theory,60,76
106,we_analyze,74,76
107,we_provide,73,76
108,and_that,72,75
109,are_more,67,75
110,paper_examines,75,75
111,percent_of,62,75
112,we_propose,73,75
113,rate_of,65,74
114,and_in,68,71
115,than_the,66,71
116,variation_in,59,71
117,shown_that,66,70
118,cost_of,59,69
119,in_particular,68,69
120,model_is,64,69
121,models_of,60,69
122,properties_of,65,69
123,that_this,64,69
124,we_present,67,69
125,we_consider,67,68
126,account_for,63,67
127,level_of,61,67
128,more_than,66,67
129,the_price,44,66
130,the_set,52,66
131,general_equilibrium,58,65
132,lead_to,58,65
133,over_time,61,65
134,terms_of,50,65
135,we_examine,64,65
136,existence_of,54,64
137,of_trade,44,64
138,returns_to,48,64
139,time_series,50,64
140,during_the,52,63
141,implications_of,61,63
142,more_likely,56,63
143,that_in,60,63
144,the_most,60,63
145,they_are,57,63
146,analysis_of,59,62
147,the_existence,53,62
148,these_results,62,62
149,where_the,55,62
150,and_to,60,61
151,behavior_of,55,61
152,shown_to,51,61
153,the_role,59,61
154,we_investigate,60,61
155,depends_on,60,60
156,evidence_that,57,60
157,of_our,56,60
158,the_us,56,60
159,under_the,50,60
160,examine_the,58,59
161,in_contrast,57,59
162,that_it,57,59
163,analyze_the,56,58
164,our_model,53,58
165,the_second,49,58
166,the_two,54,58
167,estimate_the,55,57
168,information_about,52,57
169,is_consistent,56,57
170,paper_develops,57,57
171,relationship_between,52,57
172,and_are,55,56
173,paper_we,55,56
174,role_of,54,56
175,business_cycle,36,55
176,depend_on,52,55
177,panel_data,51,55
178,respect_to,44,55
179,results_are,54,55
180,use_of,47,55
181,with_respect,44,55
182,argue_that,53,54
183,between_and,46,54
184,effect_on,53,54
185,ex_post,40,54
186,has_been,50,54
187,models_with,47,54
188,of_their,51,54
189,paper_presents,53,54
190,paper_studies,54,54
191,the_other,51,54
192,there_are,54,54
193,using_data,54,54
194,which_is,48,54
195,costs_of,47,53
196,in_their,46,53
197,to_an,50,53
198,the_analysis,48,52
199,the_empirical,48,52
200,have_been,50,51
201,in_our,50,51
202,is_more,50,51
203,levels_of,46,51
204,model_to,51,51
205,the_long,42,51
206,the_standard,47,51
207,under_which,50,51
208,and_is,47,50
209,at_least,48,50
210,features_of,48,50
211,form_of,47,50
212,in_addition,50,50
213,is_an,50,50
214,response_to,46,50
215,structure_of,46,50
216,the_value,43,50
217,with_an,48,50
218,both_the,45,49
219,decline_in,40,49
220,demand_for,45,49
221,even_when,48,49
222,indicate_that,47,49
223,investigate_the,49,49
224,an_equilibrium,41,48
225,evidence_of,40,48
226,ex_ante,40,48
227,is_to,47,48
228,model_that,48,48
229,monetary_policy,35,48
230,of_labor,42,48
231,the_main,48,48
232,to_which,47,48
233,are_the,45,47
234,but_not,46,47
235,degree_of,40,47
236,in_terms,42,47
237,nash_equilibrium,29,47
238,social_choice,17,47
239,the_case,45,47
240,the_economy,42,47
241,the_extent,44,47
242,will_be,44,47
243,estimation_of,36,46
244,is_also,46,46
245,measures_of,42,46
246,the_cost,42,46
247,the_firm,32,46
248,the_literature,42,46
249,the_welfare,40,46
250,to_estimate,42,46
251,to_have,40,46
252,because_of,40,45
253,but_the,45,45
254,effects_on,43,45
255,importance_of,44,45
256,in_some,43,45
257,long_term,35,45
258,we_characterize,42,45
259,we_then,45,45
260,according_to,37,44
261,and_show,43,44
262,applied_to,42,44
263,be_used,40,44
264,cannot_be,39,44
265,implications_for,42,44
266,increases_in,40,44
267,rates_of,39,44
268,show_how,41,44
269,types_of,41,44
270,an_important,43,43
271,are_consistent,43,43
272,characterize_the,41,43
273,function_of,40,43
274,impact_on,41,43
275,of_information,36,43
276,of_social,35,43
277,out_of,33,43
278,that_can,42,43
279,the_labor,36,43
280,the_observed,42,43
281,the_relative,40,43
282,us_to,41,43
283,version_of,38,43
284,allocation_of,34,42
285,an_increase,32,42
286,driven_by,41,42
287,elasticity_of,34,42
288,labor_supply,28,42
289,less_than,40,42
290,moral_hazard,29,42
291,of_capital,28,42
292,result_is,42,42
293,results_suggest,42,42
294,that_there,41,42
295,the_possibility,42,42
296,the_size,41,42
297,using_the,41,42
298,as_an,40,41
299,expected_utility,25,41
300,heterogeneity_in,37,41
301,how_the,37,41
302,prices_and,36,41
303,size_of,40,41
304,some_of,40,41
305,that_these,41,41
306,the_growth,34,41
307,the_new,34,41
308,the_principal,25,41
309,the_time,36,41
310,absence_of,39,40
311,accounts_for,38,40
312,conditions_for,35,40
313,equilibrium_model,39,40
314,the_hypothesis,36,40
315,the_probability,35,40
316,the_relationship,36,40
317,the_resulting,40,40
318,this_is,40,40
319,within_the,38,40
320,an_economy,31,39
321,conditions_under,38,39
322,data_set,38,39
323,examines_the,39,39
324,exchange_rate,23,39
325,hypothesis_that,37,39
326,life_cycle,25,39
327,one_of,38,39
328,subject_to,38,39
329,tend_to,38,39
330,the_world,30,39
331,this_result,39,39
332,to_explain,39,39
333,and_an,38,38
334,approach_to,36,38
335,cross_sectional,36,38
336,least_squares,30,38
337,not_only,37,38
338,risk_aversion,28,38
339,the_average,36,38
340,the_level,35,38
341,the_marginal,31,38
342,the_use,31,38
343,across_countries,30,37
344,adverse_selection,26,37
345,close_to,33,37
346,explain_the,36,37
347,paper_investigates,37,37
348,predictions_of,30,37
349,rates_and,36,37
350,result_of,36,37
351,results_in,36,37
352,the_agent,24,37
353,the_asymptotic,28,37
354,the_government,27,37
355,the_importance,36,37
356,the_problem,37,37
357,to_their,34,37
358,variety_of,33,37
359,we_derive,34,37
360,and_other,36,36
361,characterized_by,34,36
362,empirical_evidence,35,36
363,from_to,33,36
364,instrumental_variables,27,36
365,is_used,35,36
366,maximum_likelihood,32,36
367,of_economic,35,36
368,of_income,31,36
369,part_of,36,36
370,per_capita,27,36
371,that_they,35,36
372,the_absence,35,36
373,which_are,34,36
374,after_the,32,35
375,and_for,35,35
376,but_also,34,35
377,for_this,35,35
378,in_equilibrium,32,35
379,in_many,34,35
380,most_of,35,35
381,of_interest,33,35
382,of_its,29,35
383,of_new,32,35
384,paper_analyzes,35,35
385,paper_provides,35,35
386,related_to,32,35
387,that_of,31,35
388,the_period,32,35
389,the_true,25,35
390,we_argue,35,35
391,characterization_of,32,34
392,economy_with,24,34
393,explained_by,33,34
394,for_example,33,34
395,imply_that,34,34
396,interest_rate,17,34
397,into_the,33,34
398,model_the,34,34
399,of_price,29,34
400,probability_of,31,34
401,short_run,29,34
402,the_expected,30,34
403,the_information,31,34
404,the_initial,27,34
405,the_likelihood,30,34
406,to_provide,32,34
407,use_the,34,34
408,we_apply,34,34
409,when_there,30,34
410,able_to,33,33
411,also_show,33,33
412,change_in,31,33
413,data_and,33,33
414,fraction_of,27,33
415,goods_and,28,33
416,of_financial,24,33
417,productivity_growth,20,33
418,share_of,28,33
419,steady_state,26,33
420,studies_the,33,33
421,that_if,31,33
422,the_degree,28,33
423,to_identify,33,33
424,to_percent,28,33
425,to_test,32,33
426,affect_the,32,32
427,also_find,32,32
428,and_we,30,32
429,are_also,31,32
430,conditional_on,31,32
431,determinants_of,30,32
432,even_if,32,32
433,focus_on,32,32
434,growth_in,28,32
435,implies_that,32,32
436,is_no,31,32
437,our_analysis,31,32
438,paper_uses,32,32
439,than_in,32,32
440,the_allocation,28,32
441,the_demand,30,32
442,the_form,30,32
443,the_game,29,32
444,the_latter,32,32
445,the_parameters,29,32
446,their_own,30,32
447,while_the,32,32
448,would_be,29,32
449,access_to,29,31
450,and_their,30,31
451,are_used,29,31
452,data_for,31,31
453,equilibrium_in,31,31
454,evidence_on,29,31
455,if_it,28,31
456,incentive_to,25,31
457,interest_rates,25,31
458,measure_the,27,31
459,model_where,28,31
460,of_all,30,31
461,of_individual,29,31
462,paper_shows,31,31
463,parameters_of,28,31
464,problem_of,30,31
465,rational_expectations,23,31
466,role_in,31,31
467,sufficient_conditions,27,31
468,the_current,28,31
469,the_implications,31,31
470,the_more,27,31
471,the_state,28,31
472,to_study,31,31
473,variance_of,27,31
474,and_ii,28,30
475,by_percent,25,30
476,conclude_that,30,30
477,context_of,30,30
478,for_all,26,30
479,in_both,30,30
480,international_trade,23,30
481,measure_of,29,30
482,or_the,29,30
483,price_of,21,30
484,quality_of,26,30
485,reduction_in,25,30
486,source_of,29,30
487,test_for,28,30
488,the_context,30,30
489,the_evidence,30,30
490,this_model,30,30
491,to_zero,27,30
492,type_of,28,30
493,whether_the,29,30
494,ability_to,26,29
495,amount_of,28,29
496,and_its,29,29
497,and_more,28,29
498,benefits_of,27,29
499,costs_and,27,29
500,cross_country,23,29
501,data_we,29,29
502,decision_making,25,29
503,growth_model,28,29
504,in_response,28,29
505,in_two,28,29
506,literature_on,25,29
507,of_market,27,29
508,of_such,28,29
509,on_average,28,29
510,range_of,28,29
511,return_to,27,29
512,shocks_to,28,29
513,should_be,26,29
514,since_the,27,29
515,stock_market,20,29
516,the_policy,25,29
517,the_rate,27,29
518,this_article,29,29
519,this_study,25,29
520,used_in,26,29
521,allow_for,25,28
522,and_thus,27,28
523,case_of,27,28
524,compared_to,26,28
525,continuous_time,21,28
526,contrast_to,27,28
527,correlated_with,24,28
528,equilibria_in,23,28
529,extent_to,27,28
530,fact_that,28,28
531,half_of,25,28
532,investment_and,25,28
533,may_not,26,28
534,method_of,28,28
535,models_in,28,28
536,must_be,28,28
537,of_agents,24,28
538,of_high,24,28
539,only_if,27,28
540,paper_considers,28,28
541,possibility_of,28,28
542,preferences_are,25,28
543,that_for,28,28
544,the_estimated,24,28
545,the_federal,20,28
546,the_increase,23,28
547,the_outcome,25,28
548,the_sense,28,28
549,to_this,28,28
550,trade_off,27,28
551,unit_root,16,28
552,we_introduce,28,28
553,which_we,28,28
554,affected_by,26,27
555,and_on,27,27
556,as_in,25,27
557,by_an,26,27
558,consumption_and,24,27
559,demonstrate_that,27,27
560,determined_by,26,27
561,equilibrium_with,22,27
562,estimator_is,22,27
563,gains_from,26,27
564,in_such,27,27
565,in_that,26,27
566,in_these,26,27
567,incentives_to,21,27
568,labor_force,16,27
569,may_have,25,27
570,of_government,25,27
571,of_time,26,27
572,of_two,26,27
573,our_approach,24,27
574,patterns_of,26,27
575,sensitive_to,26,27
576,support_for,26,27
577,that_when,27,27
578,the_behavior,23,27
579,the_individual,20,27
580,the_quality,24,27
581,those_of,26,27
582,to_analyze,26,27
583,we_document,24,27
584,and_then,26,26
585,asset_pricing,22,26
586,behavior_is,25,26
587,capital_and,25,26
588,fluctuations_in,22,26
589,function_is,24,26
590,games_with,23,26
591,generated_by,26,26
592,independent_of,26,26
593,of_demand,22,26
594,performance_of,23,26
595,results_for,24,26
596,short_term,18,26
597,size_and,24,26
598,so_that,25,26
599,such_that,25,26
600,suggesting_that,25,26
601,tests_of,23,26
602,the_cross,24,26
603,the_economic,25,26
604,the_fact,26,26
605,the_following,26,26
606,the_high,21,26
607,the_predictions,22,26
608,the_real,20,26
609,the_risk,22,26
610,the_variance,22,26
611,the_wage,22,26
612,these_findings,25,26
613,to_assess,26,26
614,to_measure,24,26
615,values_of,21,26
616,wages_and,25,26
617,with_more,26,26
618,allows_for,25,25
619,and_find,25,25
620,economic_growth,22,25
621,feature_of,25,25
622,finally_we,25,25
623,for_each,23,25
624,growth_of,20,25
625,however_the,25,25
626,in_general,24,25
627,income_and,24,25
628,income_tax,17,25
629,is_due,23,25
630,it_to,25,25
631,model_and,25,25
632,nature_of,25,25
633,public_goods,21,25
634,results_of,25,25
635,robust_to,24,25
636,subset_of,23,25
637,tax_rates,18,25
638,that_have,24,25
639,the_benefits,24,25
640,the_large,24,25
641,the_last,24,25
642,the_null,17,25
643,the_social,23,25
644,to_construct,24,25
645,to_examine,25,25
646,wage_inequality,14,25
647,we_conclude,25,25
648,we_discuss,23,25
649,we_establish,25,25
650,would_have,23,25
651,and_hence,21,24
652,and_iii,24,24
653,basis_of,24,24
654,beliefs_about,22,24
655,combination_of,24,24
656,demand_and,24,24
657,designed_to,24,24
658,despite_the,24,24
659,develop_model,24,24
660,equilibrium_is,22,24
661,estimate_that,23,24
662,even_though,24,24
663,evidence_suggests,24,24
664,evolution_of,23,24
665,growth_rate,20,24
666,how_to,24,24
667,identify_the,23,24
668,information_and,23,24
669,information_on,23,24
670,is_based,23,24
671,labor_and,21,24
672,level_data,23,24
673,markets_and,21,24
674,of_aggregate,22,24
675,of_dynamic,24,24
676,of_money,19,24
677,our_main,23,24
678,paper_is,24,24
679,sample_of,24,24
680,the_basis,24,24
681,the_costs,23,24
682,the_estimation,20,24
683,the_limit,19,24
684,the_nature,24,24
685,the_past,24,24
686,the_political,21,24
687,the_population,18,24
688,the_potential,22,24
689,the_recent,23,24
690,the_result,23,24
691,the_sample,22,24
692,the_structure,24,24
693,to_one,17,24
694,to_those,23,24
695,we_explore,23,24
696,we_focus,24,24
697,against_the,23,23
698,all_of,21,23
699,and_can,22,23
700,and_of,21,23
701,and_time,19,23
702,as_result,22,23
703,because_the,23,23
704,effects_and,22,23
705,estimating_the,18,23
706,even_in,23,23
707,financial_markets,18,23
708,firms_to,20,23
709,for_an,23,23
710,found_to,21,23
711,from_an,21,23
712,growth_and,21,23
713,implied_by,23,23
714,in_all,22,23
715,in_each,22,23
716,including_the,23,23
717,increases_the,21,23
718,leading_to,23,23
719,model_can,21,23
720,monte_carlo,23,23
721,of_consumption,20,23
722,of_human,19,23
723,of_international,19,23
724,of_monetary,20,23
725,of_private,21,23
726,of_public,20,23
727,our_findings,23,23
728,prices_are,21,23
729,reductions_in,21,23
730,rise_in,18,23
731,similar_to,22,23
732,than_those,21,23
733,that_an,23,23
734,the_choice,22,23
735,the_corresponding,23,23
736,the_early,21,23
737,the_model's,21,23
738,the_poor,18,23
739,the_stock,17,23
740,up_to,22,23
741,who_are,20,23
742,with_high,23,23
743,world_war,16,23
744,adjustment_costs,13,22
745,agents_are,20,22
746,allows_us,21,22
747,an_agent,18,22
748,an_incentive,21,22
749,and_how,20,22
750,appear_to,21,22
751,as_to,21,22
752,aspects_of,22,22
753,attempt_to,20,22
754,capital_accumulation,17,22
755,choice_function,15,22
756,conditions_are,20,22
757,consider_the,22,22
758,exchange_rates,15,22
759,for_which,20,22
760,growth_is,18,22
761,inconsistent_with,22,22
762,increase_the,22,22
763,is_possible,21,22
764,it_has,22,22
765,measured_by,20,22
766,method_for,21,22
767,need_not,22,22
768,not_be,22,22
769,notion_of,22,22
770,of_both,19,22
771,of_convergence,17,22
772,of_each,20,22
773,of_equilibrium,18,22
774,of_investment,18,22
775,of_large,22,22
776,on_an,22,22
777,policies_that,20,22
778,power_of,22,22
779,rely_on,22,22
780,risk_sharing,16,22
781,the_design,18,22
782,the_general,21,22
783,the_type,19,22
784,to_account,21,22
785,to_use,22,22
786,we_demonstrate,22,22
787,we_test,22,22
788,when_it,19,22
789,with_different,21,22
790,analyzes_the,21,21
791,and_not,20,21
792,and_percent,18,21
793,and_therefore,19,21
794,are_likely,19,21
795,assess_the,21,21
796,assumption_that,19,21
797,asymmetric_information,20,21
798,business_cycles,18,21
799,choice_functions,11,21
800,choice_of,21,21
801,difference_in,18,21
802,each_of,21,21
803,effect_is,21,21
804,explanation_for,21,21
805,explore_the,21,21
806,finite_sample,18,21
807,first_order,19,21
808,fiscal_policy,18,21
809,fixed_effects,17,21
810,framework_for,21,21
811,identification_of,18,21
812,in_large,20,21
813,in_us,21,21
814,it_can,20,21
815,lack_of,21,21
816,large_and,21,21
817,less_likely,20,21
818,magnitude_of,20,21
819,model_for,21,21
820,model_we,21,21
821,models_we,20,21
822,of_changes,19,21
823,of_preferences,18,21
824,of_self,14,21
825,output_and,20,21
826,pattern_of,20,21
827,preferences_and,21,21
828,price_discrimination,13,21
829,prices_in,21,21
830,prices_of,17,21
831,problem_in,20,21
832,rate_and,20,21
833,respond_to,21,21
834,sense_that,21,21
835,series_of,21,21
836,state_of,20,21
837,states_and,20,21
838,tends_to,19,21
839,that_allows,20,21
840,the_decision,17,21
841,the_majority,16,21
842,the_models,19,21
843,the_nonparametric,14,21
844,the_short,20,21
845,then_the,20,21
846,there_exists,20,21
847,time_and,20,21
848,to_increase,21,21
849,to_make,19,21
850,to_take,20,21
851,to_trade,16,21
852,we_identify,21,21
853,among_the,20,20
854,an_alternative,20,20
855,an_empirical,20,20
856,an_optimal,19,20
857,and_trade,17,20
858,behavior_in,19,20
859,can_explain,19,20
860,countries_and,18,20
861,data_to,20,20
862,dynamic_model,19,20
863,employment_and,17,20
864,equilibrium_of,17,20
865,equilibrium_the,19,20
866,extended_to,19,20
867,for_both,20,20
868,growth_rates,20,20
869,if_they,20,20
870,in_developing,19,20
871,in_order,19,20
872,information_is,19,20
873,investigates_the,20,20
874,is_determined,19,20
875,is_large,20,20
876,it_does,19,20
877,light_on,20,20
878,market_for,17,20
879,members_of,18,20
880,more_general,20,20
881,of_long,19,20
882,of_models,18,20
883,of_moments,19,20
884,of_risk,17,20
885,of_substitution,14,20
886,only_on,19,20
887,optimal_policy,14,20
888,paper_proposes,20,20
889,price_and,18,20
890,production_and,19,20
891,sequence_of,17,20
892,showing_that,20,20
893,social_security,15,20
894,study_of,20,20
895,support_the,20,20
896,test_the,20,20
897,tests_for,17,20
898,that_such,20,20
899,the_conditional,16,20
900,the_dynamic,20,20
901,the_maximum,18,20
902,the_mean,16,20
903,the_program,15,20
904,this_finding,20,20
905,to_generate,20,20
906,two_stage,17,20
907,we_prove,16,20
908,when_they,19,20
909,across_the,19,19
910,and_it,18,19
911,appears_to,19,19
912,are_derived,19,19
913,are_important,17,19
914,are_less,19,19
915,argues_that,19,19
916,assume_that,19,19
917,component_of,17,19
918,consequences_of,18,19
919,cross_section,15,19
920,cycle_model,17,19
921,data_the,19,19
922,derived_from,18,19
923,design_of,17,19
924,effects_are,18,19
925,efficiency_of,18,19
926,estimate_of,15,19
927,evaluate_the,18,19
928,finding_is,18,19
929,firm_level,15,19
930,followed_by,19,19
931,high_school,12,19
932,in_one,19,19
933,incentive_compatible,15,19
934,into_account,18,19
935,invest_in,16,19
936,investment_in,19,19
937,is_estimated,17,19
938,it_also,19,19
939,labor_markets,14,19
940,larger_than,19,19
941,likelihood_ratio,16,19
942,market_and,19,19
943,minimum_wage,6,19
944,null_hypothesis,15,19
945,of_local,17,19
946,of_optimal,18,19
947,of_state,17,19
948,of_us,19,19
949,overlapping_generations,18,19
950,possible_to,19,19
951,provides_an,19,19
952,results_to,19,19
953,social_welfare,17,19
954,that_both,19,19
955,that_were,17,19
956,the_agents,15,19
957,the_aggregate,18,19
958,the_assumption,16,19
959,the_class,16,19
960,the_endogenous,16,19
961,the_income,17,19
962,the_job,15,19
963,the_key,18,19
964,the_limiting,15,19
965,the_magnitude,18,19
966,the_private,18,19
967,the_productivity,17,19
968,the_solution,15,19
969,the_test,13,19
970,these_models,16,19
971,these_two,19,19
972,this_question,19,19
973,those_with,15,19
974,through_the,16,19
975,to_achieve,17,19
976,to_evaluate,19,19
977,to_obtain,19,19
978,to_pay,18,19
979,to_that,19,19
980,trade_and,18,19
981,trade_in,16,19
982,volatility_of,17,19
983,war_ii,14,19
984,we_compare,19,19
985,we_construct,19,19
986,with_low,17,19
987,with_lower,18,19
988,about_percent,15,18
989,all_the,18,18
990,and_capital,17,18
991,and_labor,16,18
992,and_only,17,18
993,and_use,18,18
994,apply_our,18,18
995,are_shown,15,18
996,central_bank,13,18
997,contrary_to,18,18
998,converges_to,15,18
999,correlation_between,17,18
1000,depending_on,18,18
1001,developing_countries,18,18
1002,discount_factor,17,18
1003,distribution_is,15,18
1004,dynamics_of,15,18
1005,enough_to,18,18
1006,equal_to,16,18
1007,equilibrium_and,17,18
1008,find_evidence,17,18
1009,findings_are,17,18
1010,for_these,18,18
1011,given_the,17,18
1012,group_of,17,18
1013,higher_than,18,18
1014,in_model,17,18
1015,incentives_for,17,18
1016,incomplete_information,18,18
1017,interpreted_as,18,18
1018,led_to,17,18
1019,likelihood_of,16,18
1020,models_are,16,18
1021,models_that,18,18
1022,models_the,17,18
1023,more_productive,14,18
1024,not_to,17,18
1025,observed_in,18,18
1026,of_firms,16,18
1027,of_goods,14,18
1028,of_real,18,18
1029,of_which,17,18
1030,on_their,18,18
1031,or_more,18,18
1032,order_to,17,18
1033,outcome_of,18,18
1034,principal_agent,17,18
1035,process_of,17,18
1036,productivity_and,17,18
1037,rates_are,18,18
1038,restrictions_on,18,18
1039,rise_to,18,18
1040,second_order,12,18
1041,simple_model,18,18
1042,technical_change,13,18
1043,technological_change,16,18
1044,the_difference,18,18
1045,the_efficiency,14,18
1046,the_elasticity,15,18
1047,the_estimates,18,18
1048,the_estimator,13,18
1049,the_evolution,17,18
1050,the_existing,17,18
1051,the_life,14,18
1052,the_method,17,18
1053,the_one,18,18
1054,the_parameter,15,18
1055,the_public,17,18
1056,the_treatment,14,18
1057,the_underlying,16,18
1058,theory_to,16,18
1059,they_have,16,18
1060,timing_of,17,18
1061,to_reduce,17,18
1062,to_show,18,18
1063,we_exploit,18,18
1064,well_known,18,18
1065,about_their,16,17
1066,an_application,17,17
1067,and_by,17,17
1068,and_employment,17,17
1069,and_prices,17,17
1070,and_social,16,17
1071,are_then,17,17
1072,asset_prices,15,17
1073,bargaining_power,15,17
1074,be_explained,17,17
1075,be_more,17,17
1076,by_about,14,17
1077,concerning_the,17,17
1078,converge_to,15,17
1079,could_be,15,17
1080,data_are,16,17
1081,decisions_and,15,17
1082,dispersion_of,12,17
1083,distributions_of,16,17
1084,equilibria_of,16,17
1085,equilibrium_we,16,17
1086,equity_premium,15,17
1087,evidence_for,17,17
1088,exploit_the,17,17
1089,extension_of,17,17
1090,extent_of,17,17
1091,factors_that,16,17
1092,for_large,17,17
1093,health_insurance,12,17
1094,ii_the,16,17
1095,in_aggregate,16,17
1096,in_any,17,17
1097,in_life,10,17
1098,in_more,16,17
1099,income_is,14,17
1100,individuals_are,13,17
1101,information_in,17,17
1102,interaction_between,17,17
1103,interpretation_of,15,17
1104,is_developed,17,17
1105,is_in,17,17
1106,large_sample,16,17
1107,life_expectancy,10,17
1108,link_between,16,17
1109,main_result,17,17
1110,majority_of,17,17
1111,models_and,16,17
1112,movements_in,15,17
1113,much_of,17,17
1114,not_necessarily,17,17
1115,of_future,15,17
1116,of_his,15,17
1117,of_other,17,17
1118,of_policy,16,17
1119,of_political,17,17
1120,of_production,13,17
1121,of_schooling,13,17
1122,of_stock,14,17
1123,of_wages,13,17
1124,paper_also,17,17
1125,paper_explores,17,17
1126,paper_introduces,17,17
1127,per_worker,10,17
1128,price_changes,13,17
1129,prior_to,17,17
1130,property_rights,14,17
1131,prove_that,14,17
1132,provision_of,14,17
1133,reduce_the,16,17
1134,representative_agent,14,17
1135,response_of,15,17
1136,result_in,17,17
1137,results_indicate,17,17
1138,results_show,17,17
1139,risk_averse,17,17
1140,serial_correlation,9,17
1141,stock_prices,13,17
1142,supply_of,15,17
1143,test_of,15,17
1144,test_scores,12,17
1145,tests_are,12,17
1146,that_all,16,17
1147,that_has,17,17
1148,that_may,16,17
1149,the_business,16,17
1150,the_decline,15,17
1151,the_future,15,17
1152,the_great,17,17
1153,the_nash,13,17
1154,the_process,14,17
1155,the_random,11,17
1156,the_return,17,17
1157,the_returns,15,17
1158,the_timing,15,17
1159,them_to,17,17
1160,theory_for,15,17
1161,to_changes,15,17
1162,to_choose,16,17
1163,to_more,17,17
1164,unobserved_heterogeneity,12,17
1165,utility_function,15,17
1166,affects_the,16,16
1167,allowing_for,16,16
1168,an_extension,15,16
1169,and_growth,15,16
1170,and_investment,14,16
1171,and_market,16,16
1172,assumed_to,14,16
1173,be_implemented,11,16
1174,because_it,16,16
1175,behavior_and,15,16
1176,better_than,13,16
1177,can_also,14,16
1178,choose_to,16,16
1179,comparative_advantage,14,16
1180,competition_and,15,16
1181,condition_for,16,16
1182,control_for,16,16
1183,controlling_for,16,16
1184,conventional_wisdom,14,16
1185,decision_maker,14,16
1186,decrease_in,13,16
1187,economy_in,16,16
1188,entry_and,13,16
1189,equivalent_to,16,16
1190,estimator_of,14,16
1191,fail_to,16,16
1192,for_any,13,16
1193,for_most,16,16
1194,game_with,14,16
1195,has_no,15,16
1196,has_the,15,16
1197,have_the,16,16
1198,if_there,15,16
1199,in_dynamic,16,16
1200,in_production,16,16
1201,incentive_compatibility,10,16
1202,induced_by,16,16
1203,marginal_cost,12,16
1204,market_with,13,16
1205,markets_are,14,16
1206,multiple_equilibria,14,16
1207,of_choice,14,16
1208,of_different,14,16
1209,of_whether,15,16
1210,only_the,16,16
1211,percentage_points,14,16
1212,poor_countries,10,16
1213,predicts_that,16,16
1214,preference_for,12,16
1215,price_level,10,16
1216,public_good,9,16
1217,ratio_of,15,16
1218,reduced_form,12,16
1219,repeated_games,13,16
1220,shows_how,14,16
1221,sources_of,15,16
1222,steady_states,8,16
1223,stock_returns,11,16
1224,survey_data,15,16
1225,that_under,16,16
1226,that_would,15,16
1227,the_conditions,16,16
1228,the_determinants,16,16
1229,the_entire,15,16
1230,the_good,14,16
1231,the_higher,14,16
1232,the_local,13,16
1233,the_monetary,9,16
1234,the_properties,16,16
1235,the_unique,16,16
1236,the_volatility,14,16
1237,the_way,15,16
1238,theory_in,16,16
1239,this_class,14,16
1240,this_effect,16,16
1241,thus_the,16,16
1242,time_in,16,16
1243,to_avoid,16,16
1244,to_compute,16,16
1245,to_explore,16,16
1246,to_investigate,16,16
1247,to_other,16,16
1248,to_produce,13,16
1249,two_person,12,16
1250,unemployment_insurance,8,16
1251,used_by,16,16
1252,versions_of,14,16
1253,which_agents,15,16
1254,willingness_to,15,16
1255,an_additional,15,15
1256,an_efficient,12,15
1257,and_aggregate,15,15
1258,and_may,14,15
1259,and_or,15,15
1260,and_output,13,15
1261,and_productivity,14,15
1262,and_welfare,15,15
1263,apply_the,15,15
1264,are_determined,14,15
1265,are_found,13,15
1266,assuming_that,15,15
1267,assumption_of,13,15
1268,asymptotic_normality,12,15
1269,away_from,15,15
1270,because_they,15,15
1271,behavior_we,14,15
1272,bounds_on,14,15
1273,can_lead,15,15
1274,capital_is,13,15
1275,class_size,6,15
1276,compare_the,15,15
1277,confidence_intervals,10,15
1278,continuum_of,15,15
1279,correlation_of,11,15
1280,costs_in,15,15
1281,countries_we,14,15
1282,data_sets,12,15
1283,decisions_are,13,15
1284,demonstrates_that,14,15
1285,did_not,14,15
1286,difficult_to,15,15
1287,each_agent,12,15
1288,earnings_and,12,15
1289,economic_activity,12,15
1290,economic_theory,15,15
1291,equilibria_are,14,15
1292,errors_in,15,15
1293,evidence_from,15,15
1294,find_no,15,15
1295,firms_that,14,15
1296,first_best,11,15
1297,found_that,15,15
1298,function_and,14,15
1299,good_is,13,15
1300,greater_than,15,15
1301,if_and,14,15
1302,important_for,15,15
1303,important_role,15,15
1304,in_explaining,14,15
1305,in_fact,15,15
1306,in_other,15,15
1307,in_recent,15,15
1308,in_time,15,15
1309,increasing_returns,11,15
1310,instead_of,15,15
1311,is_applied,14,15
1312,is_less,15,15
1313,is_optimal,12,15
1314,levels_and,15,15
1315,money_supply,8,15
1316,nash_bargaining,6,15
1317,of_competition,13,15
1318,of_employment,14,15
1319,of_endogenous,14,15
1320,of_individuals,13,15
1321,of_inflation,11,15
1322,of_productivity,13,15
1323,of_strategic,12,15
1324,only_in,14,15
1325,optimal_contract,12,15
1326,or_not,14,15
1327,our_estimates,15,15
1328,paper_argues,15,15
1329,patterns_in,14,15
1330,period_of,14,15
1331,predicted_by,15,15
1332,preferences_over,14,15
1333,problems_in,14,15
1334,profits_and,14,15
1335,proportion_of,14,15
1336,quantify_the,14,15
1337,rates_in,14,15
1338,reduces_the,15,15
1339,regardless_of,14,15
1340,risk_taking,8,15
1341,same_time,13,15
1342,set_is,14,15
1343,solution_to,13,15
1344,stylized_facts,14,15
1345,tests_the,15,15
1346,than_one,15,15
1347,that_each,15,15
1348,the_asset,13,15
1349,the_authors,11,15
1350,the_best,13,15
1351,the_consumption,15,15
1352,the_highest,14,15
1353,the_household,11,15
1354,the_interaction,15,15
1355,the_late,14,15
1356,the_players,11,15
1357,the_production,14,15
1358,the_system,9,15
1359,this_suggests,15,15
1360,those_who,11,15
1361,to_accept,14,15
1362,to_capital,12,15
1363,to_invest,14,15
1364,to_large,15,15
1365,to_maximize,14,15
1366,to_schooling,10,15
1367,to_understand,15,15
1368,together_with,14,15
1369,trade_policy,12,15
1370,using_an,15,15
1371,validity_of,15,15
1372,we_do,15,15
1373,welfare_effects,13,15
1374,willing_to,13,15
1375,with_higher,15,15
1376,with_many,14,15
1377,with_two,15,15
1378,worse_off,14,15
1379,years_of,14,15
1380,accounting_for,13,14
1381,adoption_of,12,14
1382,advantage_of,14,14
1383,and_economic,14,14
1384,and_estimate,14,14
1385,and_long,14,14
1386,and_new,14,14
1387,and_price,14,14
1388,and_sufficient,13,14
1389,are_associated,13,14
1390,are_considered,14,14
1391,are_discussed,14,14
1392,are_given,13,14
1393,are_in,14,14
1394,are_small,14,14
1395,as_measured,12,14
1396,asymptotically_normal,14,14
1397,attitudes_toward,10,14
1398,be_the,13,14
1399,before_and,13,14
1400,before_the,13,14
1401,bias_in,13,14
1402,by_using,14,14
1403,caused_by,13,14
1404,characteristics_of,13,14
1405,combined_with,13,14
1406,comparative_statics,13,14
1407,composition_of,13,14
1408,countries_with,13,14
1409,discuss_the,14,14
1410,document_that,13,14
1411,empirical_results,14,14
1412,endowment_effect,6,14
1413,estimators_of,12,14
1414,examples_of,14,14
1415,explains_the,14,14
1416,exposure_to,12,14
1417,family_of,12,14
1418,field_experiment,12,14
1419,findings_suggest,14,14
1420,firms_and,14,14
1421,for_some,14,14
1422,forms_of,13,14
1423,found_in,13,14
1424,from_their,13,14
1425,functions_that,12,14
1426,games_in,14,14
1427,have_an,13,14
1428,health_and,14,14
1429,illustrate_the,14,14
1430,in_and,13,14
1431,in_most,14,14
1432,in_new,10,14
1433,in_output,12,14
1434,in_turn,14,14
1435,in_wage,11,14
1436,income_distribution,12,14
1437,indicates_that,13,14
1438,infinite_horizon,14,14
1439,influenced_by,12,14
1440,information_we,14,14
1441,introduction_of,11,14
1442,is_found,14,14
1443,is_known,14,14
1444,is_much,14,14
1445,is_unique,13,14
1446,it_may,13,14
1447,lump_sum,10,14
1448,marriage_market,10,14
1449,model_using,14,14
1450,moment_conditions,8,14
1451,more_in,14,14
1452,motivated_by,14,14
1453,necessary_and,13,14
1454,need_to,14,14
1455,no_evidence,14,14
1456,not_the,14,14
1457,of_business,10,14
1458,of_equilibria,11,14
1459,of_growth,12,14
1460,of_output,13,14
1461,of_return,13,14
1462,of_uncertainty,12,14
1463,of_wealth,12,14
1464,on_how,14,14
1465,one_third,11,14
1466,our_theory,14,14
1467,outcomes_in,12,14
1468,percent_and,14,14
1469,policy_and,14,14
1470,preferences_for,13,14
1471,present_model,14,14
1472,provide_an,14,14
1473,pure_strategy,13,14
1474,real_business,10,14
1475,regression_discontinuity,13,14
1476,responses_to,14,14
1477,risk_and,14,14
1478,savings_and,12,14
1479,second_we,14,14
1480,self_control,9,14
1481,sets_of,13,14
1482,social_interactions,8,14
1483,state_and,14,14
1484,technology_and,14,14
1485,than_to,14,14
1486,that_our,14,14
1487,that_people,11,14
1488,the_agent's,12,14
1489,the_approach,11,14
1490,the_bootstrap,6,14
1491,the_central,14,14
1492,the_common,13,14
1493,the_consequences,14,14
1494,the_discount,13,14
1495,the_findings,14,14
1496,the_finite,14,14
1497,the_identification,11,14
1498,the_industry,14,14
1499,the_largest,14,14
1500,the_least,12,14
1501,the_performance,12,14
1502,the_postwar,14,14
1503,the_rise,12,14
1504,the_structural,11,14
1505,the_usual,13,14
1506,the_variation,11,14
1507,theory_and,14,14
1508,theory_is,12,14
1509,those_in,14,14
1510,time_the,14,14
1511,to_allow,14,14
1512,to_control,13,14
1513,to_some,14,14
1514,to_these,14,14
1515,upon_the,14,14
1516,us_data,14,14
1517,using_panel,13,14
1518,variables_and,13,14
1519,variations_in,13,14
1520,very_different,14,14
1521,where_is,12,14
1522,with_some,14,14
1523,work_on,14,14
1524,addition_to,13,13
1525,addition_we,13,13
1526,an_exogenous,12,13
1527,analysis_is,13,13
1528,and_financial,12,13
1529,and_one,13,13
1530,and_real,13,13
1531,and_second,13,13
1532,and_so,13,13
1533,and_supply,13,13
1534,and_they,13,13
1535,and_two,13,13
1536,application_to,13,13
1537,apply_to,12,13
1538,are_analyzed,12,13
1539,are_based,13,13
1540,are_no,13,13
1541,are_provided,13,13
1542,are_relatively,9,13
1543,are_similar,13,13
1544,argued_that,13,13
1545,arise_from,13,13
1546,auctions_with,12,13
1547,between_two,13,13
1548,by_changes,13,13
1549,by_comparing,13,13
1550,can_account,13,13
1551,can_have,12,13
1552,case_the,13,13
1553,common_knowledge,9,13
1554,concept_of,11,13
1555,conditions_that,13,13
1556,conditions_the,12,13
1557,consists_of,13,13
1558,constraints_on,12,13
1559,consumption_growth,8,13
1560,contracts_are,11,13
1561,costs_are,13,13
1562,data_in,12,13
1563,decisions_of,11,13
1564,density_of,9,13
1565,determines_the,13,13
1566,develop_an,13,13
1567,deviations_from,9,13
1568,differ_in,13,13
1569,difference_between,12,13
1570,each_period,12,13
1571,each_player,10,13
1572,early_in,10,13
1573,education_and,12,13
1574,empirical_analysis,13,13
1575,empirical_work,13,13
1576,engage_in,13,13
1577,equilibria_and,13,13
1578,estimated_using,13,13
1579,estimates_are,13,13
1580,favor_of,12,13
1581,finds_that,13,13
1582,firm_size,9,13
1583,first_price,12,13
1584,for_estimating,13,13
1585,framework_to,12,13
1586,free_trade,12,13
1587,from_this,13,13
1588,gains_in,10,13
1589,generalization_of,12,13
1590,good_and,11,13
1591,has_an,13,13
1592,hours_worked,11,13
1593,how_much,13,13
1594,idiosyncratic_shocks,10,13
1595,in_favor,12,13
1596,in_part,13,13
1597,in_several,13,13
1598,individuals_who,13,13
1599,inequality_and,11,13
1600,inflation_and,10,13
1601,is_at,12,13
1602,is_derived,12,13
1603,is_higher,13,13
1604,is_provided,13,13
1605,is_sufficiently,13,13
1606,is_very,13,13
1607,labor_income,11,13
1608,likelihood_estimator,10,13
1609,limiting_distribution,10,13
1610,lower_than,12,13
1611,market_experience,7,13
1612,market_power,11,13
1613,market_the,13,13
1614,markets_in,12,13
1615,measurement_error,9,13
1616,model_based,12,13
1617,neoclassical_growth,13,13
1618,no_effect,13,13
1619,not_have,13,13
1620,not_in,13,13
1621,not_require,13,13
1622,of_consumer,11,13
1623,of_countries,12,13
1624,of_one,13,13
1625,of_simple,13,13
1626,of_some,13,13
1627,on_individual,11,13
1628,other_hand,13,13
1629,our_empirical,12,13
1630,particular_we,13,13
1631,percent_for,10,13
1632,point_of,13,13
1633,political_economy,11,13
1634,preferences_of,12,13
1635,provide_conditions,13,13
1636,provide_evidence,13,13
1637,quantity_of,11,13
1638,randomly_assigned,13,13
1639,regarding_the,13,13
1640,regression_model,11,13
1641,relies_on,13,13
1642,required_to,12,13
1643,risk_free,10,13
1644,risk_neutral,12,13
1645,sample_properties,11,13
1646,shocks_and,13,13
1647,shocks_are,13,13
1648,some_cases,12,13
1649,strength_of,13,13
1650,studies_of,13,13
1651,sufficient_to,13,13
1652,support_of,12,13
1653,that_optimal,12,13
1654,the_1970s,10,13
1655,the_ability,13,13
1656,the_age,11,13
1657,the_change,10,13
1658,the_direction,11,13
1659,the_dynamics,11,13
1660,the_ex,11,13
1661,the_financial,13,13
1662,the_fraction,10,13
1663,the_idea,13,13
1664,the_introduction,10,13
1665,the_investment,9,13
1666,the_joint,13,13
1667,the_learning,12,13
1668,the_overall,13,13
1669,the_response,11,13
1670,the_seller,9,13
1671,the_supply,13,13
1672,the_threat,12,13
1673,the_trade,11,13
1674,theoretical_model,11,13
1675,these_effects,12,13
1676,third_of,12,13
1677,this_prediction,13,13
1678,this_problem,13,13
1679,time_varying,8,13
1680,to_derive,13,13
1681,to_determine,13,13
1682,to_distinguish,12,13
1683,to_enter,12,13
1684,to_higher,12,13
1685,to_implement,13,13
1686,to_its,12,13
1687,to_match,11,13
1688,to_new,12,13
1689,to_us,13,13
1690,to_what,13,13
1691,understanding_of,12,13
1692,us_economy,12,13
1693,values_and,12,13
1694,view_that,13,13
1695,we_call,13,13
1696,we_extend,13,13
1697,we_observe,13,13
1698,were_not,13,13
1699,whether_to,11,13
1700,wide_range,13,13
1701,wide_variety,12,13
1702,with_data,13,13
1703,workers_are,11,13
1704,agent_is,11,12
1705,agents_to,11,12
1706,along_with,12,12
1707,an_economic,12,12
1708,and_demand,10,12
1709,and_estimation,12,12
1710,and_has,12,12
1711,and_have,12,12
1712,and_income,11,12
1713,and_increasing,12,12
1714,and_no,11,12
1715,and_provide,12,12
1716,and_study,12,12
1717,and_there,12,12
1718,and_when,11,12
1719,and_with,12,12
1720,application_of,12,12
1721,are_estimated,12,12
1722,are_generally,11,12
1723,are_higher,12,12
1724,are_of,11,12
1725,are_often,12,12
1726,are_robust,12,12
1727,are_two,12,12
1728,as_special,12,12
1729,attempts_to,12,12
1730,attributable_to,12,12
1731,attributed_to,12,12
1732,bargaining_game,9,12
1733,be_consistent,12,12
1734,be_estimated,10,12
1735,become_more,12,12
1736,by_their,12,12
1737,can_generate,11,12
1738,change_and,11,12
1739,characterizes_the,12,12
1740,closed_form,12,12
1741,consistency_of,10,12
1742,consumer_surplus,10,12
1743,contracts_that,10,12
1744,contrast_with,11,12
1745,convergence_of,10,12
1746,countries_in,11,12
1747,credit_constraints,8,12
1748,cycle_models,10,12
1749,debt_and,12,12
1750,derive_the,11,12
1751,determine_the,12,12
1752,differences_between,12,12
1753,direction_of,10,12
1754,discount_rates,8,12
1755,economies_with,11,12
1756,efficiency_and,12,12
1757,equilibrium_outcome,10,12
1758,experiments_we,12,12
1759,explain_why,12,12
1760,extend_the,12,12
1761,financial_market,10,12
1762,firms_in,11,12
1763,for_individuals,12,12
1764,for_their,12,12
1765,for_those,10,12
1766,forward_looking,11,12
1767,framework_is,12,12
1768,framework_that,12,12
1769,from_trade,12,12
1770,function_that,12,12
1771,game_theory,10,12
1772,games_and,10,12
1773,generalized_method,12,12
1774,government_spending,8,12
1775,have_no,11,12
1776,have_to,10,12
1777,high_and,11,12
1778,high_income,10,12
1779,highlight_the,12,12
1780,in_high,12,12
1781,in_labor,12,12
1782,in_previous,12,12
1783,in_trade,9,12
1784,investments_in,12,12
1785,is_important,12,12
1786,is_observed,12,12
1787,is_often,12,12
1788,is_robust,12,12
1789,is_then,12,12
1790,level_and,11,12
1791,loss_aversion,8,12
1792,made_by,9,12
1793,majority_rule,8,12
1794,mechanism_is,7,12
1795,method_to,11,12
1796,methods_are,12,12
1797,micro_data,12,12
1798,model_which,11,12
1799,of_alternative,12,12
1800,of_any,12,12
1801,of_child,10,12
1802,of_data,10,12
1803,of_empirical,12,12
1804,of_firm,11,12
1805,of_general,12,12
1806,of_household,10,12
1807,of_intertemporal,10,12
1808,of_learning,10,12
1809,of_percent,11,12
1810,of_potential,12,12
1811,of_structural,9,12
1812,of_three,11,12
1813,of_workers,11,12
1814,off_between,12,12
1815,panel_of,12,12
1816,percent_more,12,12
1817,players_are,7,12
1818,policy_in,12,12
1819,policy_is,12,12
1820,positive_and,12,12
1821,possibility_that,12,12
1822,previous_studies,11,12
1823,prices_to,11,12
1824,process_and,12,12
1825,productivity_of,11,12
1826,propose_new,12,12
1827,provide_new,12,12
1828,repeated_game,7,12
1829,responsible_for,11,12
1830,responsive_to,12,12
1831,returns_and,12,12
1832,role_for,12,12
1833,sample_size,11,12
1834,selection_of,12,12
1835,side_of,11,12
1836,smaller_than,12,12
1837,social_capital,5,12
1838,special_case,11,12
1839,structural_parameters,9,12
1840,subgame_perfect,10,12
1841,such_an,11,12
1842,supply_and,10,12
1843,system_of,12,12
1844,tax_rate,11,12
1845,tests_in,8,12
1846,that_even,12,12
1847,that_individuals,11,12
1848,that_one,12,12
1849,that_we,12,12
1850,the_actual,11,12
1851,the_amount,11,12
1852,the_capital,11,12
1853,the_classical,11,12
1854,the_conventional,12,12
1855,the_dispersion,10,12
1856,the_efficient,11,12
1857,the_experiment,11,12
1858,the_experimental,12,12
1859,the_gains,11,12
1860,the_generalized,9,12
1861,the_increased,12,12
1862,the_index,6,12
1863,the_interest,9,12
1864,the_intertemporal,9,12
1865,the_low,11,12
1866,the_lowest,11,12
1867,the_national,12,12
1868,the_need,12,12
1869,the_neoclassical,11,12
1870,the_only,12,12
1871,the_proposed,11,12
1872,the_theoretical,12,12
1873,the_total,11,12
1874,the_view,12,12
1875,then_show,12,12
1876,theories_of,12,12
1877,they_can,11,12
1878,they_do,12,12
1879,this_implies,12,12
1880,threat_of,11,12
1881,to_address,12,12
1882,to_education,10,12
1883,trade_flows,7,12
1884,trade_with,11,12
1885,transaction_costs,9,12
1886,two_player,12,12
1887,unique_equilibrium,12,12
1888,utility_functions,10,12
1889,value_added,7,12
1890,view_of,11,12
1891,wages_in,9,12
1892,we_are,12,12
1893,well_being,7,12
1894,what_is,12,12
1895,which_in,12,12
1896,with_heterogeneous,12,12
1897,workers_and,11,12
1898,agents_in,11,11
1899,aggregate_shocks,9,11
1900,all_three,11,11
1901,along_the,10,11
1902,and_after,11,11
1903,and_consumption,8,11
1904,and_each,10,11
1905,and_exit,9,11
1906,and_if,11,11
1907,and_low,11,11
1908,and_policy,10,11
1909,and_services,9,11
1910,and_state,11,11
1911,applications_of,10,11
1912,are_able,11,11
1913,are_at,11,11
1914,are_independent,11,11
1915,are_obtained,11,11
1916,are_very,11,11
1917,as_if,11,11
1918,at_age,5,11
1919,at_which,11,11
1920,be_characterized,11,11
1921,be_interpreted,11,11
1922,benefit_from,11,11
1923,bilateral_trade,9,11
1924,bound_for,8,11
1925,but_are,11,11
1926,buyers_and,7,11
1927,by_estimating,11,11
1928,by_showing,11,11
1929,care_about,11,11
1930,cases_the,10,11
1931,choices_of,10,11
1932,competitive_equilibrium,9,11
1933,components_of,11,11
1934,consequences_for,11,11
1935,considers_the,11,11
1936,consumption_of,9,11
1937,contracts_and,11,11
1938,cost_and,10,11
1939,declines_in,10,11
1940,developed_countries,8,11
1941,develops_model,11,11
1942,differences_across,10,11
1943,distribution_and,11,11
1944,doing_so,11,11
1945,economists_have,11,11
1946,economy_is,11,11
1947,educational_attainment,7,11
1948,effectiveness_of,10,11
1949,endogenous_variables,8,11
1950,estimators_are,8,11
1951,evidence_is,11,11
1952,existing_literature,11,11
1953,explores_the,11,11
1954,fall_in,10,11
1955,faster_than,11,11
1956,federal_reserve,9,11
1957,find_strong,11,11
1958,find_the,11,11
1959,firms_are,9,11
1960,firms_with,11,11
1961,following_the,11,11
1962,for_every,9,11
1963,for_one,11,11
1964,for_several,11,11
1965,for_two,10,11
1966,force_participation,9,11
1967,foundation_for,10,11
1968,frequency_of,10,11
1969,from_one,11,11
1970,from_two,11,11
1971,functions_and,11,11
1972,given_by,11,11
1973,goods_are,11,11
1974,have_more,11,11
1975,have_private,11,11
1976,help_to,11,11
1977,high_frequency,10,11
1978,how_this,10,11
1979,however_we,11,11
1980,iii_the,11,11
1981,impacts_of,10,11
1982,implementation_of,11,11
1983,improvements_in,10,11
1984,in_consumption,10,11
1985,in_countries,8,11
1986,in_different,11,11
1987,in_economic,11,11
1988,in_its,11,11
1989,in_models,11,11
1990,incomplete_markets,9,11
1991,increasing_the,11,11
1992,individual_level,11,11
1993,individuals_with,10,11
1994,investments_and,8,11
1995,is_costly,11,11
1996,is_independent,11,11
1997,is_presented,11,11
1998,is_required,10,11
1999,is_sufficient,11,11
2000,it_shows,11,11
2001,large_number,11,11
2002,literature_we,11,11
2003,makes_it,10,11
2004,market_in,11,11
2005,market_is,11,11
2006,market_structure,10,11
2007,markets_the,11,11
2008,mechanism_design,11,11
2009,method_is,8,11
2010,methods_for,11,11
2011,model_are,11,11
2012,model_has,10,11
2013,modeled_as,11,11
2014,more_generally,11,11
2015,more_of,10,11
2016,much_more,11,11
2017,new_results,10,11
2018,of_asset,10,11
2019,of_behavior,10,11
2020,of_beliefs,10,11
2021,of_children,10,11
2022,of_electoral,9,11
2023,of_exchange,9,11
2024,of_games,10,11
2025,of_households,10,11
2026,of_low,11,11
2027,of_many,11,11
2028,of_multiple,11,11
2029,of_nonparametric,9,11
2030,of_parameters,8,11
2031,of_players,9,11
2032,of_prices,9,11
2033,of_stable,8,11
2034,of_that,11,11
2035,of_them,11,11
2036,of_unknown,10,11
2037,on_its,10,11
2038,only_small,11,11
2039,outcomes_we,11,11
2040,paper_tests,11,11
2041,particular_the,11,11
2042,particularly_in,10,11
2043,percent_higher,11,11
2044,perfect_equilibrium,10,11
2045,periods_of,11,11
2046,persistence_of,11,11
2047,plant_level,10,11
2048,point_to,10,11
2049,policies_are,9,11
2050,portion_of,11,11
2051,price_auction,8,11
2052,private_and,10,11
2053,private_value,8,11
2054,private_values,10,11
2055,problem_and,10,11
2056,production_of,10,11
2057,productivity_in,11,11
2058,productivity_shocks,8,11
2059,prospect_theory,8,11
2060,provided_that,11,11
2061,random_walk,8,11
2062,rates_for,10,11
2063,real_exchange,7,11
2064,real_wage,10,11
2065,regularity_conditions,10,11
2066,relation_between,11,11
2067,resulting_from,11,11
2068,results_from,11,11
2069,revealed_preference,10,11
2070,scale_economies,6,11
2071,severity_of,11,11
2072,single_crossing,7,11
2073,size_distribution,10,11
2074,skilled_workers,7,11
2075,so_the,11,11
2076,state_contingent,10,11
2077,states_in,11,11
2078,strong_evidence,11,11
2079,substitution_between,10,11
2080,sufficient_for,10,11
2081,survey_of,11,11
2082,test_statistics,10,11
2083,tests_that,7,11
2084,than_average,7,11
2085,that_incorporates,11,11
2086,that_most,11,11
2087,the_1990s,11,11
2088,the_american,8,11
2089,the_basic,9,11
2090,the_bias,10,11
2091,the_collective,8,11
2092,the_correlation,8,11
2093,the_country,10,11
2094,the_development,10,11
2095,the_differential,10,11
2096,the_endowment,6,11
2097,the_fiscal,10,11
2098,the_full,11,11
2099,the_fundamental,10,11
2100,the_international,10,11
2101,the_minimum,8,11
2102,the_money,9,11
2103,the_net,11,11
2104,the_next,9,11
2105,the_original,9,11
2106,the_parametric,7,11
2107,the_pattern,10,11
2108,the_payoff,11,11
2109,the_positive,10,11
2110,the_power,9,11
2111,the_present,11,11
2112,the_prices,9,11
2113,the_procedure,10,11
2114,the_question,9,11
2115,the_ratio,10,11
2116,the_reduced,6,11
2117,the_right,11,11
2118,the_scope,8,11
2119,the_strength,11,11
2120,the_unit,7,11
2121,their_private,9,11
2122,this_can,11,11
2123,this_period,10,11
2124,time_inconsistency,8,11
2125,time_of,10,11
2126,to_compare,11,11
2127,to_do,11,11
2128,to_find,11,11
2129,to_give,11,11
2130,to_price,10,11
2131,to_scale,8,11
2132,to_standard,11,11
2133,trade_is,10,11
2134,treatment_effects,8,11
2135,turns_out,11,11
2136,two_types,11,11
2137,unable_to,11,11
2138,uncertainty_about,11,11
2139,unit_roots,7,11
2140,use_this,11,11
2141,used_as,11,11
2142,using_new,11,11
2143,utility_and,11,11
2144,variables_are,10,11
2145,variables_the,11,11
2146,viewed_as,11,11
2147,volume_of,9,11
2148,wages_are,11,11
2149,we_define,11,11
2150,where_each,10,11
2151,which_can,11,11
2152,with_incomplete,11,11
2153,with_positive,10,11
2154,with_probability,8,11
2155,workers_in,8,11
2156,accounted_for,10,10
2157,accumulation_of,10,10
2158,across_industries,8,10
2159,across_states,8,10
2160,actions_are,8,10
2161,agents_have,8,10
2162,agents_who,9,10
2163,aggregate_fluctuations,6,10
2164,also_be,10,10
2165,also_discuss,10,10
2166,although_the,10,10
2167,an_arbitrary,8,10
2168,an_example,10,10
2169,an_explanation,10,10
2170,an_increasing,10,10
2171,an_individual,9,10
2172,an_overlapping,10,10
2173,analyses_of,9,10
2174,and_also,10,10
2175,and_asset,9,10
2176,and_asymptotically,10,10
2177,and_at,10,10
2178,and_earnings,9,10
2179,and_efficiency,10,10
2180,and_endogenous,10,10
2181,and_high,9,10
2182,and_information,10,10
2183,and_less,10,10
2184,and_small,10,10
2185,and_those,10,10
2186,and_wage,9,10
2187,and_wages,10,10
2188,approximated_by,10,10
2189,are_examined,8,10
2190,are_made,9,10
2191,as_for,10,10
2192,as_long,9,10
2193,as_they,9,10
2194,assigned_to,9,10
2195,asymptotic_theory,8,10
2196,be_extended,10,10
2197,below_the,10,10
2198,by_examining,10,10
2199,capital_flows,7,10
2200,capital_to,9,10
2201,causal_effect,9,10
2202,cheap_talk,7,10
2203,choice_and,9,10
2204,commit_to,9,10
2205,common_value,7,10
2206,commonly_used,10,10
2207,condition_is,8,10
2208,conditional_moment,8,10
2209,consumers_are,8,10
2210,consumers_with,8,10
2211,consumption_is,9,10
2212,contribute_to,10,10
2213,correlation_in,7,10
2214,countries_the,10,10
2215,covariance_matrix,8,10
2216,creation_and,9,10
2217,crowd_out,7,10
2218,current_population,10,10
2219,defined_by,10,10
2220,degrees_of,8,10
2221,demand_shocks,9,10
2222,derived_for,10,10
2223,description_of,9,10
2224,design_and,9,10
2225,develop_theory,10,10
2226,developed_in,10,10
2227,discussed_in,8,10
2228,distinguish_between,10,10
2229,drawn_from,10,10
2230,durable_goods,8,10
2231,each_other,9,10
2232,easy_to,10,10
2233,economy_and,10,10
2234,effects_we,10,10
2235,establish_the,10,10
2236,estimates_from,10,10
2237,estimates_suggest,10,10
2238,estimates_the,9,10
2239,estimation_and,9,10
2240,estimator_for,9,10
2241,estimators_for,9,10
2242,et_al,9,10
2243,evaluation_of,9,10
2244,evidence_against,10,10
2245,excess_returns,8,10
2246,explanation_is,8,10
2247,explanation_of,10,10
2248,explanatory_variables,7,10
2249,factor_productivity,9,10
2250,fails_to,9,10
2251,first_we,10,10
2252,for_more,10,10
2253,for_such,10,10
2254,for_testing,10,10
2255,functions_of,10,10
2256,gap_between,10,10
2257,give_rise,10,10
2258,goes_to,9,10
2259,habit_formation,5,10
2260,have_higher,9,10
2261,heterogeneity_and,10,10
2262,higher_in,10,10
2263,home_production,6,10
2264,hypothesis_is,9,10
2265,idea_is,10,10
2266,identification_and,10,10
2267,identified_set,6,10
2268,in_determining,10,10
2269,in_financial,10,10
2270,in_income,10,10
2271,in_panel,9,10
2272,in_productivity,9,10
2273,in_real,10,10
2274,in_support,9,10
2275,include_the,10,10
2276,increases_with,10,10
2277,increasing_in,10,10
2278,independence_of,7,10
2279,informed_about,8,10
2280,innovation_in,8,10
2281,insurance_and,8,10
2282,is_associated,10,10
2283,is_asymptotically,10,10
2284,is_better,10,10
2285,is_characterized,10,10
2286,is_driven,10,10
2287,is_high,10,10
2288,is_likely,10,10
2289,is_lower,9,10
2290,is_positively,10,10
2291,is_small,10,10
2292,job_creation,8,10
2293,low_and,9,10
2294,many_of,10,10
2295,matrix_of,9,10
2296,model_also,10,10
2297,money_and,10,10
2298,negative_effect,10,10
2299,new_and,10,10
2300,new_data,10,10
2301,no_longer,10,10
2302,obtained_in,10,10
2303,of_ambiguity,6,10
2304,of_and,10,10
2305,of_assets,8,10
2306,of_cross,10,10
2307,of_existing,10,10
2308,of_expected,10,10
2309,of_fiscal,9,10
2310,of_fixed,10,10
2311,of_how,10,10
2312,of_knowledge,8,10
2313,of_model,9,10
2314,of_national,8,10
2315,of_nature,9,10
2316,of_nominal,9,10
2317,of_product,10,10
2318,of_several,10,10
2319,of_specific,10,10
2320,of_unemployment,8,10
2321,of_unobserved,9,10
2322,of_workers',8,10
2323,on_and,9,10
2324,on_capital,9,10
2325,on_these,10,10
2326,on_two,10,10
2327,one_to,8,10
2328,or_to,10,10
2329,out_the,10,10
2330,outcome_is,9,10
2331,output_per,7,10
2332,outside_of,10,10
2333,paper_reports,10,10
2334,parameters_in,8,10
2335,pareto_efficient,9,10
2336,participation_in,9,10
2337,pass_through,6,10
2338,percent_increase,9,10
2339,permanent_income,9,10
2340,physical_capital,6,10
2341,precautionary_saving,6,10
2342,preferences_we,10,10
2343,present_evidence,9,10
2344,prevalence_of,10,10
2345,price_dispersion,6,10
2346,price_setting,6,10
2347,probability_that,9,10
2348,procedure_for,10,10
2349,product_of,9,10
2350,production_function,8,10
2351,propensity_to,8,10
2352,quality_and,10,10
2353,real_interest,7,10
2354,reducing_the,10,10
2355,reject_the,10,10
2356,restrictions_are,8,10
2357,resulting_in,10,10
2358,results_and,10,10
2359,results_imply,10,10
2360,reveals_that,10,10
2361,risk_of,10,10
2362,risk_preferences,7,10
2363,risk_premia,7,10
2364,same_as,10,10
2365,selection_and,10,10
2366,selection_in,9,10
2367,sense_of,10,10
2368,sensitivity_of,10,10
2369,shed_light,10,10
2370,shocks_in,10,10
2371,similar_results,10,10
2372,small_and,10,10
2373,so_as,10,10
2374,space_and,9,10
2375,special_cases,9,10
2376,spending_is,5,10
2377,standard_models,10,10
2378,state_space,7,10
2379,states_of,10,10
2380,strategies_in,10,10
2381,strategy_is,8,10
2382,structure_and,10,10
2383,study_how,10,10
2384,sufficient_condition,10,10
2385,take_the,10,10
2386,taxes_and,10,10
2387,test_is,8,10
2388,than_percent,9,10
2389,than_that,9,10
2390,than_their,10,10
2391,that_no,10,10
2392,that_social,10,10
2393,that_with,9,10
2394,the_auction,8,10
2395,the_continuous,9,10
2396,the_density,6,10
2397,the_differences,10,10
2398,the_equity,8,10
2399,the_exchange,6,10
2400,the_firms,9,10
2401,the_framework,10,10
2402,the_law,8,10
2403,the_notion,9,10
2404,the_output,10,10
2405,the_persistence,10,10
2406,the_point,10,10
2407,the_premium,7,10
2408,the_primary,10,10
2409,the_property,7,10
2410,the_quantitative,10,10
2411,the_severity,10,10
2412,the_shape,9,10
2413,the_share,8,10
2414,the_stochastic,10,10
2415,the_tax,8,10
2416,the_top,8,10
2417,the_traditional,10,10
2418,the_validity,10,10
2419,the_variables,9,10
2420,this_leads,10,10
2421,this_theory,10,10
2422,to_change,10,10
2423,to_infinity,10,10
2424,to_learn,10,10
2425,to_market,9,10
2426,to_model,10,10
2427,to_predict,9,10
2428,to_two,10,10
2429,total_factor,9,10
2430,treatment_effect,8,10
2431,treatment_of,10,10
2432,trends_in,10,10
2433,twice_as,10,10
2434,two_step,8,10
2435,understand_the,10,10
2436,unique_data,10,10
2437,value_is,10,10
2438,wages_of,9,10
2439,way_that,10,10
2440,way_to,10,10
2441,we_can,9,10
2442,we_give,10,10
2443,we_measure,9,10
2444,we_model,10,10
2445,we_obtain,10,10
2446,we_report,10,10
2447,weighted_average,7,10
2448,welfare_and,9,10
2449,welfare_gains,10,10
2450,whether_or,10,10
2451,widely_used,10,10
2452,with_large,10,10
2453,with_one,10,10
2454,with_their,9,10
2455,without_the,10,10
