phrase_idx,phrase,n_docs,total_count,zeta,direction
2336,participation_in,9,10,5.30648000632413,high_read
2243,evaluation_of,9,10,5.3062724619247,high_read
1837,social_capital,5,12,5.30075907121779,high_read
1918,at_age,5,11,5.30073617313788,high_read
1887,unique_equilibrium,12,12,-5.1002526586431,low_read
2120,the_unit,7,11,-5.09855419741385,low_read
2248,explanatory_variables,7,10,-5.09661897907745,low_read
1222,steady_states,8,16,-5.095238873354,low_read
2267,identified_set,6,10,-5.09420173154481,low_read
2303,of_ambiguity,6,10,-5.0910726740277,low_read
1294,find_no,15,15,2.75282967187176,high_read
1276,compare_the,15,15,2.75282967187162,high_read
885,of_substitution,14,20,-2.66384547028904,low_read
933,incentive_compatible,15,19,-2.6126778302889,low_read
1792,made_by,9,12,2.53000305386397,high_read
1815,panel_of,12,12,2.52807118497729,high_read
2121,their_private,9,11,2.4393361754408,high_read
2021,of_children,10,11,2.43933617544056,high_read
2040,paper_tests,11,11,2.43933600101065,high_read
2022,of_electoral,9,11,2.4393360010102,high_read
465,rational_expectations,23,31,-2.41487911036466,low_read
1296,first_best,11,15,-2.38173310906941,low_read
1301,if_and,14,15,-2.38080669270399,low_read
2300,new_data,10,10,2.33876064325665,high_read
2193,as_they,9,10,2.33876064325664,high_read
2436,unique_data,10,10,2.3387606432565,high_read
2383,study_how,10,10,2.33876064325649,high_read
2179,and_efficiency,10,10,2.3387606432564,high_read
2297,money_and,10,10,2.33876064325632,high_read
2376,spending_is,5,10,2.33848985972112,high_read
2259,habit_formation,5,10,2.33848985972073,high_read
1473,pure_strategy,13,14,-2.31131672098048,low_read
1521,where_is,12,14,-2.3106456450371,low_read
984,we_compare,19,19,2.2849866140796,high_read
1531,and_second,13,13,-2.23542891487628,low_read
1559,consumption_growth,8,13,-2.23484938754891,low_read
1643,risk_free,10,13,-2.23484900812852,low_read
1864,the_intertemporal,9,12,-2.15490577448186,low_read
1728,as_special,12,12,-2.15293980517042,low_read
1860,the_generalized,9,12,-2.15293980517038,low_read
1828,repeated_game,7,12,-2.1523393133204,low_read
1982,implementation_of,11,11,-2.06356301711876,low_read
2154,with_probability,8,11,-2.06304948301341,low_read
2139,unit_roots,7,11,-2.06242260158791,low_read
1972,given_by,11,11,-2.06222926550679,low_read
1971,functions_and,11,11,-2.06222926550678,low_read
1937,contracts_and,11,11,-2.06222926550677,low_read
1999,is_sufficient,11,11,-2.06222926550676,low_read
2060,provided_that,11,11,-2.06222926550674,low_read
1921,be_interpreted,11,11,-2.06222923384225,low_read
2029,of_nonparametric,9,11,-2.06222923384222,low_read
2058,productivity_shocks,8,11,-2.06209726807228,low_read
2080,sufficient_for,10,11,-2.06209724708721,low_read
2089,the_basic,9,11,-2.0620972470872,low_read
2143,utility_and,11,11,-2.06209724708719,low_read
1372,we_do,15,15,2.02818448860055,high_read
1340,risk_taking,8,15,2.0281260696106,high_read
865,equilibrium_the,19,20,-1.96194015410604,low_read
2375,special_cases,9,10,-1.96187920186016,low_read
2441,we_can,9,10,-1.96187919805587,low_read
2356,restrictions_are,8,10,-1.96187919805584,low_read
2295,matrix_of,9,10,-1.96187919805582,low_read
2306,of_cross,10,10,-1.96187919805579,low_read
2222,derived_for,10,10,-1.96187919805577,low_read
2379,states_of,10,10,-1.96187919805576,low_read
2334,parameters_in,8,10,-1.96187919805574,low_read
2207,condition_is,8,10,-1.96183949377141,low_read
2417,the_traditional,10,10,-1.96183949377138,low_read
2208,conditional_moment,8,10,-1.96183949377137,low_read
2258,goes_to,9,10,-1.96183949377136,low_read
2378,state_space,7,10,-1.96183949377136,low_read
2414,the_stochastic,10,10,-1.96183949377135,low_read
2280,innovation_in,8,10,-1.96183949377133,low_read
835,series_of,21,21,1.95114101709943,high_read
1517,using_panel,13,14,1.95113501182236,high_read
1455,no_evidence,14,14,1.95113501182232,high_read
1465,one_third,11,14,1.95113501182205,high_read
1536,application_to,13,13,1.86716099562595,high_read
1528,and_financial,12,13,1.86716042609025,high_read
1537,apply_to,12,13,1.86716042609018,high_read
1611,market_experience,7,13,1.86716042162081,high_read
992,and_only,17,18,-1.84925811307404,low_read
1017,interpreted_as,18,18,-1.849258113074,low_read
943,minimum_wage,6,19,1.83740040849761,high_read
1112,movements_in,15,17,-1.78729105830353,low_read
1140,serial_correlation,9,17,-1.7872850585404,low_read
475,by_percent,25,30,1.77488245985877,high_read
1797,micro_data,12,12,1.77488238916627,high_read
1851,the_amount,11,12,1.77488238916621,high_read
1878,they_do,12,12,1.7748823891662,high_read
1893,well_being,7,12,1.77488234369493,high_read
509,on_average,28,29,1.73527125093197,high_read
665,growth_rate,20,24,-1.72087085702941,low_read
683,the_limit,19,24,-1.72087085702939,low_read
1192,for_any,13,16,-1.72086476471368,low_read
1198,if_there,15,16,-1.72086476471365,low_read
1201,incentive_compatibility,10,16,-1.72086350289575,low_read
1091,factors_that,16,17,1.70790714748193,high_read
1119,of_political,17,17,1.70790714748173,high_read
467,sufficient_conditions,27,31,-1.68578187099977,low_read
424,to_percent,28,33,1.67254779513727,high_read
1945,economists_have,11,11,1.67254779510219,high_read
2114,the_question,9,11,1.67254779510212,high_read
1964,for_several,11,11,1.67254779510199,high_read
2127,to_do,11,11,1.67254779510188,high_read
1947,educational_attainment,7,11,1.67254779367582,high_read
2096,the_endowment,6,11,1.67254779367566,high_read
2081,survey_of,11,11,1.6725477931066,high_read
2123,this_period,10,11,1.67254779310643,high_read
2117,the_right,11,11,1.67254779310598,high_read
1939,declines_in,10,11,1.67254779287174,high_read
2101,the_minimum,8,11,1.67254779287171,high_read
1948,effectiveness_of,10,11,1.67254779287171,high_read
2063,real_exchange,7,11,1.67254779287165,high_read
335,cross_sectional,36,38,-1.66407969230732,low_read
338,risk_aversion,28,38,-1.66407484843065,low_read
478,for_all,26,30,-1.64932107212307,low_read
1362,to_capital,12,15,-1.64931909087117,low_read
1358,the_system,9,15,-1.64931909087113,low_read
1319,of_endogenous,14,15,-1.6493187104392,low_read
1316,nash_bargaining,6,15,-1.64931850372476,low_read
1224,survey_data,15,16,1.6358157938609,high_read
754,capital_accumulation,17,22,-1.62419512995649,low_read
600,suggesting_that,25,26,1.60537013862349,high_read
1481,sets_of,13,14,-1.57182812716739,low_read
1392,are_given,13,14,-1.57182803359373,low_read
1518,variables_and,13,14,-1.57182803359373,low_read
1390,are_considered,14,14,-1.57182803359368,low_read
1488,the_agent's,12,14,-1.57182803359364,low_read
2316,of_nominal,9,10,1.55779113946666,high_read
2286,is_driven,10,10,1.55779113946664,high_read
2234,effects_we,10,10,1.5577911394666,high_read
1315,money_supply,8,15,1.55779113946658,high_read
2178,and_earnings,9,10,1.55779113946655,high_read
2447,weighted_average,7,10,1.55779113946653,high_read
2198,by_examining,10,10,1.55779113946649,high_read
2385,take_the,10,10,1.55779113946646,high_read
2282,is_associated,10,10,1.55779113946645,high_read
2440,way_to,10,10,1.55779113946644,high_read
2205,common_value,7,10,1.5577911394631,high_read
2194,assigned_to,9,10,1.55779113946307,high_read
2246,explanation_is,8,10,1.55779113946301,high_read
2260,have_higher,9,10,1.55779113946299,high_read
2281,insurance_and,8,10,1.55779113946299,high_read
2185,and_those,10,10,1.55779113946298,high_read
2263,home_production,6,10,1.55779113946297,high_read
226,ex_ante,40,48,-1.54845786215751,low_read
185,ex_post,40,54,-1.53054093727594,low_read
561,equilibrium_with,22,27,-1.53054093727589,low_read
312,conditions_for,35,40,-1.51636593999776,low_read
602,the_cross,24,26,-1.48735967571232,low_read
585,asset_pricing,22,26,-1.48735965798065,low_read
1659,the_dynamics,11,13,-1.48735964941573,low_read
1647,shocks_are,13,13,-1.48735964941572,low_read
1696,we_extend,13,13,-1.48735964941571,low_read
1541,are_provided,13,13,-1.4873596494157,low_read
1607,labor_income,11,13,-1.4873596494157,low_read
1557,consists_of,13,13,-1.48735964538629,low_read
1594,idiosyncratic_shocks,10,13,-1.48735964528635,low_read
1679,time_varying,8,13,-1.48735964528632,low_read
1567,deviations_from,9,13,-1.48735964528632,low_read
1637,quantity_of,11,13,-1.4873596433468,low_read
1588,gains_in,10,13,-1.4873596433468,low_read
1538,are_analyzed,12,13,-1.48735964334679,low_read
1553,common_knowledge,9,13,-1.48735964236754,low_read
1472,provide_an,14,14,1.47280256388073,high_read
1432,in_new,10,14,1.4728025638784,high_read
912,are_derived,19,19,-1.45743423233385,low_read
953,social_welfare,17,19,-1.45743422838052,low_read
637,tax_rates,18,25,-1.44210881359658,low_read
453,equilibrium_in,31,31,-1.4327930908587,low_read
766,method_for,21,22,1.39891975251457,high_read
1805,of_general,12,12,-1.39458705276027,low_read
1004,dynamics_of,15,18,-1.39458705276025,low_read
1020,models_are,16,18,-1.39458705276023,low_read
1761,financial_market,10,12,-1.39458705228362,low_read
1734,be_estimated,10,12,-1.3945870522836,low_read
1833,sample_size,11,12,-1.3945870522836,low_read
1760,extend_the,12,12,-1.39458705228359,low_read
1895,which_in,12,12,-1.39458705228358,low_read
1714,and_no,11,12,-1.39458705228358,low_read
1753,direction_of,10,12,-1.39458705228358,low_read
1813,of_workers,11,12,-1.39458705228357,low_read
1819,policy_is,12,12,-1.39458705228357,low_read
1768,framework_that,12,12,-1.39458705228356,low_read
1804,of_firm,11,12,-1.39458705228355,low_read
1745,convergence_of,10,12,-1.39458705228351,low_read
1742,consumer_surplus,10,12,-1.39458705207129,low_read
1840,subgame_perfect,10,12,-1.39458705207128,low_read
1811,of_structural,9,12,-1.39458705207128,low_read
1543,are_similar,13,13,1.37952461144302,high_read
1548,by_changes,13,13,1.37952461144301,high_read
1603,is_higher,13,13,1.379524611443,high_read
1638,randomly_assigned,13,13,1.379524611443,high_read
1530,and_real,13,13,1.37952461144296,high_read
1622,of_consumer,11,13,1.37952461144295,high_read
1652,support_of,12,13,1.37952461144289,high_read
322,data_set,38,39,1.37952461144283,high_read
1698,were_not,13,13,1.37952461144274,high_read
1152,the_great,17,17,1.35471706547649,high_read
1158,the_timing,15,17,1.35471706547642,high_read
712,growth_and,21,23,-1.34456212332743,low_read
111,percent_of,62,75,1.3292529701335,high_read
1104,is_developed,17,17,-1.32728547833793,low_read
1165,utility_function,15,17,-1.32728547827343,low_read
1081,decisions_and,15,17,-1.32728547827342,low_read
1134,representative_agent,14,17,-1.32728547827341,low_read
396,interest_rate,17,34,-1.32728547827327,low_read
536,must_be,28,28,-1.31323518122427,low_read
772,of_each,20,22,-1.29176414182768,low_read
773,of_equilibrium,18,22,-1.29176414179406,low_read
2151,which_can,11,11,-1.29176414178068,low_read
2018,of_asset,10,11,-1.29176414178066,low_read
2130,to_price,10,11,-1.29176414178066,low_read
2061,random_walk,8,11,-1.29176414178065,low_read
2079,substitution_between,10,11,-1.29176414178064,low_read
1977,high_frequency,10,11,-1.29176414178063,low_read
2044,perfect_equilibrium,10,11,-1.29176414178063,low_read
1990,incomplete_markets,9,11,-1.29176414178062,low_read
2095,the_differential,10,11,-1.29176414178058,low_read
2030,of_parameters,8,11,-1.29176414178058,low_read
1920,be_characterized,11,11,-1.29176414178052,low_read
756,conditions_are,20,22,-1.29176414177514,low_read
2145,variables_the,11,11,-1.29176414177294,low_read
1946,economy_is,11,11,-1.2917641417729,low_read
755,choice_function,15,22,-1.29176414177287,low_read
1961,following_the,11,11,-1.29176414177206,low_read
1904,and_each,10,11,-1.29176414177203,low_read
2076,state_contingent,10,11,-1.29176414177201,low_read
2067,resulting_from,11,11,-1.29176414177201,low_read
1938,cost_and,10,11,-1.29176414177199,low_read
2020,of_beliefs,10,11,-1.29176414177199,low_read
1973,goods_are,11,11,-1.29176414177198,low_read
1932,competitive_equilibrium,9,11,-1.29176414177198,low_read
2118,the_scope,8,11,-1.29176414177172,low_read
1708,and_demand,10,12,1.27621252233852,high_read
1842,supply_and,10,12,1.27621252233852,high_read
1764,for_their,12,12,1.2762125223385,high_read
669,information_on,23,24,1.27621252233848,high_read
1829,responsible_for,11,12,1.27621252233845,high_read
1847,that_individuals,11,12,1.27621252233844,high_read
1809,of_percent,11,12,1.27621252233843,high_read
1816,percent_more,12,12,1.27621252233841,high_read
659,develop_model,24,24,1.2762125223384,high_read
1774,government_spending,8,12,1.27621252233838,high_read
1794,mechanism_is,7,12,1.27621252233834,high_read
1830,responsive_to,12,12,1.27621252233833,high_read
1211,percentage_points,14,16,1.27621252233833,high_read
1771,game_theory,10,12,1.27621252233831,high_read
903,the_program,15,20,1.27621252233829,high_read
1776,have_to,10,12,1.27621252233827,high_read
1793,majority_rule,8,12,1.27621252233825,high_read
869,if_they,20,20,1.27621252233824,high_read
858,behavior_in,19,20,1.27621252233823,high_read
131,general_equilibrium,58,65,-1.27349547038679,low_read
1190,estimator_of,14,16,-1.25487100507607,low_read
1207,of_choice,14,16,-1.25487100506588,low_read
374,after_the,32,35,1.2391602263612,high_read
827,preferences_and,21,21,-1.23587696871555,low_read
846,there_exists,20,21,-1.23587696871553,low_read
809,fixed_effects,17,21,-1.23587696871551,low_read
799,choice_functions,11,21,-1.23587696871541,low_read
472,to_study,31,31,1.23442717048516,high_read
583,we_document,24,27,1.2283075676761,high_read
732,than_those,21,23,1.22008738932624,high_read
973,those_with,15,19,1.20846051412488,high_read
914,are_less,19,19,1.20846051412479,high_read
1285,did_not,14,15,1.19075403260084,high_read
1350,the_best,13,15,1.1907540326008,high_read
1321,of_inflation,11,15,1.19075403260074,high_read
1336,quantify_the,14,15,1.19075403260073,high_read
1361,to_accept,14,15,1.19075403260072,high_read
1263,apply_the,15,15,1.1907540326007,high_read
1310,instead_of,15,15,1.19075403260065,high_read
1359,this_suggests,15,15,1.19075403260061,high_read
1337,rates_in,14,15,1.1907540326006,high_read
117,shown_that,66,70,-1.17652699709422,low_read
2255,functions_of,10,10,-1.17652699709362,low_read
2266,identification_and,10,10,-1.17652699709362,low_read
2319,of_specific,10,10,-1.17652699709361,low_read
2423,to_infinity,10,10,-1.17652699709359,low_read
2389,than_that,9,10,-1.17652699709358,low_read
2195,asymptotic_theory,8,10,-1.17652699709358,low_read
2163,aggregate_fluctuations,6,10,-1.17652699709358,low_read
2400,the_firms,9,10,-1.17652699709358,low_read
2232,easy_to,10,10,-1.17652699709357,low_read
2294,many_of,10,10,-1.17652699709357,low_read
2445,we_obtain,10,10,-1.17652699709357,low_read
2173,analyses_of,9,10,-1.17652699709356,low_read
2301,no_longer,10,10,-1.17652699709356,low_read
2365,selection_and,10,10,-1.17652699709356,low_read
1265,are_found,13,15,-1.17652699709356,low_read
2288,is_likely,10,10,-1.17652699709355,low_read
2252,for_more,10,10,-1.17652699709355,low_read
2239,estimation_and,9,10,-1.17652699709354,low_read
1266,assuming_that,15,15,-1.17652699709354,low_read
1279,correlation_of,11,15,-1.17652699709354,low_read
2349,product_of,9,10,-1.17652699709354,low_read
2413,the_share,8,10,-1.17652699709354,low_read
2409,the_property,7,10,-1.17652699709354,low_read
907,we_prove,16,20,-1.17652699709354,low_read
2245,excess_returns,8,10,-1.17652699709353,low_read
2315,of_nature,9,10,-1.17652699709353,low_read
1325,optimal_contract,12,15,-1.17652699709353,low_read
2209,consumers_are,8,10,-1.17652699709353,low_read
2350,production_function,8,10,-1.17652699709353,low_read
2224,design_and,9,10,-1.17652699709353,low_read
891,sequence_of,17,20,-1.17652699709353,low_read
2438,wages_of,9,10,-1.17652699709353,low_read
2167,an_arbitrary,8,10,-1.17652699709352,low_read
1343,solution_to,13,15,-1.17652699709351,low_read
2396,the_density,6,10,-1.17652699709351,low_read
889,price_and,18,20,-1.17652699709351,low_read
1332,preferences_over,14,15,-1.17652699709351,low_read
2377,standard_models,10,10,-1.1765269970935,low_read
1291,equilibria_are,14,15,-1.1765269970935,low_read
2395,the_continuous,9,10,-1.17652699709349,low_read
2172,an_overlapping,10,10,-1.17652699709347,low_read
2399,the_exchange,6,10,-1.17652699709347,low_read
2425,to_market,9,10,-1.17652699709347,low_read
354,the_government,27,37,1.17271774906511,high_read
46,long_run,79,114,-1.16582007797223,low_read
2093,the_country,10,11,1.16050429089024,high_read
2107,the_pattern,10,11,1.16050429089022,high_read
2046,persistence_of,11,11,1.16050429089022,high_read
2042,particularly_in,10,11,1.16050429089022,high_read
2003,makes_it,10,11,1.1605042908902,high_read
1995,is_costly,11,11,1.1605042908902,high_read
787,we_test,22,22,1.16050429089019,high_read
2043,percent_higher,11,11,1.16050429089019,high_read
2113,the_procedure,10,11,1.16050429089017,high_read
2126,to_compare,11,11,1.16050429089016,high_read
1957,find_strong,11,11,1.16050429089014,high_read
2092,the_correlation,8,11,1.16050429089012,high_read
2140,use_this,11,11,1.16050429089011,high_read
2035,of_them,11,11,1.16050429089011,high_read
2147,volume_of,9,11,1.16050429089011,high_read
1963,for_one,11,11,1.16050429089004,high_read
143,that_in,60,63,-1.13809313245351,low_read
1060,timing_of,17,18,1.13560587392102,high_read
193,using_data,54,54,1.13560587392094,high_read
675,of_dynamic,24,24,-1.12625706080928,low_read
639,the_benefits,24,25,1.12473632667007,high_read
641,the_last,24,25,1.12473632666984,high_read
446,their_own,30,32,1.11864466724278,high_read
949,overlapping_generations,18,19,-1.11326831971282,low_read
964,the_limiting,15,19,-1.11326831971281,low_read
986,with_low,17,19,-1.1132683197128,low_read
156,evidence_that,57,60,1.10852726020276,high_read
419,steady_state,26,33,-1.10388225352552,low_read
238,social_choice,17,47,-1.10010208231702,low_read
237,nash_equilibrium,29,47,-1.10010208231701,low_read
1407,composition_of,13,14,1.0970177355771,high_read
1415,explains_the,14,14,1.09701773557705,high_read
1503,the_rise,12,14,1.09701773557703,high_read
1409,discuss_the,14,14,1.09701773557695,high_read
1418,field_experiment,12,14,1.09701773557695,high_read
816,large_and,21,21,1.09701773557694,high_read
1449,model_using,14,14,1.09701773557692,high_read
1438,infinite_horizon,14,14,-1.09122361103886,low_read
551,unit_root,16,28,-1.09122361103884,low_read
1414,examples_of,14,14,-1.09122361103883,low_read
1519,variations_in,13,14,-1.09122361103882,low_read
1406,comparative_statics,13,14,-1.09122361103881,low_read
1417,family_of,12,14,-1.0912236110388,low_read
1423,found_in,13,14,-1.0912236110388,low_read
1459,of_growth,12,14,-1.09122361103879,low_read
1385,and_long,14,14,-1.09122361103878,low_read
663,evidence_suggests,24,24,1.06848491183639,high_read
135,we_examine,64,65,1.06543215051089,high_read
1065,about_their,16,17,1.05683307783055,high_read
1123,of_wages,13,17,1.05683307783045,high_read
1155,the_random,11,17,1.05683307783045,high_read
1161,to_changes,15,17,1.05683307783033,high_read
570,of_government,25,27,1.0465219415177,high_read
361,characterized_by,34,36,-1.04556277955634,low_read
364,instrumental_variables,27,36,-1.04556277955631,low_read
1046,the_elasticity,15,18,-1.04556277955631,low_read
187,models_with,47,54,-1.0455627795563,low_read
1034,principal_agent,17,18,-1.0455627795563,low_read
1064,well_known,18,18,-1.04556277955629,low_read
313,equilibrium_model,39,40,-1.02984981342487,low_read
862,dynamic_model,19,20,1.0290901034989,high_read
2362,risk_preferences,7,10,1.02909010349886,high_read
2446,we_report,10,10,1.02909010349886,high_read
2433,twice_as,10,10,1.02909010349885,high_read
2218,current_population,10,10,1.02909010349883,high_read
2443,we_measure,9,10,1.02909010349883,high_read
2165,also_discuss,10,10,1.02909010349882,high_read
2416,the_top,8,10,1.02909010349881,high_read
2369,shed_light,10,10,1.02909010349881,high_read
2304,of_and,10,10,1.0290901034988,high_read
2299,new_and,10,10,1.0290901034988,high_read
2348,procedure_for,10,10,1.0290901034988,high_read
2405,the_persistence,10,10,1.0290901034988,high_read
2309,of_fiscal,9,10,1.02909010349879,high_read
2227,discussed_in,8,10,1.02909010349878,high_read
2347,probability_that,9,10,1.02909010349878,high_read
2450,whether_or,10,10,1.02909010349878,high_read
2274,in_support,9,10,1.02909010349878,high_read
2394,the_auction,8,10,1.02909010349876,high_read
2251,first_we,10,10,1.02909010349875,high_read
2312,of_knowledge,8,10,1.02909010349875,high_read
2392,that_social,10,10,1.02909010349875,high_read
2257,give_rise,10,10,1.02909010349873,high_read
2351,propensity_to,8,10,1.02909010349873,high_read
2200,capital_to,9,10,1.02909010349873,high_read
2437,value_is,10,10,1.02909010349873,high_read
2338,percent_increase,9,10,1.02909010349872,high_read
2256,gap_between,10,10,1.02909010349871,high_read
2380,strategies_in,10,10,1.02909010349871,high_read
2408,the_primary,10,10,1.0290901034987,high_read
2199,capital_flows,7,10,1.02909010349869,high_read
2407,the_premium,7,10,1.02909010349869,high_read
2241,estimators_for,9,10,1.02909010349863,high_read
2366,selection_in,9,10,1.0290901034986,high_read
744,adjustment_costs,13,22,-1.01709291411167,low_read
80,data_from,87,89,1.01332863629103,high_read
160,examine_the,58,59,1.00535119059948,high_read
1560,contracts_are,11,13,-0.997636440551136,low_read
1651,sufficient_to,13,13,-0.997636440551135,low_read
1649,strength_of,13,13,-0.997636440551112,low_read
1602,is_derived,12,13,-0.997636440551109,low_read
1564,density_of,9,13,-0.997636440551101,low_read
1608,likelihood_estimator,10,13,-0.997636440551085,low_read
1551,can_have,12,13,-0.997636440551073,low_read
1587,from_this,13,13,-0.997636440551067,low_read
1626,of_some,13,13,-0.997636440551063,low_read
1597,in_several,13,13,-0.997636440551056,low_read
1658,the_direction,11,13,-0.997636440551054,low_read
1614,markets_in,12,13,-0.997636440551038,low_read
1591,has_an,13,13,-0.997636440551031,low_read
599,such_that,25,26,-0.99763644055103,low_read
1690,to_what,13,13,-0.99763644055101,low_read
615,values_of,21,26,-0.997636440550997,low_read
1526,an_exogenous,12,13,-0.997636440550973,low_read
1678,this_problem,13,13,0.993261171722214,high_read
1656,the_age,11,13,0.993261171722175,high_read
1569,difference_between,12,13,0.993261171722172,high_read
1676,third_of,12,13,0.993261171722133,high_read
1692,us_economy,12,13,0.993261171722122,high_read
1544,argued_that,13,13,0.99326117172212,high_read
1620,not_in,13,13,0.993261171722119,high_read
1677,this_prediction,13,13,0.993261171722118,high_read
1562,data_in,12,13,0.993261171722118,high_read
1550,can_account,13,13,0.993261171722109,high_read
1618,no_effect,13,13,0.993261171722108,high_read
1592,hours_worked,11,13,0.993261171722084,high_read
1630,particular_we,13,13,0.993261171722083,high_read
1697,we_observe,13,13,0.993261171722015,high_read
64,is_shown,89,99,-0.989053544179697,low_read
497,and_more,28,29,0.981019257396177,high_read
254,effects_on,43,45,0.977493138588412,high_read
1127,per_worker,10,17,-0.972752626504846,low_read
1077,concerning_the,17,17,-0.972752626504816,low_read
1089,extension_of,17,17,-0.972752626504812,low_read
1086,equity_premium,15,17,-0.972752626504808,low_read
1147,that_has,17,17,-0.972752626504802,low_read
1153,the_nash,13,17,-0.972752626504791,low_read
1146,that_all,16,17,-0.972752626504758,low_read
1084,equilibria_of,16,17,-0.972752626504755,low_read
1120,of_production,13,17,-0.972752626504744,low_read
436,is_no,31,32,0.971113804619111,high_read
427,also_find,32,32,0.971113804619031,high_read
1250,unemployment_insurance,8,16,0.971113804618917,high_read
1240,this_effect,16,16,0.971113804618902,high_read
1195,has_no,15,16,0.971113804618898,high_read
1231,the_higher,14,16,0.971113804618844,high_read
336,least_squares,30,38,-0.964313894134815,low_read
806,finite_sample,18,21,-0.957509592394797,low_read
823,of_preferences,18,21,-0.957509592394766,low_read
287,elasticity_of,34,42,-0.957509592394704,low_read
911,appears_to,19,19,0.956064350489556,high_read
243,estimation_of,36,46,-0.951906685690348,low_read
623,for_each,23,25,-0.947212732207291,low_read
643,the_social,23,25,-0.947212732207277,low_read
628,income_tax,17,25,-0.947212732207274,low_read
648,we_discuss,23,25,0.936920018019111,high_read
619,and_find,25,25,0.936920018018992,high_read
622,finally_we,25,25,0.936920018018989,high_read
545,the_federal,20,28,0.930454186973515,high_read
531,half_of,25,28,0.930454186973501,high_read
299,expected_utility,25,41,-0.926285077978579,low_read
466,role_in,31,31,0.925250504175199,high_read
451,are_used,29,31,0.9252505041751,high_read
311,accounts_for,38,40,0.914353406649237,high_read
1766,forward_looking,11,12,-0.894022226877653,low_read
1705,agents_to,11,12,-0.894022226877632,low_read
1767,framework_is,12,12,-0.894022226877631,low_read
1852,the_capital,11,12,-0.894022226877629,low_read
899,the_conditional,16,20,-0.894022226877626,low_read
1838,special_case,11,12,-0.894022226877624,low_read
521,allow_for,25,28,-0.894022226877624,low_read
1888,utility_functions,10,12,-0.894022226877621,low_read
1755,economies_with,11,12,-0.894022226877614,low_read
1763,for_individuals,12,12,-0.89402222687761,low_read
1729,attempts_to,12,12,-0.894022226877606,low_read
525,continuous_time,21,28,-0.8940222268776,low_read
1825,productivity_of,11,12,-0.894022226877599,low_read
541,possibility_of,28,28,-0.894022226877594,low_read
539,only_if,27,28,-0.894022226877588,low_read
1798,model_which,11,12,-0.894022226877584,low_read
1885,transaction_costs,9,12,-0.894022226877583,low_read
366,maximum_likelihood,32,36,-0.89402222687758,low_read
1709,and_estimation,12,12,-0.894022226877577,low_read
1890,view_of,11,12,-0.894022226877577,low_read
1782,in_previous,12,12,-0.894022226877574,low_read
693,to_one,17,24,-0.894022226877571,low_read
1715,and_provide,12,12,-0.894022226877562,low_read
1896,with_heterogeneous,12,12,-0.894022226877553,low_read
1856,the_efficient,11,12,-0.894022226877547,low_read
662,even_though,24,24,-0.894022226877547,low_read
1747,credit_constraints,8,12,-0.894022226877535,low_read
1871,the_proposed,11,12,-0.894022226877534,low_read
1889,value_added,7,12,-0.894022226877534,low_read
1839,structural_parameters,9,12,-0.894022226877525,low_read
1253,which_agents,15,16,-0.8940222268775,low_read
673,markets_and,21,24,-0.894022226877499,low_read
1168,an_extension,15,16,-0.894022226877497,low_read
1173,be_implemented,11,16,-0.89402222687749,low_read
1706,along_with,12,12,-0.894022226877488,low_read
1200,in_production,16,16,-0.894022226877483,low_read
1223,stock_returns,11,16,-0.894022226877481,low_read
1202,induced_by,16,16,-0.894022226877456,low_read
1712,and_income,11,12,-0.894022226877446,low_read
657,designed_to,24,24,0.877125789078929,high_read
1780,in_high,12,12,0.877125789078929,high_read
1868,the_need,12,12,0.877125789078918,high_read
1881,to_address,12,12,0.877125789078894,high_read
1711,and_have,12,12,0.877125789078876,high_read
1762,firms_in,11,12,0.877125789078874,high_read
1716,and_study,12,12,0.877125789078845,high_read
1801,of_child,10,12,0.877125789078827,high_read
830,prices_of,17,21,0.877125789078802,high_read
1787,is_often,12,12,0.877125789078767,high_read
1013,higher_than,18,18,0.877125789078738,high_read
993,and_use,18,18,0.877125789078734,high_read
1859,the_gains,11,12,0.877125789078719,high_read
1861,the_increased,12,12,0.877125789078688,high_read
1723,are_higher,12,12,0.877125789078652,high_read
1028,of_real,18,18,0.877125789078641,high_read
1345,tests_the,15,15,0.877125789078617,high_read
1293,evidence_from,15,15,0.87712578907861,high_read
1281,countries_we,14,15,0.8771257890786,high_read
1329,patterns_in,14,15,0.87712578907859,high_read
204,model_to,51,51,0.877125789078587,high_read
1363,to_invest,14,15,0.877125789078572,high_read
1292,errors_in,15,15,0.877125789078571,high_read
167,estimate_the,55,57,0.87712578907856,high_read
1269,away_from,15,15,0.877125789078557,high_read
1305,in_fact,15,15,0.877125789078557,high_read
566,in_these,26,27,0.877125789078553,high_read
1379,years_of,14,15,0.877125789078548,high_read
1781,in_labor,12,12,0.877125789078539,high_read
1048,the_estimator,13,18,0.877125789078533,high_read
831,problem_in,20,21,0.877125789078531,high_read
485,reduction_in,25,30,0.877125789078531,high_read
1308,in_time,15,15,0.87712578907853,high_read
1001,developing_countries,18,18,0.877125789078505,high_read
1360,those_who,11,15,0.87712578907849,high_read
1012,group_of,17,18,0.877125789078462,high_read
487,test_for,28,30,0.877125789078461,high_read
1270,because_they,15,15,0.877125789078438,high_read
1044,the_difference,18,18,0.877125789078426,high_read
363,from_to,33,36,0.877125789078402,high_read
1879,this_implies,12,12,0.87712578907833,high_read
13,find_that,286,310,0.867592974257246,high_read
236,in_terms,42,47,-0.866292895098251,low_read
571,of_time,26,27,-0.845990479911807,low_read
210,features_of,48,50,-0.842195554303426,low_read
710,found_to,21,23,-0.837749350506033,low_read
713,implied_by,23,23,-0.837749350505932,low_read
295,the_possibility,42,42,-0.832468417371159,low_read
428,and_we,30,32,0.831219596690809,high_read
504,in_response,28,29,0.826508218707844,high_read
498,benefits_of,27,29,0.826508218707784,high_read
922,derived_from,18,19,-0.826093236205107,low_read
958,the_assumption,16,19,-0.826093236205045,low_read
960,the_endogenous,16,19,-0.826093236205043,low_read
944,null_hypothesis,15,19,-0.826093236205033,low_read
726,of_public,20,23,0.813433740473363,high_read
741,who_are,20,23,0.813433740473271,high_read
10,we_find,308,341,0.808443742892923,high_read
1378,worse_off,14,15,-0.808343105138703,low_read
1298,function_and,14,15,-0.808343105138694,low_read
1376,with_many,14,15,-0.808343105138687,low_read
1267,assumption_of,13,15,-0.80834310513868,low_read
1349,the_authors,11,15,-0.808343105138668,low_read
1338,reduces_the,15,15,-0.808343105138666,low_read
1284,demonstrates_that,14,15,-0.808343105138454,low_read
879,members_of,18,20,0.80398673509273,high_read
896,test_the,20,20,0.803986735092628,high_read
168,information_about,52,57,0.800182259888426,high_read
607,the_predictions,22,26,-0.795463384657332,low_read
601,tests_of,23,26,-0.795463384657226,low_read
90,the_impact,81,85,0.791247241080408,high_read
1137,results_indicate,17,17,0.791247241080367,high_read
1128,price_changes,13,17,0.791247241080365,high_read
1075,be_more,17,17,0.791247241080345,high_read
1100,individuals_are,13,17,0.791247241080337,high_read
1144,test_scores,12,17,0.791247241080324,high_read
1066,an_application,17,17,0.791247241080319,high_read
1069,and_prices,17,17,0.791247241080302,high_read
1087,evidence_for,17,17,0.791247241080258,high_read
449,access_to,29,31,0.783053144971321,high_read
782,the_general,21,22,-0.778021203039091,low_read
770,of_both,19,22,-0.778021203039085,low_read
771,of_convergence,17,22,-0.77802120303908,low_read
777,policies_that,20,22,-0.778021203038996,low_read
745,agents_are,20,22,-0.778021203038989,low_read
130,the_set,52,66,-0.778021203038952,low_read
1485,than_to,14,14,0.773128881689437,high_read
1421,for_some,14,14,0.773128881689417,high_read
1433,in_output,12,14,0.773128881689411,high_read
1495,the_findings,14,14,0.773128881689374,high_read
1395,as_measured,12,14,0.773128881689369,high_read
1412,endowment_effect,6,14,0.77312888168936,high_read
1428,health_and,14,14,0.773128881689343,high_read
1471,present_model,14,14,0.773128881689342,high_read
552,we_introduce,28,28,0.773128881689337,high_read
1451,more_in,14,14,0.773128881689332,high_read
1403,caused_by,13,14,0.773128881689323,high_read
1399,before_and,13,14,0.773128881689269,high_read
1468,percent_and,14,14,0.773128881689218,high_read
1416,exposure_to,12,14,0.773128881689211,high_read
1514,to_these,14,14,0.7731288816892,high_read
1501,the_performance,12,14,0.773128881689189,high_read
149,where_the,55,62,-0.770747399825525,low_read
205,the_long,42,51,-0.769181641470795,low_read
508,of_such,28,29,-0.762498972703293,low_read
517,the_rate,27,29,-0.762498972703269,low_read
109,are_more,67,75,0.760861100451762,high_read
645,to_examine,25,25,0.760861100451623,high_read
650,would_have,23,25,0.760861100451528,high_read
629,is_due,23,25,0.760861100451304,high_read
621,feature_of,25,25,0.760861100451237,high_read
239,the_case,45,47,-0.758881552281973,low_read
1040,second_order,12,18,-0.753065624462098,low_read
1021,models_that,18,18,-0.753065624462075,low_read
1002,discount_factor,17,18,-0.753065624462073,low_read
990,and_capital,17,18,-0.753065624462067,low_read
1042,technical_change,13,18,-0.75306562446199,low_read
1031,or_more,18,18,-0.753065624461986,low_read
371,that_they,35,36,-0.753065624461978,low_read
1057,the_underlying,16,18,-0.753065624461909,low_read
1016,incomplete_information,18,18,-0.753065624461875,low_read
760,growth_is,18,22,0.74530721454716,high_read
780,risk_sharing,16,22,0.745307214547155,high_read
774,of_investment,18,22,0.745307214547113,high_read
649,we_establish,25,25,-0.742171743300298,low_read
626,in_general,24,25,-0.742171743300233,low_read
140,during_the,52,63,0.739153090900418,high_read
144,the_most,60,63,0.739153090900365,high_read
476,conclude_that,30,30,0.732395150492736,high_read
83,we_use,85,87,0.727508950771333,high_read
159,under_the,50,60,-0.725927079186759,low_read
916,assume_that,19,19,0.724939763519307,high_read
921,data_the,19,19,0.724939763519283,high_read
931,high_school,12,19,0.724939763519278,high_read
936,investment_in,19,19,0.724939763519257,high_read
913,are_important,17,19,0.724939763519236,high_read
962,the_job,15,19,0.72493976351922,high_read
937,is_estimated,17,19,0.724939763519173,high_read
113,rate_of,65,74,-0.723740550157785,low_read
246,the_cost,42,46,0.720085312149813,high_read
563,gains_from,26,27,0.716672843652399,high_read
567,incentives_to,21,27,0.716672843652329,high_read
582,to_analyze,26,27,0.716672843652254,high_read
389,the_true,25,35,-0.714392773902249,low_read
796,assumption_that,19,21,-0.714392773902228,low_read
221,even_when,48,49,-0.714392773902189,low_read
543,that_for,28,28,-0.714392773902174,low_read
798,business_cycles,18,21,-0.714392773902174,low_read
290,moral_hazard,29,42,-0.714392773902147,low_read
542,preferences_are,25,28,-0.714392773902146,low_read
523,case_of,27,28,-0.714392773902143,low_read
824,of_self,14,21,-0.714392773902117,low_read
550,trade_off,27,28,-0.714392773902092,low_read
388,the_period,32,35,0.712192396709676,high_read
271,are_consistent,43,43,0.709381689998066,high_read
40,we_study,121,123,0.70139457527212,high_read
661,estimate_that,23,24,0.697108045950066,high_read
433,focus_on,32,32,0.697108045950026,high_read
341,the_marginal,31,38,-0.696294636535753,low_read
333,and_an,38,38,-0.696294636535736,low_read
459,model_where,28,31,-0.692226877119584,low_read
63,data_on,97,101,0.691893911515166,high_read
154,we_investigate,60,61,0.688478402891763,high_read
100,the_equilibrium,65,79,-0.688320063737187,low_read
350,result_of,36,37,0.68289043624246,high_read
502,decision_making,25,29,0.678976894381199,high_read
495,amount_of,28,29,0.678976894381152,high_read
514,since_the,27,29,0.678976894381128,high_read
505,in_two,28,29,0.678976894380926,high_read
402,the_expected,30,34,-0.674124765804772,low_read
791,and_not,20,21,0.672090428226596,high_read
795,assess_the,21,21,0.672090428226565,high_read
792,and_percent,18,21,0.672090428226539,high_read
805,explore_the,21,21,0.67209042822653,high_read
826,pattern_of,20,21,0.672090428226463,high_read
800,choice_of,21,21,0.67209042822644,high_read
850,to_take,20,21,0.672090428226439,high_read
790,analyzes_the,21,21,0.672090428226335,high_read
817,less_likely,20,21,0.672090428226314,high_read
407,use_the,34,34,0.666225450897206,high_read
568,labor_force,16,27,-0.663793023287784,low_read
558,consumption_and,24,27,-0.663793023287778,low_read
579,the_individual,20,27,-0.663793023287776,low_read
596,short_term,18,26,0.656768006722292,high_read
614,to_measure,24,26,0.656768006721932,high_read
240,the_economy,42,47,-0.656345779072619,low_read
266,increases_in,40,44,0.649473886669356,high_read
456,incentive_to,25,31,0.646418609621651,high_read
482,or_the,29,30,-0.646327060907626,low_read
491,to_zero,27,30,-0.646327060907549,low_read
477,context_of,30,30,-0.646327060907545,low_read
488,the_context,30,30,-0.646327060907545,low_read
99,we_estimate,75,80,0.64473909161201,high_read
92,human_capital,56,83,-0.640671422375081,low_read
184,effect_on,53,54,0.638958845788434,high_read
84,if_the,77,86,-0.635421649247647,low_read
303,size_of,40,41,0.633326612576663,high_read
734,the_choice,22,23,0.628923555292225,high_read
743,world_war,16,23,0.628923555292213,high_read
736,the_early,21,23,0.628923555292168,high_read
727,our_findings,23,23,0.628923555292109,high_read
724,of_monetary,20,23,0.628923555292069,high_read
720,monte_carlo,23,23,-0.625976409414027,low_read
709,for_an,23,23,-0.625976409413996,low_read
723,of_international,19,23,-0.625976409413956,low_read
718,leading_to,23,23,-0.625976409413954,low_read
735,the_corresponding,23,23,-0.625976409413945,low_read
532,investment_and,25,28,0.622483680574782,high_read
360,and_other,36,36,-0.620351972888175,low_read
373,which_are,34,36,-0.620351972888162,low_read
146,analysis_of,59,62,-0.616186868433781,low_read
274,impact_on,41,43,0.612168107085166,high_read
277,out_of,33,43,0.612168107085064,high_read
328,subject_to,38,39,-0.610430753969068,low_read
606,the_high,21,26,-0.610430753969048,low_read
587,capital_and,25,26,-0.610430753969006,low_read
330,the_world,30,39,-0.610430753968956,low_read
134,terms_of,50,65,-0.610430753968946,low_read
96,study_the,83,83,0.602906927878188,high_read
489,the_evidence,30,30,0.592970379920106,high_read
624,growth_of,20,25,0.592970379920058,high_read
647,we_conclude,25,25,0.59297037991996,high_read
12,can_be,268,324,-0.591792050918985,low_read
230,of_labor,42,48,-0.588243562500512,low_read
139,time_series,50,64,-0.588243562500511,low_read
224,an_equilibrium,41,48,-0.588243562500416,low_read
68,impact_of,84,97,0.584483379363733,high_read
382,of_its,29,35,-0.580049210696644,low_read
77,theory_of,79,92,-0.575783700566153,low_read
289,less_than,40,42,0.573390340007464,high_read
342,the_use,31,38,-0.573167827216827,low_read
309,the_time,36,41,-0.567307125772074,low_read
86,estimates_of,72,85,-0.564691074554289,low_read
578,the_behavior,23,27,0.562543709810599,high_read
554,affected_by,26,27,0.562543709810588,high_read
575,sensitive_to,26,27,0.562543709810572,high_read
223,investigate_the,49,49,0.559448628735611,high_read
219,decline_in,40,49,0.559448628735354,high_read
108,and_that,72,75,-0.553990962065209,low_read
19,it_is,194,228,-0.55319478692648,low_read
172,and_are,55,56,-0.547514368640781,low_read
203,levels_of,46,51,0.544724936322442,high_read
408,we_apply,34,34,0.544724936321952,high_read
461,of_individual,29,31,-0.542302106292914,low_read
142,more_likely,56,63,0.540913873537923,high_read
250,to_estimate,42,46,0.539506069098911,high_read
405,the_likelihood,30,34,-0.538016818876201,low_read
398,model_the,34,34,-0.538016818876184,low_read
406,to_provide,32,34,-0.53801681887616,low_read
397,into_the,33,34,-0.538016818876129,low_read
401,short_run,29,34,-0.538016818876035,low_read
501,data_we,29,29,0.536448900052229,high_read
348,predictions_of,30,37,-0.534431382591618,low_read
353,the_asymptotic,28,37,-0.53443138259156,low_read
48,the_effects,99,113,0.527745948273659,high_read
225,evidence_of,40,48,0.524744276866496,high_read
198,the_analysis,48,52,-0.522740796342322,low_read
175,business_cycle,36,55,-0.521171468843189,low_read
127,level_of,61,67,0.519685089287513,high_read
128,more_than,66,67,0.519685089287429,high_read
152,shown_to,51,61,-0.5184978358198,low_read
462,paper_shows,31,31,0.513815074813662,high_read
468,the_current,28,31,0.513815074813503,high_read
458,measure_the,27,31,0.513815074813418,high_read
257,long_term,35,45,0.502178062540499,high_read
129,the_price,44,66,-0.494101461604631,low_read
417,productivity_growth,20,33,0.493991706566007,high_read
65,the_effect,91,99,0.49399170656599,high_read
425,to_test,32,33,0.493991706565903,high_read
418,share_of,28,33,0.49399170656588,high_read
314,the_hypothesis,36,40,0.490924405707624,high_read
28,set_of,123,155,-0.48455432706079,low_read
45,that_is,109,116,-0.481351199705556,low_read
384,paper_analyzes,35,35,0.476482670636989,high_read
286,driven_by,41,42,0.476482670636772,high_read
296,the_size,41,42,0.476482670636759,high_read
94,model_with,82,83,-0.476296500360943,low_read
165,the_second,49,58,0.466539951034093,high_read
26,consistent_with,150,160,0.465670606204667,high_read
202,is_more,50,51,0.465176318357005,high_read
262,applied_to,42,44,-0.46059992213934,low_read
67,are_not,86,97,0.45865681424432,high_read
308,the_principal,25,41,-0.458162636652774,low_read
158,the_us,56,60,0.457272143776215,high_read
118,cost_of,59,69,0.451435188447955,high_read
176,depend_on,52,55,0.445072564088646,high_read
33,we_also,135,142,0.444042476745758,high_read
71,we_develop,95,96,0.440502553687344,high_read
81,united_states,77,89,0.437679671963122,high_read
122,properties_of,65,69,-0.430318148393617,low_read
120,model_is,64,69,-0.43031814839358,low_read
97,rather_than,75,81,0.412628460955114,high_read
182,argue_that,53,54,0.412628460955106,high_read
145,they_are,57,63,0.412628460955097,high_read
183,between_and,46,54,0.412628460955058,high_read
57,as_well,99,105,-0.41052832534583,low_read
125,we_consider,67,68,-0.408102253735728,low_read
89,suggests_that,85,85,0.402157126308186,high_read
87,leads_to,79,85,0.402157126308076,high_read
101,the_distribution,66,78,0.395517782221473,high_read
38,increase_in,96,129,0.391940275839876,high_read
98,labor_market,60,80,0.390390416242098,high_read
51,due_to,97,111,0.388589523161194,high_read
78,well_as,87,92,-0.383280009233892,low_read
136,existence_of,54,64,-0.38036110651349,low_read
54,likely_to,90,106,0.379080517665434,high_read
112,we_propose,73,75,0.377071124267939,high_read
69,the_united,81,97,0.375973364178354,high_read
41,which_the,113,121,-0.362105188238171,low_read
95,private_information,52,83,0.359123511208978,high_read
36,the_paper,109,131,0.358390141367177,high_read
21,based_on,179,202,-0.35058375644885,low_read
23,effects_of,157,177,0.337430339735385,high_read
27,there_is,141,159,0.328946706928523,high_read
53,the_results,103,109,0.319079862935864,high_read
31,when_the,131,148,-0.299618975853981,low_read
52,of_an,94,111,-0.299618975853962,low_read
2,this_paper,714,746,0.276740925246967,high_read
37,distribution_of,104,130,-0.273470176241566,low_read
34,that_are,128,139,-0.257308122573933,low_read
20,from_the,212,224,0.24480724128607,high_read
6,and_the,437,505,-0.209614646296833,low_read
14,with_the,245,271,-0.185329431813576,low_read
9,in_which,307,349,-0.181339032268228,low_read
0,of_the,1104,2021,-0.159666674193846,low_read
8,show_that,384,445,0.133899916093106,high_read
1,in_the,930,1411,0,zero
3,on_the,453,585,0,zero
4,that_the,491,583,0,zero
5,to_the,434,548,0,zero
7,for_the,374,463,0,zero
11,we_show,305,340,0,zero
15,the_model,215,254,0,zero
16,model_of,240,246,0,zero
17,by_the,217,243,0,zero
18,to_be,219,243,0,zero
22,number_of,147,183,0,zero
24,in_this,160,166,0,zero
25,changes_in,127,160,0,zero
29,the_same,137,151,0,zero
30,as_the,133,149,0,zero
32,at_the,122,147,0,zero
35,effect_of,114,134,0,zero
39,is_that,113,124,0,zero
42,does_not,112,119,0,zero
43,of_this,113,117,0,zero
44,is_the,105,116,0,zero
47,such_as,104,113,0,zero
49,do_not,105,112,0,zero
50,may_be,108,112,0,zero
55,suggest_that,103,106,0,zero
56,the_data,88,106,0,zero
58,differences_in,76,104,0,zero
59,is_not,98,104,0,zero
60,in_an,97,102,0,zero
61,the_optimal,78,102,0,zero
62,used_to,94,102,0,zero
66,the_first,90,98,0,zero
70,between_the,89,96,0,zero
72,of_these,91,95,0,zero
73,over_the,87,95,0,zero
74,the_number,70,95,0,zero
75,class_of,82,94,0,zero
76,about_the,88,93,0,zero
79,the_market,72,90,0,zero
82,relative_to,79,88,0,zero
85,presence_of,78,86,0,zero
88,our_results,82,85,0,zero
91,the_presence,77,85,0,zero
93,model_in,82,83,0,zero
102,value_of,66,78,0,zero
103,associated_with,72,77,0,zero
104,shows_that,75,77,0,zero
105,the_theory,60,76,0,zero
106,we_analyze,74,76,0,zero
107,we_provide,73,76,0,zero
110,paper_examines,75,75,0,zero
114,and_in,68,71,0,zero
115,than_the,66,71,0,zero
116,variation_in,59,71,0,zero
119,in_particular,68,69,0,zero
121,models_of,60,69,0,zero
123,that_this,64,69,0,zero
124,we_present,67,69,0,zero
126,account_for,63,67,0,zero
132,lead_to,58,65,0,zero
133,over_time,61,65,0,zero
137,of_trade,44,64,0,zero
138,returns_to,48,64,0,zero
141,implications_of,61,63,0,zero
147,the_existence,53,62,0,zero
148,these_results,62,62,0,zero
150,and_to,60,61,0,zero
151,behavior_of,55,61,0,zero
153,the_role,59,61,0,zero
155,depends_on,60,60,0,zero
157,of_our,56,60,0,zero
161,in_contrast,57,59,0,zero
162,that_it,57,59,0,zero
163,analyze_the,56,58,0,zero
164,our_model,53,58,0,zero
166,the_two,54,58,0,zero
169,is_consistent,56,57,0,zero
170,paper_develops,57,57,0,zero
171,relationship_between,52,57,0,zero
173,paper_we,55,56,0,zero
174,role_of,54,56,0,zero
177,panel_data,51,55,0,zero
178,respect_to,44,55,0,zero
179,results_are,54,55,0,zero
180,use_of,47,55,0,zero
181,with_respect,44,55,0,zero
186,has_been,50,54,0,zero
188,of_their,51,54,0,zero
189,paper_presents,53,54,0,zero
190,paper_studies,54,54,0,zero
191,the_other,51,54,0,zero
192,there_are,54,54,0,zero
194,which_is,48,54,0,zero
195,costs_of,47,53,0,zero
196,in_their,46,53,0,zero
197,to_an,50,53,0,zero
199,the_empirical,48,52,0,zero
200,have_been,50,51,0,zero
201,in_our,50,51,0,zero
206,the_standard,47,51,0,zero
207,under_which,50,51,0,zero
208,and_is,47,50,0,zero
209,at_least,48,50,0,zero
211,form_of,47,50,0,zero
212,in_addition,50,50,0,zero
213,is_an,50,50,0,zero
214,response_to,46,50,0,zero
215,structure_of,46,50,0,zero
216,the_value,43,50,0,zero
217,with_an,48,50,0,zero
218,both_the,45,49,0,zero
220,demand_for,45,49,0,zero
222,indicate_that,47,49,0,zero
227,is_to,47,48,0,zero
228,model_that,48,48,0,zero
229,monetary_policy,35,48,0,zero
231,the_main,48,48,0,zero
232,to_which,47,48,0,zero
233,are_the,45,47,0,zero
234,but_not,46,47,0,zero
235,degree_of,40,47,0,zero
241,the_extent,44,47,0,zero
242,will_be,44,47,0,zero
244,is_also,46,46,0,zero
245,measures_of,42,46,0,zero
247,the_firm,32,46,0,zero
248,the_literature,42,46,0,zero
249,the_welfare,40,46,0,zero
251,to_have,40,46,0,zero
252,because_of,40,45,0,zero
253,but_the,45,45,0,zero
255,importance_of,44,45,0,zero
256,in_some,43,45,0,zero
258,we_characterize,42,45,0,zero
259,we_then,45,45,0,zero
260,according_to,37,44,0,zero
261,and_show,43,44,0,zero
263,be_used,40,44,0,zero
264,cannot_be,39,44,0,zero
265,implications_for,42,44,0,zero
267,rates_of,39,44,0,zero
268,show_how,41,44,0,zero
269,types_of,41,44,0,zero
270,an_important,43,43,0,zero
272,characterize_the,41,43,0,zero
273,function_of,40,43,0,zero
275,of_information,36,43,0,zero
276,of_social,35,43,0,zero
278,that_can,42,43,0,zero
279,the_labor,36,43,0,zero
280,the_observed,42,43,0,zero
281,the_relative,40,43,0,zero
282,us_to,41,43,0,zero
283,version_of,38,43,0,zero
284,allocation_of,34,42,0,zero
285,an_increase,32,42,0,zero
288,labor_supply,28,42,0,zero
291,of_capital,28,42,0,zero
292,result_is,42,42,0,zero
293,results_suggest,42,42,0,zero
294,that_there,41,42,0,zero
297,using_the,41,42,0,zero
298,as_an,40,41,0,zero
300,heterogeneity_in,37,41,0,zero
301,how_the,37,41,0,zero
302,prices_and,36,41,0,zero
304,some_of,40,41,0,zero
305,that_these,41,41,0,zero
306,the_growth,34,41,0,zero
307,the_new,34,41,0,zero
310,absence_of,39,40,0,zero
315,the_probability,35,40,0,zero
316,the_relationship,36,40,0,zero
317,the_resulting,40,40,0,zero
318,this_is,40,40,0,zero
319,within_the,38,40,0,zero
320,an_economy,31,39,0,zero
321,conditions_under,38,39,0,zero
323,examines_the,39,39,0,zero
324,exchange_rate,23,39,0,zero
325,hypothesis_that,37,39,0,zero
326,life_cycle,25,39,0,zero
327,one_of,38,39,0,zero
329,tend_to,38,39,0,zero
331,this_result,39,39,0,zero
332,to_explain,39,39,0,zero
334,approach_to,36,38,0,zero
337,not_only,37,38,0,zero
339,the_average,36,38,0,zero
340,the_level,35,38,0,zero
343,across_countries,30,37,0,zero
344,adverse_selection,26,37,0,zero
345,close_to,33,37,0,zero
346,explain_the,36,37,0,zero
347,paper_investigates,37,37,0,zero
349,rates_and,36,37,0,zero
351,results_in,36,37,0,zero
352,the_agent,24,37,0,zero
355,the_importance,36,37,0,zero
356,the_problem,37,37,0,zero
357,to_their,34,37,0,zero
358,variety_of,33,37,0,zero
359,we_derive,34,37,0,zero
362,empirical_evidence,35,36,0,zero
365,is_used,35,36,0,zero
367,of_economic,35,36,0,zero
368,of_income,31,36,0,zero
369,part_of,36,36,0,zero
370,per_capita,27,36,0,zero
372,the_absence,35,36,0,zero
375,and_for,35,35,0,zero
376,but_also,34,35,0,zero
377,for_this,35,35,0,zero
378,in_equilibrium,32,35,0,zero
379,in_many,34,35,0,zero
380,most_of,35,35,0,zero
381,of_interest,33,35,0,zero
383,of_new,32,35,0,zero
385,paper_provides,35,35,0,zero
386,related_to,32,35,0,zero
387,that_of,31,35,0,zero
390,we_argue,35,35,0,zero
391,characterization_of,32,34,0,zero
392,economy_with,24,34,0,zero
393,explained_by,33,34,0,zero
394,for_example,33,34,0,zero
395,imply_that,34,34,0,zero
399,of_price,29,34,0,zero
400,probability_of,31,34,0,zero
403,the_information,31,34,0,zero
404,the_initial,27,34,0,zero
409,when_there,30,34,0,zero
410,able_to,33,33,0,zero
411,also_show,33,33,0,zero
412,change_in,31,33,0,zero
413,data_and,33,33,0,zero
414,fraction_of,27,33,0,zero
415,goods_and,28,33,0,zero
416,of_financial,24,33,0,zero
420,studies_the,33,33,0,zero
421,that_if,31,33,0,zero
422,the_degree,28,33,0,zero
423,to_identify,33,33,0,zero
426,affect_the,32,32,0,zero
429,are_also,31,32,0,zero
430,conditional_on,31,32,0,zero
431,determinants_of,30,32,0,zero
432,even_if,32,32,0,zero
434,growth_in,28,32,0,zero
435,implies_that,32,32,0,zero
437,our_analysis,31,32,0,zero
438,paper_uses,32,32,0,zero
439,than_in,32,32,0,zero
440,the_allocation,28,32,0,zero
441,the_demand,30,32,0,zero
442,the_form,30,32,0,zero
443,the_game,29,32,0,zero
444,the_latter,32,32,0,zero
445,the_parameters,29,32,0,zero
447,while_the,32,32,0,zero
448,would_be,29,32,0,zero
450,and_their,30,31,0,zero
452,data_for,31,31,0,zero
454,evidence_on,29,31,0,zero
455,if_it,28,31,0,zero
457,interest_rates,25,31,0,zero
460,of_all,30,31,0,zero
463,parameters_of,28,31,0,zero
464,problem_of,30,31,0,zero
469,the_implications,31,31,0,zero
470,the_more,27,31,0,zero
471,the_state,28,31,0,zero
473,variance_of,27,31,0,zero
474,and_ii,28,30,0,zero
479,in_both,30,30,0,zero
480,international_trade,23,30,0,zero
481,measure_of,29,30,0,zero
483,price_of,21,30,0,zero
484,quality_of,26,30,0,zero
486,source_of,29,30,0,zero
490,this_model,30,30,0,zero
492,type_of,28,30,0,zero
493,whether_the,29,30,0,zero
494,ability_to,26,29,0,zero
496,and_its,29,29,0,zero
499,costs_and,27,29,0,zero
500,cross_country,23,29,0,zero
503,growth_model,28,29,0,zero
506,literature_on,25,29,0,zero
507,of_market,27,29,0,zero
510,range_of,28,29,0,zero
511,return_to,27,29,0,zero
512,shocks_to,28,29,0,zero
513,should_be,26,29,0,zero
515,stock_market,20,29,0,zero
516,the_policy,25,29,0,zero
518,this_article,29,29,0,zero
519,this_study,25,29,0,zero
520,used_in,26,29,0,zero
522,and_thus,27,28,0,zero
524,compared_to,26,28,0,zero
526,contrast_to,27,28,0,zero
527,correlated_with,24,28,0,zero
528,equilibria_in,23,28,0,zero
529,extent_to,27,28,0,zero
530,fact_that,28,28,0,zero
533,may_not,26,28,0,zero
534,method_of,28,28,0,zero
535,models_in,28,28,0,zero
537,of_agents,24,28,0,zero
538,of_high,24,28,0,zero
540,paper_considers,28,28,0,zero
544,the_estimated,24,28,0,zero
546,the_increase,23,28,0,zero
547,the_outcome,25,28,0,zero
548,the_sense,28,28,0,zero
549,to_this,28,28,0,zero
553,which_we,28,28,0,zero
555,and_on,27,27,0,zero
556,as_in,25,27,0,zero
557,by_an,26,27,0,zero
559,demonstrate_that,27,27,0,zero
560,determined_by,26,27,0,zero
562,estimator_is,22,27,0,zero
564,in_such,27,27,0,zero
565,in_that,26,27,0,zero
569,may_have,25,27,0,zero
572,of_two,26,27,0,zero
573,our_approach,24,27,0,zero
574,patterns_of,26,27,0,zero
576,support_for,26,27,0,zero
577,that_when,27,27,0,zero
580,the_quality,24,27,0,zero
581,those_of,26,27,0,zero
584,and_then,26,26,0,zero
586,behavior_is,25,26,0,zero
588,fluctuations_in,22,26,0,zero
589,function_is,24,26,0,zero
590,games_with,23,26,0,zero
591,generated_by,26,26,0,zero
592,independent_of,26,26,0,zero
593,of_demand,22,26,0,zero
594,performance_of,23,26,0,zero
595,results_for,24,26,0,zero
597,size_and,24,26,0,zero
598,so_that,25,26,0,zero
603,the_economic,25,26,0,zero
604,the_fact,26,26,0,zero
605,the_following,26,26,0,zero
608,the_real,20,26,0,zero
609,the_risk,22,26,0,zero
610,the_variance,22,26,0,zero
611,the_wage,22,26,0,zero
612,these_findings,25,26,0,zero
613,to_assess,26,26,0,zero
616,wages_and,25,26,0,zero
617,with_more,26,26,0,zero
618,allows_for,25,25,0,zero
620,economic_growth,22,25,0,zero
625,however_the,25,25,0,zero
627,income_and,24,25,0,zero
630,it_to,25,25,0,zero
631,model_and,25,25,0,zero
632,nature_of,25,25,0,zero
633,public_goods,21,25,0,zero
634,results_of,25,25,0,zero
635,robust_to,24,25,0,zero
636,subset_of,23,25,0,zero
638,that_have,24,25,0,zero
640,the_large,24,25,0,zero
642,the_null,17,25,0,zero
644,to_construct,24,25,0,zero
646,wage_inequality,14,25,0,zero
651,and_hence,21,24,0,zero
652,and_iii,24,24,0,zero
653,basis_of,24,24,0,zero
654,beliefs_about,22,24,0,zero
655,combination_of,24,24,0,zero
656,demand_and,24,24,0,zero
658,despite_the,24,24,0,zero
660,equilibrium_is,22,24,0,zero
664,evolution_of,23,24,0,zero
666,how_to,24,24,0,zero
667,identify_the,23,24,0,zero
668,information_and,23,24,0,zero
670,is_based,23,24,0,zero
671,labor_and,21,24,0,zero
672,level_data,23,24,0,zero
674,of_aggregate,22,24,0,zero
676,of_money,19,24,0,zero
677,our_main,23,24,0,zero
678,paper_is,24,24,0,zero
679,sample_of,24,24,0,zero
680,the_basis,24,24,0,zero
681,the_costs,23,24,0,zero
682,the_estimation,20,24,0,zero
684,the_nature,24,24,0,zero
685,the_past,24,24,0,zero
686,the_political,21,24,0,zero
687,the_population,18,24,0,zero
688,the_potential,22,24,0,zero
689,the_recent,23,24,0,zero
690,the_result,23,24,0,zero
691,the_sample,22,24,0,zero
692,the_structure,24,24,0,zero
694,to_those,23,24,0,zero
695,we_explore,23,24,0,zero
696,we_focus,24,24,0,zero
697,against_the,23,23,0,zero
698,all_of,21,23,0,zero
699,and_can,22,23,0,zero
700,and_of,21,23,0,zero
701,and_time,19,23,0,zero
702,as_result,22,23,0,zero
703,because_the,23,23,0,zero
704,effects_and,22,23,0,zero
705,estimating_the,18,23,0,zero
706,even_in,23,23,0,zero
707,financial_markets,18,23,0,zero
708,firms_to,20,23,0,zero
711,from_an,21,23,0,zero
714,in_all,22,23,0,zero
715,in_each,22,23,0,zero
716,including_the,23,23,0,zero
717,increases_the,21,23,0,zero
719,model_can,21,23,0,zero
721,of_consumption,20,23,0,zero
722,of_human,19,23,0,zero
725,of_private,21,23,0,zero
728,prices_are,21,23,0,zero
729,reductions_in,21,23,0,zero
730,rise_in,18,23,0,zero
731,similar_to,22,23,0,zero
733,that_an,23,23,0,zero
737,the_model's,21,23,0,zero
738,the_poor,18,23,0,zero
739,the_stock,17,23,0,zero
740,up_to,22,23,0,zero
742,with_high,23,23,0,zero
746,allows_us,21,22,0,zero
747,an_agent,18,22,0,zero
748,an_incentive,21,22,0,zero
749,and_how,20,22,0,zero
750,appear_to,21,22,0,zero
751,as_to,21,22,0,zero
752,aspects_of,22,22,0,zero
753,attempt_to,20,22,0,zero
757,consider_the,22,22,0,zero
758,exchange_rates,15,22,0,zero
759,for_which,20,22,0,zero
761,inconsistent_with,22,22,0,zero
762,increase_the,22,22,0,zero
763,is_possible,21,22,0,zero
764,it_has,22,22,0,zero
765,measured_by,20,22,0,zero
767,need_not,22,22,0,zero
768,not_be,22,22,0,zero
769,notion_of,22,22,0,zero
775,of_large,22,22,0,zero
776,on_an,22,22,0,zero
778,power_of,22,22,0,zero
779,rely_on,22,22,0,zero
781,the_design,18,22,0,zero
783,the_type,19,22,0,zero
784,to_account,21,22,0,zero
785,to_use,22,22,0,zero
786,we_demonstrate,22,22,0,zero
788,when_it,19,22,0,zero
789,with_different,21,22,0,zero
793,and_therefore,19,21,0,zero
794,are_likely,19,21,0,zero
797,asymmetric_information,20,21,0,zero
801,difference_in,18,21,0,zero
802,each_of,21,21,0,zero
803,effect_is,21,21,0,zero
804,explanation_for,21,21,0,zero
807,first_order,19,21,0,zero
808,fiscal_policy,18,21,0,zero
810,framework_for,21,21,0,zero
811,identification_of,18,21,0,zero
812,in_large,20,21,0,zero
813,in_us,21,21,0,zero
814,it_can,20,21,0,zero
815,lack_of,21,21,0,zero
818,magnitude_of,20,21,0,zero
819,model_for,21,21,0,zero
820,model_we,21,21,0,zero
821,models_we,20,21,0,zero
822,of_changes,19,21,0,zero
825,output_and,20,21,0,zero
828,price_discrimination,13,21,0,zero
829,prices_in,21,21,0,zero
832,rate_and,20,21,0,zero
833,respond_to,21,21,0,zero
834,sense_that,21,21,0,zero
836,state_of,20,21,0,zero
837,states_and,20,21,0,zero
838,tends_to,19,21,0,zero
839,that_allows,20,21,0,zero
840,the_decision,17,21,0,zero
841,the_majority,16,21,0,zero
842,the_models,19,21,0,zero
843,the_nonparametric,14,21,0,zero
844,the_short,20,21,0,zero
845,then_the,20,21,0,zero
847,time_and,20,21,0,zero
848,to_increase,21,21,0,zero
849,to_make,19,21,0,zero
851,to_trade,16,21,0,zero
852,we_identify,21,21,0,zero
853,among_the,20,20,0,zero
854,an_alternative,20,20,0,zero
855,an_empirical,20,20,0,zero
856,an_optimal,19,20,0,zero
857,and_trade,17,20,0,zero
859,can_explain,19,20,0,zero
860,countries_and,18,20,0,zero
861,data_to,20,20,0,zero
863,employment_and,17,20,0,zero
864,equilibrium_of,17,20,0,zero
866,extended_to,19,20,0,zero
867,for_both,20,20,0,zero
868,growth_rates,20,20,0,zero
870,in_developing,19,20,0,zero
871,in_order,19,20,0,zero
872,information_is,19,20,0,zero
873,investigates_the,20,20,0,zero
874,is_determined,19,20,0,zero
875,is_large,20,20,0,zero
876,it_does,19,20,0,zero
877,light_on,20,20,0,zero
878,market_for,17,20,0,zero
880,more_general,20,20,0,zero
881,of_long,19,20,0,zero
882,of_models,18,20,0,zero
883,of_moments,19,20,0,zero
884,of_risk,17,20,0,zero
886,only_on,19,20,0,zero
887,optimal_policy,14,20,0,zero
888,paper_proposes,20,20,0,zero
890,production_and,19,20,0,zero
892,showing_that,20,20,0,zero
893,social_security,15,20,0,zero
894,study_of,20,20,0,zero
895,support_the,20,20,0,zero
897,tests_for,17,20,0,zero
898,that_such,20,20,0,zero
900,the_dynamic,20,20,0,zero
901,the_maximum,18,20,0,zero
902,the_mean,16,20,0,zero
904,this_finding,20,20,0,zero
905,to_generate,20,20,0,zero
906,two_stage,17,20,0,zero
908,when_they,19,20,0,zero
909,across_the,19,19,0,zero
910,and_it,18,19,0,zero
915,argues_that,19,19,0,zero
917,component_of,17,19,0,zero
918,consequences_of,18,19,0,zero
919,cross_section,15,19,0,zero
920,cycle_model,17,19,0,zero
923,design_of,17,19,0,zero
924,effects_are,18,19,0,zero
925,efficiency_of,18,19,0,zero
926,estimate_of,15,19,0,zero
927,evaluate_the,18,19,0,zero
928,finding_is,18,19,0,zero
929,firm_level,15,19,0,zero
930,followed_by,19,19,0,zero
932,in_one,19,19,0,zero
934,into_account,18,19,0,zero
935,invest_in,16,19,0,zero
938,it_also,19,19,0,zero
939,labor_markets,14,19,0,zero
940,larger_than,19,19,0,zero
941,likelihood_ratio,16,19,0,zero
942,market_and,19,19,0,zero
945,of_local,17,19,0,zero
946,of_optimal,18,19,0,zero
947,of_state,17,19,0,zero
948,of_us,19,19,0,zero
950,possible_to,19,19,0,zero
951,provides_an,19,19,0,zero
952,results_to,19,19,0,zero
954,that_both,19,19,0,zero
955,that_were,17,19,0,zero
956,the_agents,15,19,0,zero
957,the_aggregate,18,19,0,zero
959,the_class,16,19,0,zero
961,the_income,17,19,0,zero
963,the_key,18,19,0,zero
965,the_magnitude,18,19,0,zero
966,the_private,18,19,0,zero
967,the_productivity,17,19,0,zero
968,the_solution,15,19,0,zero
969,the_test,13,19,0,zero
970,these_models,16,19,0,zero
971,these_two,19,19,0,zero
972,this_question,19,19,0,zero
974,through_the,16,19,0,zero
975,to_achieve,17,19,0,zero
976,to_evaluate,19,19,0,zero
977,to_obtain,19,19,0,zero
978,to_pay,18,19,0,zero
979,to_that,19,19,0,zero
980,trade_and,18,19,0,zero
981,trade_in,16,19,0,zero
982,volatility_of,17,19,0,zero
983,war_ii,14,19,0,zero
985,we_construct,19,19,0,zero
987,with_lower,18,19,0,zero
988,about_percent,15,18,0,zero
989,all_the,18,18,0,zero
991,and_labor,16,18,0,zero
994,apply_our,18,18,0,zero
995,are_shown,15,18,0,zero
996,central_bank,13,18,0,zero
997,contrary_to,18,18,0,zero
998,converges_to,15,18,0,zero
999,correlation_between,17,18,0,zero
1000,depending_on,18,18,0,zero
1003,distribution_is,15,18,0,zero
1005,enough_to,18,18,0,zero
1006,equal_to,16,18,0,zero
1007,equilibrium_and,17,18,0,zero
1008,find_evidence,17,18,0,zero
1009,findings_are,17,18,0,zero
1010,for_these,18,18,0,zero
1011,given_the,17,18,0,zero
1014,in_model,17,18,0,zero
1015,incentives_for,17,18,0,zero
1018,led_to,17,18,0,zero
1019,likelihood_of,16,18,0,zero
1022,models_the,17,18,0,zero
1023,more_productive,14,18,0,zero
1024,not_to,17,18,0,zero
1025,observed_in,18,18,0,zero
1026,of_firms,16,18,0,zero
1027,of_goods,14,18,0,zero
1029,of_which,17,18,0,zero
1030,on_their,18,18,0,zero
1032,order_to,17,18,0,zero
1033,outcome_of,18,18,0,zero
1035,process_of,17,18,0,zero
1036,productivity_and,17,18,0,zero
1037,rates_are,18,18,0,zero
1038,restrictions_on,18,18,0,zero
1039,rise_to,18,18,0,zero
1041,simple_model,18,18,0,zero
1043,technological_change,16,18,0,zero
1045,the_efficiency,14,18,0,zero
1047,the_estimates,18,18,0,zero
1049,the_evolution,17,18,0,zero
1050,the_existing,17,18,0,zero
1051,the_life,14,18,0,zero
1052,the_method,17,18,0,zero
1053,the_one,18,18,0,zero
1054,the_parameter,15,18,0,zero
1055,the_public,17,18,0,zero
1056,the_treatment,14,18,0,zero
1058,theory_to,16,18,0,zero
1059,they_have,16,18,0,zero
1061,to_reduce,17,18,0,zero
1062,to_show,18,18,0,zero
1063,we_exploit,18,18,0,zero
1067,and_by,17,17,0,zero
1068,and_employment,17,17,0,zero
1070,and_social,16,17,0,zero
1071,are_then,17,17,0,zero
1072,asset_prices,15,17,0,zero
1073,bargaining_power,15,17,0,zero
1074,be_explained,17,17,0,zero
1076,by_about,14,17,0,zero
1078,converge_to,15,17,0,zero
1079,could_be,15,17,0,zero
1080,data_are,16,17,0,zero
1082,dispersion_of,12,17,0,zero
1083,distributions_of,16,17,0,zero
1085,equilibrium_we,16,17,0,zero
1088,exploit_the,17,17,0,zero
1090,extent_of,17,17,0,zero
1092,for_large,17,17,0,zero
1093,health_insurance,12,17,0,zero
1094,ii_the,16,17,0,zero
1095,in_aggregate,16,17,0,zero
1096,in_any,17,17,0,zero
1097,in_life,10,17,0,zero
1098,in_more,16,17,0,zero
1099,income_is,14,17,0,zero
1101,information_in,17,17,0,zero
1102,interaction_between,17,17,0,zero
1103,interpretation_of,15,17,0,zero
1105,is_in,17,17,0,zero
1106,large_sample,16,17,0,zero
1107,life_expectancy,10,17,0,zero
1108,link_between,16,17,0,zero
1109,main_result,17,17,0,zero
1110,majority_of,17,17,0,zero
1111,models_and,16,17,0,zero
1113,much_of,17,17,0,zero
1114,not_necessarily,17,17,0,zero
1115,of_future,15,17,0,zero
1116,of_his,15,17,0,zero
1117,of_other,17,17,0,zero
1118,of_policy,16,17,0,zero
1121,of_schooling,13,17,0,zero
1122,of_stock,14,17,0,zero
1124,paper_also,17,17,0,zero
1125,paper_explores,17,17,0,zero
1126,paper_introduces,17,17,0,zero
1129,prior_to,17,17,0,zero
1130,property_rights,14,17,0,zero
1131,prove_that,14,17,0,zero
1132,provision_of,14,17,0,zero
1133,reduce_the,16,17,0,zero
1135,response_of,15,17,0,zero
1136,result_in,17,17,0,zero
1138,results_show,17,17,0,zero
1139,risk_averse,17,17,0,zero
1141,stock_prices,13,17,0,zero
1142,supply_of,15,17,0,zero
1143,test_of,15,17,0,zero
1145,tests_are,12,17,0,zero
1148,that_may,16,17,0,zero
1149,the_business,16,17,0,zero
1150,the_decline,15,17,0,zero
1151,the_future,15,17,0,zero
1154,the_process,14,17,0,zero
1156,the_return,17,17,0,zero
1157,the_returns,15,17,0,zero
1159,them_to,17,17,0,zero
1160,theory_for,15,17,0,zero
1162,to_choose,16,17,0,zero
1163,to_more,17,17,0,zero
1164,unobserved_heterogeneity,12,17,0,zero
1166,affects_the,16,16,0,zero
1167,allowing_for,16,16,0,zero
1169,and_growth,15,16,0,zero
1170,and_investment,14,16,0,zero
1171,and_market,16,16,0,zero
1172,assumed_to,14,16,0,zero
1174,because_it,16,16,0,zero
1175,behavior_and,15,16,0,zero
1176,better_than,13,16,0,zero
1177,can_also,14,16,0,zero
1178,choose_to,16,16,0,zero
1179,comparative_advantage,14,16,0,zero
1180,competition_and,15,16,0,zero
1181,condition_for,16,16,0,zero
1182,control_for,16,16,0,zero
1183,controlling_for,16,16,0,zero
1184,conventional_wisdom,14,16,0,zero
1185,decision_maker,14,16,0,zero
1186,decrease_in,13,16,0,zero
1187,economy_in,16,16,0,zero
1188,entry_and,13,16,0,zero
1189,equivalent_to,16,16,0,zero
1191,fail_to,16,16,0,zero
1193,for_most,16,16,0,zero
1194,game_with,14,16,0,zero
1196,has_the,15,16,0,zero
1197,have_the,16,16,0,zero
1199,in_dynamic,16,16,0,zero
1203,marginal_cost,12,16,0,zero
1204,market_with,13,16,0,zero
1205,markets_are,14,16,0,zero
1206,multiple_equilibria,14,16,0,zero
1208,of_different,14,16,0,zero
1209,of_whether,15,16,0,zero
1210,only_the,16,16,0,zero
1212,poor_countries,10,16,0,zero
1213,predicts_that,16,16,0,zero
1214,preference_for,12,16,0,zero
1215,price_level,10,16,0,zero
1216,public_good,9,16,0,zero
1217,ratio_of,15,16,0,zero
1218,reduced_form,12,16,0,zero
1219,repeated_games,13,16,0,zero
1220,shows_how,14,16,0,zero
1221,sources_of,15,16,0,zero
1225,that_under,16,16,0,zero
1226,that_would,15,16,0,zero
1227,the_conditions,16,16,0,zero
1228,the_determinants,16,16,0,zero
1229,the_entire,15,16,0,zero
1230,the_good,14,16,0,zero
1232,the_local,13,16,0,zero
1233,the_monetary,9,16,0,zero
1234,the_properties,16,16,0,zero
1235,the_unique,16,16,0,zero
1236,the_volatility,14,16,0,zero
1237,the_way,15,16,0,zero
1238,theory_in,16,16,0,zero
1239,this_class,14,16,0,zero
1241,thus_the,16,16,0,zero
1242,time_in,16,16,0,zero
1243,to_avoid,16,16,0,zero
1244,to_compute,16,16,0,zero
1245,to_explore,16,16,0,zero
1246,to_investigate,16,16,0,zero
1247,to_other,16,16,0,zero
1248,to_produce,13,16,0,zero
1249,two_person,12,16,0,zero
1251,used_by,16,16,0,zero
1252,versions_of,14,16,0,zero
1254,willingness_to,15,16,0,zero
1255,an_additional,15,15,0,zero
1256,an_efficient,12,15,0,zero
1257,and_aggregate,15,15,0,zero
1258,and_may,14,15,0,zero
1259,and_or,15,15,0,zero
1260,and_output,13,15,0,zero
1261,and_productivity,14,15,0,zero
1262,and_welfare,15,15,0,zero
1264,are_determined,14,15,0,zero
1268,asymptotic_normality,12,15,0,zero
1271,behavior_we,14,15,0,zero
1272,bounds_on,14,15,0,zero
1273,can_lead,15,15,0,zero
1274,capital_is,13,15,0,zero
1275,class_size,6,15,0,zero
1277,confidence_intervals,10,15,0,zero
1278,continuum_of,15,15,0,zero
1280,costs_in,15,15,0,zero
1282,data_sets,12,15,0,zero
1283,decisions_are,13,15,0,zero
1286,difficult_to,15,15,0,zero
1287,each_agent,12,15,0,zero
1288,earnings_and,12,15,0,zero
1289,economic_activity,12,15,0,zero
1290,economic_theory,15,15,0,zero
1295,firms_that,14,15,0,zero
1297,found_that,15,15,0,zero
1299,good_is,13,15,0,zero
1300,greater_than,15,15,0,zero
1302,important_for,15,15,0,zero
1303,important_role,15,15,0,zero
1304,in_explaining,14,15,0,zero
1306,in_other,15,15,0,zero
1307,in_recent,15,15,0,zero
1309,increasing_returns,11,15,0,zero
1311,is_applied,14,15,0,zero
1312,is_less,15,15,0,zero
1313,is_optimal,12,15,0,zero
1314,levels_and,15,15,0,zero
1317,of_competition,13,15,0,zero
1318,of_employment,14,15,0,zero
1320,of_individuals,13,15,0,zero
1322,of_productivity,13,15,0,zero
1323,of_strategic,12,15,0,zero
1324,only_in,14,15,0,zero
1326,or_not,14,15,0,zero
1327,our_estimates,15,15,0,zero
1328,paper_argues,15,15,0,zero
1330,period_of,14,15,0,zero
1331,predicted_by,15,15,0,zero
1333,problems_in,14,15,0,zero
1334,profits_and,14,15,0,zero
1335,proportion_of,14,15,0,zero
1339,regardless_of,14,15,0,zero
1341,same_time,13,15,0,zero
1342,set_is,14,15,0,zero
1344,stylized_facts,14,15,0,zero
1346,than_one,15,15,0,zero
1347,that_each,15,15,0,zero
1348,the_asset,13,15,0,zero
1351,the_consumption,15,15,0,zero
1352,the_highest,14,15,0,zero
1353,the_household,11,15,0,zero
1354,the_interaction,15,15,0,zero
1355,the_late,14,15,0,zero
1356,the_players,11,15,0,zero
1357,the_production,14,15,0,zero
1364,to_large,15,15,0,zero
1365,to_maximize,14,15,0,zero
1366,to_schooling,10,15,0,zero
1367,to_understand,15,15,0,zero
1368,together_with,14,15,0,zero
1369,trade_policy,12,15,0,zero
1370,using_an,15,15,0,zero
1371,validity_of,15,15,0,zero
1373,welfare_effects,13,15,0,zero
1374,willing_to,13,15,0,zero
1375,with_higher,15,15,0,zero
1377,with_two,15,15,0,zero
1380,accounting_for,13,14,0,zero
1381,adoption_of,12,14,0,zero
1382,advantage_of,14,14,0,zero
1383,and_economic,14,14,0,zero
1384,and_estimate,14,14,0,zero
1386,and_new,14,14,0,zero
1387,and_price,14,14,0,zero
1388,and_sufficient,13,14,0,zero
1389,are_associated,13,14,0,zero
1391,are_discussed,14,14,0,zero
1393,are_in,14,14,0,zero
1394,are_small,14,14,0,zero
1396,asymptotically_normal,14,14,0,zero
1397,attitudes_toward,10,14,0,zero
1398,be_the,13,14,0,zero
1400,before_the,13,14,0,zero
1401,bias_in,13,14,0,zero
1402,by_using,14,14,0,zero
1404,characteristics_of,13,14,0,zero
1405,combined_with,13,14,0,zero
1408,countries_with,13,14,0,zero
1410,document_that,13,14,0,zero
1411,empirical_results,14,14,0,zero
1413,estimators_of,12,14,0,zero
1419,findings_suggest,14,14,0,zero
1420,firms_and,14,14,0,zero
1422,forms_of,13,14,0,zero
1424,from_their,13,14,0,zero
1425,functions_that,12,14,0,zero
1426,games_in,14,14,0,zero
1427,have_an,13,14,0,zero
1429,illustrate_the,14,14,0,zero
1430,in_and,13,14,0,zero
1431,in_most,14,14,0,zero
1434,in_turn,14,14,0,zero
1435,in_wage,11,14,0,zero
1436,income_distribution,12,14,0,zero
1437,indicates_that,13,14,0,zero
1439,influenced_by,12,14,0,zero
1440,information_we,14,14,0,zero
1441,introduction_of,11,14,0,zero
1442,is_found,14,14,0,zero
1443,is_known,14,14,0,zero
1444,is_much,14,14,0,zero
1445,is_unique,13,14,0,zero
1446,it_may,13,14,0,zero
1447,lump_sum,10,14,0,zero
1448,marriage_market,10,14,0,zero
1450,moment_conditions,8,14,0,zero
1452,motivated_by,14,14,0,zero
1453,necessary_and,13,14,0,zero
1454,need_to,14,14,0,zero
1456,not_the,14,14,0,zero
1457,of_business,10,14,0,zero
1458,of_equilibria,11,14,0,zero
1460,of_output,13,14,0,zero
1461,of_return,13,14,0,zero
1462,of_uncertainty,12,14,0,zero
1463,of_wealth,12,14,0,zero
1464,on_how,14,14,0,zero
1466,our_theory,14,14,0,zero
1467,outcomes_in,12,14,0,zero
1469,policy_and,14,14,0,zero
1470,preferences_for,13,14,0,zero
1474,real_business,10,14,0,zero
1475,regression_discontinuity,13,14,0,zero
1476,responses_to,14,14,0,zero
1477,risk_and,14,14,0,zero
1478,savings_and,12,14,0,zero
1479,second_we,14,14,0,zero
1480,self_control,9,14,0,zero
1482,social_interactions,8,14,0,zero
1483,state_and,14,14,0,zero
1484,technology_and,14,14,0,zero
1486,that_our,14,14,0,zero
1487,that_people,11,14,0,zero
1489,the_approach,11,14,0,zero
1490,the_bootstrap,6,14,0,zero
1491,the_central,14,14,0,zero
1492,the_common,13,14,0,zero
1493,the_consequences,14,14,0,zero
1494,the_discount,13,14,0,zero
1496,the_finite,14,14,0,zero
1497,the_identification,11,14,0,zero
1498,the_industry,14,14,0,zero
1499,the_largest,14,14,0,zero
1500,the_least,12,14,0,zero
1502,the_postwar,14,14,0,zero
1504,the_structural,11,14,0,zero
1505,the_usual,13,14,0,zero
1506,the_variation,11,14,0,zero
1507,theory_and,14,14,0,zero
1508,theory_is,12,14,0,zero
1509,those_in,14,14,0,zero
1510,time_the,14,14,0,zero
1511,to_allow,14,14,0,zero
1512,to_control,13,14,0,zero
1513,to_some,14,14,0,zero
1515,upon_the,14,14,0,zero
1516,us_data,14,14,0,zero
1520,very_different,14,14,0,zero
1522,with_some,14,14,0,zero
1523,work_on,14,14,0,zero
1524,addition_to,13,13,0,zero
1525,addition_we,13,13,0,zero
1527,analysis_is,13,13,0,zero
1529,and_one,13,13,0,zero
1532,and_so,13,13,0,zero
1533,and_supply,13,13,0,zero
1534,and_they,13,13,0,zero
1535,and_two,13,13,0,zero
1539,are_based,13,13,0,zero
1540,are_no,13,13,0,zero
1542,are_relatively,9,13,0,zero
1545,arise_from,13,13,0,zero
1546,auctions_with,12,13,0,zero
1547,between_two,13,13,0,zero
1549,by_comparing,13,13,0,zero
1552,case_the,13,13,0,zero
1554,concept_of,11,13,0,zero
1555,conditions_that,13,13,0,zero
1556,conditions_the,12,13,0,zero
1558,constraints_on,12,13,0,zero
1561,costs_are,13,13,0,zero
1563,decisions_of,11,13,0,zero
1565,determines_the,13,13,0,zero
1566,develop_an,13,13,0,zero
1568,differ_in,13,13,0,zero
1570,each_period,12,13,0,zero
1571,each_player,10,13,0,zero
1572,early_in,10,13,0,zero
1573,education_and,12,13,0,zero
1574,empirical_analysis,13,13,0,zero
1575,empirical_work,13,13,0,zero
1576,engage_in,13,13,0,zero
1577,equilibria_and,13,13,0,zero
1578,estimated_using,13,13,0,zero
1579,estimates_are,13,13,0,zero
1580,favor_of,12,13,0,zero
1581,finds_that,13,13,0,zero
1582,firm_size,9,13,0,zero
1583,first_price,12,13,0,zero
1584,for_estimating,13,13,0,zero
1585,framework_to,12,13,0,zero
1586,free_trade,12,13,0,zero
1589,generalization_of,12,13,0,zero
1590,good_and,11,13,0,zero
1593,how_much,13,13,0,zero
1595,in_favor,12,13,0,zero
1596,in_part,13,13,0,zero
1598,individuals_who,13,13,0,zero
1599,inequality_and,11,13,0,zero
1600,inflation_and,10,13,0,zero
1601,is_at,12,13,0,zero
1604,is_provided,13,13,0,zero
1605,is_sufficiently,13,13,0,zero
1606,is_very,13,13,0,zero
1609,limiting_distribution,10,13,0,zero
1610,lower_than,12,13,0,zero
1612,market_power,11,13,0,zero
1613,market_the,13,13,0,zero
1615,measurement_error,9,13,0,zero
1616,model_based,12,13,0,zero
1617,neoclassical_growth,13,13,0,zero
1619,not_have,13,13,0,zero
1621,not_require,13,13,0,zero
1623,of_countries,12,13,0,zero
1624,of_one,13,13,0,zero
1625,of_simple,13,13,0,zero
1627,on_individual,11,13,0,zero
1628,other_hand,13,13,0,zero
1629,our_empirical,12,13,0,zero
1631,percent_for,10,13,0,zero
1632,point_of,13,13,0,zero
1633,political_economy,11,13,0,zero
1634,preferences_of,12,13,0,zero
1635,provide_conditions,13,13,0,zero
1636,provide_evidence,13,13,0,zero
1639,regarding_the,13,13,0,zero
1640,regression_model,11,13,0,zero
1641,relies_on,13,13,0,zero
1642,required_to,12,13,0,zero
1644,risk_neutral,12,13,0,zero
1645,sample_properties,11,13,0,zero
1646,shocks_and,13,13,0,zero
1648,some_cases,12,13,0,zero
1650,studies_of,13,13,0,zero
1653,that_optimal,12,13,0,zero
1654,the_1970s,10,13,0,zero
1655,the_ability,13,13,0,zero
1657,the_change,10,13,0,zero
1660,the_ex,11,13,0,zero
1661,the_financial,13,13,0,zero
1662,the_fraction,10,13,0,zero
1663,the_idea,13,13,0,zero
1664,the_introduction,10,13,0,zero
1665,the_investment,9,13,0,zero
1666,the_joint,13,13,0,zero
1667,the_learning,12,13,0,zero
1668,the_overall,13,13,0,zero
1669,the_response,11,13,0,zero
1670,the_seller,9,13,0,zero
1671,the_supply,13,13,0,zero
1672,the_threat,12,13,0,zero
1673,the_trade,11,13,0,zero
1674,theoretical_model,11,13,0,zero
1675,these_effects,12,13,0,zero
1680,to_derive,13,13,0,zero
1681,to_determine,13,13,0,zero
1682,to_distinguish,12,13,0,zero
1683,to_enter,12,13,0,zero
1684,to_higher,12,13,0,zero
1685,to_implement,13,13,0,zero
1686,to_its,12,13,0,zero
1687,to_match,11,13,0,zero
1688,to_new,12,13,0,zero
1689,to_us,13,13,0,zero
1691,understanding_of,12,13,0,zero
1693,values_and,12,13,0,zero
1694,view_that,13,13,0,zero
1695,we_call,13,13,0,zero
1699,whether_to,11,13,0,zero
1700,wide_range,13,13,0,zero
1701,wide_variety,12,13,0,zero
1702,with_data,13,13,0,zero
1703,workers_are,11,13,0,zero
1704,agent_is,11,12,0,zero
1707,an_economic,12,12,0,zero
1710,and_has,12,12,0,zero
1713,and_increasing,12,12,0,zero
1717,and_there,12,12,0,zero
1718,and_when,11,12,0,zero
1719,and_with,12,12,0,zero
1720,application_of,12,12,0,zero
1721,are_estimated,12,12,0,zero
1722,are_generally,11,12,0,zero
1724,are_of,11,12,0,zero
1725,are_often,12,12,0,zero
1726,are_robust,12,12,0,zero
1727,are_two,12,12,0,zero
1730,attributable_to,12,12,0,zero
1731,attributed_to,12,12,0,zero
1732,bargaining_game,9,12,0,zero
1733,be_consistent,12,12,0,zero
1735,become_more,12,12,0,zero
1736,by_their,12,12,0,zero
1737,can_generate,11,12,0,zero
1738,change_and,11,12,0,zero
1739,characterizes_the,12,12,0,zero
1740,closed_form,12,12,0,zero
1741,consistency_of,10,12,0,zero
1743,contracts_that,10,12,0,zero
1744,contrast_with,11,12,0,zero
1746,countries_in,11,12,0,zero
1748,cycle_models,10,12,0,zero
1749,debt_and,12,12,0,zero
1750,derive_the,11,12,0,zero
1751,determine_the,12,12,0,zero
1752,differences_between,12,12,0,zero
1754,discount_rates,8,12,0,zero
1756,efficiency_and,12,12,0,zero
1757,equilibrium_outcome,10,12,0,zero
1758,experiments_we,12,12,0,zero
1759,explain_why,12,12,0,zero
1765,for_those,10,12,0,zero
1769,from_trade,12,12,0,zero
1770,function_that,12,12,0,zero
1772,games_and,10,12,0,zero
1773,generalized_method,12,12,0,zero
1775,have_no,11,12,0,zero
1777,high_and,11,12,0,zero
1778,high_income,10,12,0,zero
1779,highlight_the,12,12,0,zero
1783,in_trade,9,12,0,zero
1784,investments_in,12,12,0,zero
1785,is_important,12,12,0,zero
1786,is_observed,12,12,0,zero
1788,is_robust,12,12,0,zero
1789,is_then,12,12,0,zero
1790,level_and,11,12,0,zero
1791,loss_aversion,8,12,0,zero
1795,method_to,11,12,0,zero
1796,methods_are,12,12,0,zero
1799,of_alternative,12,12,0,zero
1800,of_any,12,12,0,zero
1802,of_data,10,12,0,zero
1803,of_empirical,12,12,0,zero
1806,of_household,10,12,0,zero
1807,of_intertemporal,10,12,0,zero
1808,of_learning,10,12,0,zero
1810,of_potential,12,12,0,zero
1812,of_three,11,12,0,zero
1814,off_between,12,12,0,zero
1817,players_are,7,12,0,zero
1818,policy_in,12,12,0,zero
1820,positive_and,12,12,0,zero
1821,possibility_that,12,12,0,zero
1822,previous_studies,11,12,0,zero
1823,prices_to,11,12,0,zero
1824,process_and,12,12,0,zero
1826,propose_new,12,12,0,zero
1827,provide_new,12,12,0,zero
1831,returns_and,12,12,0,zero
1832,role_for,12,12,0,zero
1834,selection_of,12,12,0,zero
1835,side_of,11,12,0,zero
1836,smaller_than,12,12,0,zero
1841,such_an,11,12,0,zero
1843,system_of,12,12,0,zero
1844,tax_rate,11,12,0,zero
1845,tests_in,8,12,0,zero
1846,that_even,12,12,0,zero
1848,that_one,12,12,0,zero
1849,that_we,12,12,0,zero
1850,the_actual,11,12,0,zero
1853,the_classical,11,12,0,zero
1854,the_conventional,12,12,0,zero
1855,the_dispersion,10,12,0,zero
1857,the_experiment,11,12,0,zero
1858,the_experimental,12,12,0,zero
1862,the_index,6,12,0,zero
1863,the_interest,9,12,0,zero
1865,the_low,11,12,0,zero
1866,the_lowest,11,12,0,zero
1867,the_national,12,12,0,zero
1869,the_neoclassical,11,12,0,zero
1870,the_only,12,12,0,zero
1872,the_theoretical,12,12,0,zero
1873,the_total,11,12,0,zero
1874,the_view,12,12,0,zero
1875,then_show,12,12,0,zero
1876,theories_of,12,12,0,zero
1877,they_can,11,12,0,zero
1880,threat_of,11,12,0,zero
1882,to_education,10,12,0,zero
1883,trade_flows,7,12,0,zero
1884,trade_with,11,12,0,zero
1886,two_player,12,12,0,zero
1891,wages_in,9,12,0,zero
1892,we_are,12,12,0,zero
1894,what_is,12,12,0,zero
1897,workers_and,11,12,0,zero
1898,agents_in,11,11,0,zero
1899,aggregate_shocks,9,11,0,zero
1900,all_three,11,11,0,zero
1901,along_the,10,11,0,zero
1902,and_after,11,11,0,zero
1903,and_consumption,8,11,0,zero
1905,and_exit,9,11,0,zero
1906,and_if,11,11,0,zero
1907,and_low,11,11,0,zero
1908,and_policy,10,11,0,zero
1909,and_services,9,11,0,zero
1910,and_state,11,11,0,zero
1911,applications_of,10,11,0,zero
1912,are_able,11,11,0,zero
1913,are_at,11,11,0,zero
1914,are_independent,11,11,0,zero
1915,are_obtained,11,11,0,zero
1916,are_very,11,11,0,zero
1917,as_if,11,11,0,zero
1919,at_which,11,11,0,zero
1922,benefit_from,11,11,0,zero
1923,bilateral_trade,9,11,0,zero
1924,bound_for,8,11,0,zero
1925,but_are,11,11,0,zero
1926,buyers_and,7,11,0,zero
1927,by_estimating,11,11,0,zero
1928,by_showing,11,11,0,zero
1929,care_about,11,11,0,zero
1930,cases_the,10,11,0,zero
1931,choices_of,10,11,0,zero
1933,components_of,11,11,0,zero
1934,consequences_for,11,11,0,zero
1935,considers_the,11,11,0,zero
1936,consumption_of,9,11,0,zero
1940,developed_countries,8,11,0,zero
1941,develops_model,11,11,0,zero
1942,differences_across,10,11,0,zero
1943,distribution_and,11,11,0,zero
1944,doing_so,11,11,0,zero
1949,endogenous_variables,8,11,0,zero
1950,estimators_are,8,11,0,zero
1951,evidence_is,11,11,0,zero
1952,existing_literature,11,11,0,zero
1953,explores_the,11,11,0,zero
1954,fall_in,10,11,0,zero
1955,faster_than,11,11,0,zero
1956,federal_reserve,9,11,0,zero
1958,find_the,11,11,0,zero
1959,firms_are,9,11,0,zero
1960,firms_with,11,11,0,zero
1962,for_every,9,11,0,zero
1965,for_two,10,11,0,zero
1966,force_participation,9,11,0,zero
1967,foundation_for,10,11,0,zero
1968,frequency_of,10,11,0,zero
1969,from_one,11,11,0,zero
1970,from_two,11,11,0,zero
1974,have_more,11,11,0,zero
1975,have_private,11,11,0,zero
1976,help_to,11,11,0,zero
1978,how_this,10,11,0,zero
1979,however_we,11,11,0,zero
1980,iii_the,11,11,0,zero
1981,impacts_of,10,11,0,zero
1983,improvements_in,10,11,0,zero
1984,in_consumption,10,11,0,zero
1985,in_countries,8,11,0,zero
1986,in_different,11,11,0,zero
1987,in_economic,11,11,0,zero
1988,in_its,11,11,0,zero
1989,in_models,11,11,0,zero
1991,increasing_the,11,11,0,zero
1992,individual_level,11,11,0,zero
1993,individuals_with,10,11,0,zero
1994,investments_and,8,11,0,zero
1996,is_independent,11,11,0,zero
1997,is_presented,11,11,0,zero
1998,is_required,10,11,0,zero
2000,it_shows,11,11,0,zero
2001,large_number,11,11,0,zero
2002,literature_we,11,11,0,zero
2004,market_in,11,11,0,zero
2005,market_is,11,11,0,zero
2006,market_structure,10,11,0,zero
2007,markets_the,11,11,0,zero
2008,mechanism_design,11,11,0,zero
2009,method_is,8,11,0,zero
2010,methods_for,11,11,0,zero
2011,model_are,11,11,0,zero
2012,model_has,10,11,0,zero
2013,modeled_as,11,11,0,zero
2014,more_generally,11,11,0,zero
2015,more_of,10,11,0,zero
2016,much_more,11,11,0,zero
2017,new_results,10,11,0,zero
2019,of_behavior,10,11,0,zero
2023,of_exchange,9,11,0,zero
2024,of_games,10,11,0,zero
2025,of_households,10,11,0,zero
2026,of_low,11,11,0,zero
2027,of_many,11,11,0,zero
2028,of_multiple,11,11,0,zero
2031,of_players,9,11,0,zero
2032,of_prices,9,11,0,zero
2033,of_stable,8,11,0,zero
2034,of_that,11,11,0,zero
2036,of_unknown,10,11,0,zero
2037,on_its,10,11,0,zero
2038,only_small,11,11,0,zero
2039,outcomes_we,11,11,0,zero
2041,particular_the,11,11,0,zero
2045,periods_of,11,11,0,zero
2047,plant_level,10,11,0,zero
2048,point_to,10,11,0,zero
2049,policies_are,9,11,0,zero
2050,portion_of,11,11,0,zero
2051,price_auction,8,11,0,zero
2052,private_and,10,11,0,zero
2053,private_value,8,11,0,zero
2054,private_values,10,11,0,zero
2055,problem_and,10,11,0,zero
2056,production_of,10,11,0,zero
2057,productivity_in,11,11,0,zero
2059,prospect_theory,8,11,0,zero
2062,rates_for,10,11,0,zero
2064,real_wage,10,11,0,zero
2065,regularity_conditions,10,11,0,zero
2066,relation_between,11,11,0,zero
2068,results_from,11,11,0,zero
2069,revealed_preference,10,11,0,zero
2070,scale_economies,6,11,0,zero
2071,severity_of,11,11,0,zero
2072,single_crossing,7,11,0,zero
2073,size_distribution,10,11,0,zero
2074,skilled_workers,7,11,0,zero
2075,so_the,11,11,0,zero
2077,states_in,11,11,0,zero
2078,strong_evidence,11,11,0,zero
2082,test_statistics,10,11,0,zero
2083,tests_that,7,11,0,zero
2084,than_average,7,11,0,zero
2085,that_incorporates,11,11,0,zero
2086,that_most,11,11,0,zero
2087,the_1990s,11,11,0,zero
2088,the_american,8,11,0,zero
2090,the_bias,10,11,0,zero
2091,the_collective,8,11,0,zero
2094,the_development,10,11,0,zero
2097,the_fiscal,10,11,0,zero
2098,the_full,11,11,0,zero
2099,the_fundamental,10,11,0,zero
2100,the_international,10,11,0,zero
2102,the_money,9,11,0,zero
2103,the_net,11,11,0,zero
2104,the_next,9,11,0,zero
2105,the_original,9,11,0,zero
2106,the_parametric,7,11,0,zero
2108,the_payoff,11,11,0,zero
2109,the_positive,10,11,0,zero
2110,the_power,9,11,0,zero
2111,the_present,11,11,0,zero
2112,the_prices,9,11,0,zero
2115,the_ratio,10,11,0,zero
2116,the_reduced,6,11,0,zero
2119,the_strength,11,11,0,zero
2122,this_can,11,11,0,zero
2124,time_inconsistency,8,11,0,zero
2125,time_of,10,11,0,zero
2128,to_find,11,11,0,zero
2129,to_give,11,11,0,zero
2131,to_scale,8,11,0,zero
2132,to_standard,11,11,0,zero
2133,trade_is,10,11,0,zero
2134,treatment_effects,8,11,0,zero
2135,turns_out,11,11,0,zero
2136,two_types,11,11,0,zero
2137,unable_to,11,11,0,zero
2138,uncertainty_about,11,11,0,zero
2141,used_as,11,11,0,zero
2142,using_new,11,11,0,zero
2144,variables_are,10,11,0,zero
2146,viewed_as,11,11,0,zero
2148,wages_are,11,11,0,zero
2149,we_define,11,11,0,zero
2150,where_each,10,11,0,zero
2152,with_incomplete,11,11,0,zero
2153,with_positive,10,11,0,zero
2155,workers_in,8,11,0,zero
2156,accounted_for,10,10,0,zero
2157,accumulation_of,10,10,0,zero
2158,across_industries,8,10,0,zero
2159,across_states,8,10,0,zero
2160,actions_are,8,10,0,zero
2161,agents_have,8,10,0,zero
2162,agents_who,9,10,0,zero
2164,also_be,10,10,0,zero
2166,although_the,10,10,0,zero
2168,an_example,10,10,0,zero
2169,an_explanation,10,10,0,zero
2170,an_increasing,10,10,0,zero
2171,an_individual,9,10,0,zero
2174,and_also,10,10,0,zero
2175,and_asset,9,10,0,zero
2176,and_asymptotically,10,10,0,zero
2177,and_at,10,10,0,zero
2180,and_endogenous,10,10,0,zero
2181,and_high,9,10,0,zero
2182,and_information,10,10,0,zero
2183,and_less,10,10,0,zero
2184,and_small,10,10,0,zero
2186,and_wage,9,10,0,zero
2187,and_wages,10,10,0,zero
2188,approximated_by,10,10,0,zero
2189,are_examined,8,10,0,zero
2190,are_made,9,10,0,zero
2191,as_for,10,10,0,zero
2192,as_long,9,10,0,zero
2196,be_extended,10,10,0,zero
2197,below_the,10,10,0,zero
2201,causal_effect,9,10,0,zero
2202,cheap_talk,7,10,0,zero
2203,choice_and,9,10,0,zero
2204,commit_to,9,10,0,zero
2206,commonly_used,10,10,0,zero
2210,consumers_with,8,10,0,zero
2211,consumption_is,9,10,0,zero
2212,contribute_to,10,10,0,zero
2213,correlation_in,7,10,0,zero
2214,countries_the,10,10,0,zero
2215,covariance_matrix,8,10,0,zero
2216,creation_and,9,10,0,zero
2217,crowd_out,7,10,0,zero
2219,defined_by,10,10,0,zero
2220,degrees_of,8,10,0,zero
2221,demand_shocks,9,10,0,zero
2223,description_of,9,10,0,zero
2225,develop_theory,10,10,0,zero
2226,developed_in,10,10,0,zero
2228,distinguish_between,10,10,0,zero
2229,drawn_from,10,10,0,zero
2230,durable_goods,8,10,0,zero
2231,each_other,9,10,0,zero
2233,economy_and,10,10,0,zero
2235,establish_the,10,10,0,zero
2236,estimates_from,10,10,0,zero
2237,estimates_suggest,10,10,0,zero
2238,estimates_the,9,10,0,zero
2240,estimator_for,9,10,0,zero
2242,et_al,9,10,0,zero
2244,evidence_against,10,10,0,zero
2247,explanation_of,10,10,0,zero
2249,factor_productivity,9,10,0,zero
2250,fails_to,9,10,0,zero
2253,for_such,10,10,0,zero
2254,for_testing,10,10,0,zero
2261,heterogeneity_and,10,10,0,zero
2262,higher_in,10,10,0,zero
2264,hypothesis_is,9,10,0,zero
2265,idea_is,10,10,0,zero
2268,in_determining,10,10,0,zero
2269,in_financial,10,10,0,zero
2270,in_income,10,10,0,zero
2271,in_panel,9,10,0,zero
2272,in_productivity,9,10,0,zero
2273,in_real,10,10,0,zero
2275,include_the,10,10,0,zero
2276,increases_with,10,10,0,zero
2277,increasing_in,10,10,0,zero
2278,independence_of,7,10,0,zero
2279,informed_about,8,10,0,zero
2283,is_asymptotically,10,10,0,zero
2284,is_better,10,10,0,zero
2285,is_characterized,10,10,0,zero
2287,is_high,10,10,0,zero
2289,is_lower,9,10,0,zero
2290,is_positively,10,10,0,zero
2291,is_small,10,10,0,zero
2292,job_creation,8,10,0,zero
2293,low_and,9,10,0,zero
2296,model_also,10,10,0,zero
2298,negative_effect,10,10,0,zero
2302,obtained_in,10,10,0,zero
2305,of_assets,8,10,0,zero
2307,of_existing,10,10,0,zero
2308,of_expected,10,10,0,zero
2310,of_fixed,10,10,0,zero
2311,of_how,10,10,0,zero
2313,of_model,9,10,0,zero
2314,of_national,8,10,0,zero
2317,of_product,10,10,0,zero
2318,of_several,10,10,0,zero
2320,of_unemployment,8,10,0,zero
2321,of_unobserved,9,10,0,zero
2322,of_workers',8,10,0,zero
2323,on_and,9,10,0,zero
2324,on_capital,9,10,0,zero
2325,on_these,10,10,0,zero
2326,on_two,10,10,0,zero
2327,one_to,8,10,0,zero
2328,or_to,10,10,0,zero
2329,out_the,10,10,0,zero
2330,outcome_is,9,10,0,zero
2331,output_per,7,10,0,zero
2332,outside_of,10,10,0,zero
2333,paper_reports,10,10,0,zero
2335,pareto_efficient,9,10,0,zero
2337,pass_through,6,10,0,zero
2339,permanent_income,9,10,0,zero
2340,physical_capital,6,10,0,zero
2341,precautionary_saving,6,10,0,zero
2342,preferences_we,10,10,0,zero
2343,present_evidence,9,10,0,zero
2344,prevalence_of,10,10,0,zero
2345,price_dispersion,6,10,0,zero
2346,price_setting,6,10,0,zero
2352,quality_and,10,10,0,zero
2353,real_interest,7,10,0,zero
2354,reducing_the,10,10,0,zero
2355,reject_the,10,10,0,zero
2357,resulting_in,10,10,0,zero
2358,results_and,10,10,0,zero
2359,results_imply,10,10,0,zero
2360,reveals_that,10,10,0,zero
2361,risk_of,10,10,0,zero
2363,risk_premia,7,10,0,zero
2364,same_as,10,10,0,zero
2367,sense_of,10,10,0,zero
2368,sensitivity_of,10,10,0,zero
2370,shocks_in,10,10,0,zero
2371,similar_results,10,10,0,zero
2372,small_and,10,10,0,zero
2373,so_as,10,10,0,zero
2374,space_and,9,10,0,zero
2381,strategy_is,8,10,0,zero
2382,structure_and,10,10,0,zero
2384,sufficient_condition,10,10,0,zero
2386,taxes_and,10,10,0,zero
2387,test_is,8,10,0,zero
2388,than_percent,9,10,0,zero
2390,than_their,10,10,0,zero
2391,that_no,10,10,0,zero
2393,that_with,9,10,0,zero
2397,the_differences,10,10,0,zero
2398,the_equity,8,10,0,zero
2401,the_framework,10,10,0,zero
2402,the_law,8,10,0,zero
2403,the_notion,9,10,0,zero
2404,the_output,10,10,0,zero
2406,the_point,10,10,0,zero
2410,the_quantitative,10,10,0,zero
2411,the_severity,10,10,0,zero
2412,the_shape,9,10,0,zero
2415,the_tax,8,10,0,zero
2418,the_validity,10,10,0,zero
2419,the_variables,9,10,0,zero
2420,this_leads,10,10,0,zero
2421,this_theory,10,10,0,zero
2422,to_change,10,10,0,zero
2424,to_learn,10,10,0,zero
2426,to_model,10,10,0,zero
2427,to_predict,9,10,0,zero
2428,to_two,10,10,0,zero
2429,total_factor,9,10,0,zero
2430,treatment_effect,8,10,0,zero
2431,treatment_of,10,10,0,zero
2432,trends_in,10,10,0,zero
2434,two_step,8,10,0,zero
2435,understand_the,10,10,0,zero
2439,way_that,10,10,0,zero
2442,we_give,10,10,0,zero
2444,we_model,10,10,0,zero
2448,welfare_and,9,10,0,zero
2449,welfare_gains,10,10,0,zero
2451,widely_used,10,10,0,zero
2452,with_large,10,10,0,zero
2453,with_one,10,10,0,zero
2454,with_their,9,10,0,zero
2455,without_the,10,10,0,zero
